---
Oceania:
  Australia and New Zealand:
  - name: "Australia"
    iso3: "AUS"
    iso: "AU"
  - name: "New Zealand"
    iso3: "NZL"
    iso: "NZ"
  - name: "Norfolk Island"
    iso3: "NFK"
    iso: "NF"
  Melanesia:
  - name: "Fiji"
    iso3: "FJI"
    iso: "FJ"
  - name: "New Caledonia"
    iso3: "NCL"
    iso: "NC"
  - name: "Papua New Guinea"
    iso3: "PNG"
    iso: "PG"
  - name: "Solomon Islands"
    iso3: "SLB"
    iso: "SB"
  - name: "Vanuatu"
    iso3: "VUT"
    iso: "VU"
  Micronesia:
  - name: "Guam"
    iso3: "GUM"
    iso: "GU"
  - name: "Kiribati"
    iso3: "KIR"
    iso: "KI"
  - name: "Marshall Islands"
    iso3: "MHL"
    iso: "MH"
  - name: "Micronesia"
    iso3: "FSM"
    iso: "FM"
  - name: "Nauru"
    iso3: "NRU"
    iso: "NR"
  - name: "Northern Mariana Islands"
    iso3: "MNP"
    iso: "MP"
  - name: "Palau"
    iso3: "PLW"
    iso: "PW"
  Polynesia:
  - name: "American Samoa"
    iso3: "ASM"
    iso: "AS"
  - name: "Cook Islands"
    iso3: "COK"
    iso: "CK"
  - name: "French Polynesia"
    iso3: "PYF"
    iso: "PF"
  - name: "Niue"
    iso3: "NIU"
    iso: "NU"
  - name: "Pitcairn"
    iso3: "PCN"
    iso: "PN"
  - name: "Samoa"
    iso3: "WSM"
    iso: "WS"
  - name: "Tokelau"
    iso3: "TKL"
    iso: "TK"
  - name: "Tonga"
    iso3: "TON"
    iso: "TO"
  - name: "Tuvalu"
    iso3: "TUV"
    iso: "TV"
  - name: "Wallis and Futuna"
    iso3: "WLF"
    iso: "WF"
Europe:
  Eastern Europe:
  - name: "Belarus"
    iso3: "BLR"
    iso: "BY"
  - name: "Bulgaria"
    iso3: "BGR"
    iso: "BG"
  - name: "Czechia"
    iso3: "CZE"
    iso: "CZ"
  - name: "Hungary"
    iso3: "HUN"
    iso: "HU"
  - name: "Poland"
    iso3: "POL"
    iso: "PL"
  - name: "Moldova"
    iso3: "MDA"
    iso: "MD"
  - name: "Romania"
    iso3: "ROU"
    iso: "RO"
  - name: "Russia"
    iso3: "RUS"
    iso: "RU"
  - name: "Slovakia"
    iso3: "SVK"
    iso: "SK"
  - name: "Ukraine"
    iso3: "UKR"
    iso: "UA"
  Northern Europe:
  - name: "Aland Islands"
    iso3: "ALA"
    iso: "AX"
  - name: "Denmark"
    iso3: "DNK"
    iso: "DK"
  - name: "Estonia"
    iso3: "EST"
    iso: "EE"
  - name: "Faroe Islands"
    iso3: "FRO"
    iso: "FO"
  - name: "Finland"
    iso3: "FIN"
    iso: "FI"
  - name: "Guernsey"
    iso3: "GGY"
    iso: "GG"
  - name: "Iceland"
    iso3: "ISL"
    iso: "IS"
  - name: "Ireland"
    iso3: "IRL"
    iso: "IE"
  - name: "Isle of Man"
    iso3: "IMN"
    iso: "IM"
  - name: "Jersey"
    iso3: "JEY"
    iso: "JE"
  - name: "Latvia"
    iso3: "LVA"
    iso: "LV"
  - name: "Lithuania"
    iso3: "LTU"
    iso: "LT"
  - name: "Norway"
    iso3: "NOR"
    iso: "NO"
  - name: "Svalbard and Jan Mayen"
    iso3: "SJM"
    iso: "SJ"
  - name: "Sweden"
    iso3: "SWE"
    iso: "SE"
  - name: "United Kingdom"
    iso3: "GBR"
    iso: "GB"
  Southern Europe:
  - name: "Kosovo"
    iso3: "XKX"
    iso: "XK"
  - name: "Albania"
    iso3: "ALB"
    iso: "AL"
  - name: "Andorra"
    iso3: "AND"
    iso: "AD"
  - name: "Bosnia and Herzegovina"
    iso3: "BIH"
    iso: "BA"
  - name: "Croatia"
    iso3: "HRV"
    iso: "HR"
  - name: "Gibraltar"
    iso3: "GIB"
    iso: "GI"
  - name: "Greece"
    iso3: "GRC"
    iso: "GR"
  - name: "Vatican"
    iso3: "VAT"
    iso: "VA"
  - name: "Italy"
    iso3: "ITA"
    iso: "IT"
  - name: "Malta"
    iso3: "MLT"
    iso: "MT"
  - name: "Montenegro"
    iso3: "MNE"
    iso: "ME"
  - name: "Portugal"
    iso3: "PRT"
    iso: "PT"
  - name: "San Marino"
    iso3: "SMR"
    iso: "SM"
  - name: "Serbia"
    iso3: "SRB"
    iso: "RS"
  - name: "Slovenia"
    iso3: "SVN"
    iso: "SI"
  - name: "Spain"
    iso3: "ESP"
    iso: "ES"
  - name: "North Macedonia"
    iso3: "MKD"
    iso: "MK"
  Western Europe:
  - name: "Austria"
    iso3: "AUT"
    iso: "AT"
  - name: "Belgium"
    iso3: "BEL"
    iso: "BE"
  - name: "France"
    iso3: "FRA"
    iso: "FR"
  - name: "Germany"
    iso3: "DEU"
    iso: "DE"
  - name: "Liechtenstein"
    iso3: "LIE"
    iso: "LI"
  - name: "Luxembourg"
    iso3: "LUX"
    iso: "LU"
  - name: "Monaco"
    iso3: "MCO"
    iso: "MC"
  - name: "Netherlands"
    iso3: "NLD"
    iso: "NL"
  - name: "Switzerland"
    iso3: "CHE"
    iso: "CH"
Asia:
  Central Asia:
  - name: "Kazakhstan"
    iso3: "KAZ"
    iso: "KZ"
  - name: "Kyrgyzstan"
    iso3: "KGZ"
    iso: "KG"
  - name: "Tajikistan"
    iso3: "TJK"
    iso: "TJ"
  - name: "Turkmenistan"
    iso3: "TKM"
    iso: "TM"
  - name: "Uzbekistan"
    iso3: "UZB"
    iso: "UZ"
  Southern Asia:
  - name: "Afghanistan"
    iso3: "AFG"
    iso: "AF"
  - name: "Bangladesh"
    iso3: "BGD"
    iso: "BD"
  - name: "Bhutan"
    iso3: "BTN"
    iso: "BT"
  - name: "India"
    iso3: "IND"
    iso: "IN"
  - name: "Iran"
    iso3: "IRN"
    iso: "IR"
  - name: "Maldives"
    iso3: "MDV"
    iso: "MV"
  - name: "Nepal"
    iso3: "NPL"
    iso: "NP"
  - name: "Pakistan"
    iso3: "PAK"
    iso: "PK"
  - name: "Sri Lanka"
    iso3: "LKA"
    iso: "LK"
  Western Asia:
  - name: "Armenia"
    iso3: "ARM"
    iso: "AM"
  - name: "Azerbaijan"
    iso3: "AZE"
    iso: "AZ"
  - name: "Bahrain"
    iso3: "BHR"
    iso: "BH"
  - name: "Cyprus"
    iso3: "CYP"
    iso: "CY"
  - name: "Georgia"
    iso3: "GEO"
    iso: "GE"
  - name: "Iraq"
    iso3: "IRQ"
    iso: "IQ"
  - name: "Israel"
    iso3: "ISR"
    iso: "IL"
  - name: "Jordan"
    iso3: "JOR"
    iso: "JO"
  - name: "Kuwait"
    iso3: "KWT"
    iso: "KW"
  - name: "Lebanon"
    iso3: "LBN"
    iso: "LB"
  - name: "Oman"
    iso3: "OMN"
    iso: "OM"
  - name: "Qatar"
    iso3: "QAT"
    iso: "QA"
  - name: "Saudi Arabia"
    iso3: "SAU"
    iso: "SA"
  - name: "Palestinian Territory"
    iso3: "PSE"
    iso: "PS"
  - name: "Syria"
    iso3: "SYR"
    iso: "SY"
  - name: "Turkey"
    iso3: "TUR"
    iso: "TR"
  - name: "United Arab Emirates"
    iso3: "ARE"
    iso: "AE"
  - name: "Yemen"
    iso3: "YEM"
    iso: "YE"
  Eastern Asia:
  - name: "Taiwan"
    iso3: "TWN"
    iso: "TW"
  - name: "China"
    iso3: "CHN"
    iso: "CN"
  - name: "Hong Kong"
    iso3: "HKG"
    iso: "HK"
  - name: "Macao"
    iso3: "MAC"
    iso: "MO"
  - name: "North Korea"
    iso3: "PRK"
    iso: "KP"
  - name: "Japan"
    iso3: "JPN"
    iso: "JP"
  - name: "Mongolia"
    iso3: "MNG"
    iso: "MN"
  - name: "South Korea"
    iso3: "KOR"
    iso: "KR"
  South-Eastern Asia:
  - name: "Brunei"
    iso3: "BRN"
    iso: "BN"
  - name: "Cambodia"
    iso3: "KHM"
    iso: "KH"
  - name: "Indonesia"
    iso3: "IDN"
    iso: "ID"
  - name: "Laos"
    iso3: "LAO"
    iso: "LA"
  - name: "Malaysia"
    iso3: "MYS"
    iso: "MY"
  - name: "Myanmar"
    iso3: "MMR"
    iso: "MM"
  - name: "Philippines"
    iso3: "PHL"
    iso: "PH"
  - name: "Singapore"
    iso3: "SGP"
    iso: "SG"
  - name: "Thailand"
    iso3: "THA"
    iso: "TH"
  - name: "Timor Leste"
    iso3: "TLS"
    iso: "TL"
  - name: "Vietnam"
    iso3: "VNM"
    iso: "VN"
Americas:
  Caribbean:
  - name: "Netherlands Antilles"
    iso3: "ANT"
    iso: "AN"
  - name: "Anguilla"
    iso3: "AIA"
    iso: "AI"
  - name: "Antigua and Barbuda"
    iso3: "ATG"
    iso: "AG"
  - name: "Aruba"
    iso3: "ABW"
    iso: "AW"
  - name: "Bahamas"
    iso3: "BHS"
    iso: "BS"
  - name: "Barbados"
    iso3: "BRB"
    iso: "BB"
  - name: "Bonaire, Saint Eustatius and Saba"
    iso3: "BES"
    iso: "BQ"
  - name: "British Virgin Islands"
    iso3: "VGB"
    iso: "VG"
  - name: "Cayman Islands"
    iso3: "CYM"
    iso: "KY"
  - name: "Cuba"
    iso3: "CUB"
    iso: "CU"
  - name: "Curacao"
    iso3: "CUW"
    iso: "CW"
  - name: "Dominica"
    iso3: "DMA"
    iso: "DM"
  - name: "Dominican Republic"
    iso3: "DOM"
    iso: "DO"
  - name: "Grenada"
    iso3: "GRD"
    iso: "GD"
  - name: "Guadeloupe"
    iso3: "GLP"
    iso: "GP"
  - name: "Haiti"
    iso3: "HTI"
    iso: "HT"
  - name: "Jamaica"
    iso3: "JAM"
    iso: "JM"
  - name: "Martinique"
    iso3: "MTQ"
    iso: "MQ"
  - name: "Montserrat"
    iso3: "MSR"
    iso: "MS"
  - name: "Puerto Rico"
    iso3: "PRI"
    iso: "PR"
  - name: "Saint Barthelemy"
    iso3: "BLM"
    iso: "BL"
  - name: "Saint Kitts and Nevis"
    iso3: "KNA"
    iso: "KN"
  - name: "Saint Lucia"
    iso3: "LCA"
    iso: "LC"
  - name: "Saint Martin"
    iso3: "MAF"
    iso: "MF"
  - name: "Saint Vincent and the Grenadines"
    iso3: "VCT"
    iso: "VC"
  - name: "Sint Maarten"
    iso3: "SXM"
    iso: "SX"
  - name: "Trinidad and Tobago"
    iso3: "TTO"
    iso: "TT"
  - name: "Turks and Caicos Islands"
    iso3: "TCA"
    iso: "TC"
  - name: "U.S. Virgin Islands"
    iso3: "VIR"
    iso: "VI"
  Central America:
  - name: "Belize"
    iso3: "BLZ"
    iso: "BZ"
  - name: "Costa Rica"
    iso3: "CRI"
    iso: "CR"
  - name: "El Salvador"
    iso3: "SLV"
    iso: "SV"
  - name: "Guatemala"
    iso3: "GTM"
    iso: "GT"
  - name: "Honduras"
    iso3: "HND"
    iso: "HN"
  - name: "Mexico"
    iso3: "MEX"
    iso: "MX"
  - name: "Nicaragua"
    iso3: "NIC"
    iso: "NI"
  - name: "Panama"
    iso3: "PAN"
    iso: "PA"
  South America:
  - name: "Argentina"
    iso3: "ARG"
    iso: "AR"
  - name: "Bolivia"
    iso3: "BOL"
    iso: "BO"
  - name: "Brazil"
    iso3: "BRA"
    iso: "BR"
  - name: "Chile"
    iso3: "CHL"
    iso: "CL"
  - name: "Colombia"
    iso3: "COL"
    iso: "CO"
  - name: "Ecuador"
    iso3: "ECU"
    iso: "EC"
  - name: "Falkland Islands"
    iso3: "FLK"
    iso: "FK"
  - name: "French Guiana"
    iso3: "GUF"
    iso: "GF"
  - name: "Guyana"
    iso3: "GUY"
    iso: "GY"
  - name: "Paraguay"
    iso3: "PRY"
    iso: "PY"
  - name: "Peru"
    iso3: "PER"
    iso: "PE"
  - name: "Suriname"
    iso3: "SUR"
    iso: "SR"
  - name: "Uruguay"
    iso3: "URY"
    iso: "UY"
  - name: "Venezuela"
    iso3: "VEN"
    iso: "VE"
  Northern America:
  - name: "Bermuda"
    iso3: "BMU"
    iso: "BM"
  - name: "Canada"
    iso3: "CAN"
    iso: "CA"
  - name: "Greenland"
    iso3: "GRL"
    iso: "GL"
  - name: "Saint Pierre and Miquelon"
    iso3: "SPM"
    iso: "PM"
  - name: "United States"
    iso3: "USA"
    iso: "US"
Africa:
  Northern Africa:
  - name: "Algeria"
    iso3: "DZA"
    iso: "DZ"
  - name: "Egypt"
    iso3: "EGY"
    iso: "EG"
  - name: "Libya"
    iso3: "LBY"
    iso: "LY"
  - name: "Morocco"
    iso3: "MAR"
    iso: "MA"
  - name: "Sudan"
    iso3: "SDN"
    iso: "SD"
  - name: "Tunisia"
    iso3: "TUN"
    iso: "TN"
  - name: "Western Sahara"
    iso3: "ESH"
    iso: "EH"
  Western Africa:
  - name: "Benin"
    iso3: "BEN"
    iso: "BJ"
  - name: "Burkina Faso"
    iso3: "BFA"
    iso: "BF"
  - name: "Cabo Verde"
    iso3: "CPV"
    iso: "CV"
  - name: "Ivory Coast"
    iso3: "CIV"
    iso: "CI"
  - name: "Gambia"
    iso3: "GMB"
    iso: "GM"
  - name: "Ghana"
    iso3: "GHA"
    iso: "GH"
  - name: "Guinea"
    iso3: "GIN"
    iso: "GN"
  - name: "Guinea-Bissau"
    iso3: "GNB"
    iso: "GW"
  - name: "Liberia"
    iso3: "LBR"
    iso: "LR"
  - name: "Mali"
    iso3: "MLI"
    iso: "ML"
  - name: "Mauritania"
    iso3: "MRT"
    iso: "MR"
  - name: "Niger"
    iso3: "NER"
    iso: "NE"
  - name: "Nigeria"
    iso3: "NGA"
    iso: "NG"
  - name: "Saint Helena"
    iso3: "SHN"
    iso: "SH"
  - name: "Senegal"
    iso3: "SEN"
    iso: "SN"
  - name: "Sierra Leone"
    iso3: "SLE"
    iso: "SL"
  - name: "Togo"
    iso3: "TGO"
    iso: "TG"
  Southern Africa:
  - name: "Botswana"
    iso3: "BWA"
    iso: "BW"
  - name: "Lesotho"
    iso3: "LSO"
    iso: "LS"
  - name: "Namibia"
    iso3: "NAM"
    iso: "NA"
  - name: "South Africa"
    iso3: "ZAF"
    iso: "ZA"
  - name: "Eswatini"
    iso3: "SWZ"
    iso: "SZ"
  Middle Africa:
  - name: "Angola"
    iso3: "AGO"
    iso: "AO"
  - name: "Cameroon"
    iso3: "CMR"
    iso: "CM"
  - name: "Central African Republic"
    iso3: "CAF"
    iso: "CF"
  - name: "Chad"
    iso3: "TCD"
    iso: "TD"
  - name: "Republic of the Congo"
    iso3: "COG"
    iso: "CG"
  - name: "Democratic Republic of the Congo"
    iso3: "COD"
    iso: "CD"
  - name: "Equatorial Guinea"
    iso3: "GNQ"
    iso: "GQ"
  - name: "Gabon"
    iso3: "GAB"
    iso: "GA"
  - name: "Sao Tome and Principe"
    iso3: "STP"
    iso: "ST"
  Eastern Africa:
  - name: "Burundi"
    iso3: "BDI"
    iso: "BI"
  - name: "Comoros"
    iso3: "COM"
    iso: "KM"
  - name: "Djibouti"
    iso3: "DJI"
    iso: "DJ"
  - name: "Eritrea"
    iso3: "ERI"
    iso: "ER"
  - name: "Ethiopia"
    iso3: "ETH"
    iso: "ET"
  - name: "Kenya"
    iso3: "KEN"
    iso: "KE"
  - name: "Madagascar"
    iso3: "MDG"
    iso: "MG"
  - name: "Malawi"
    iso3: "MWI"
    iso: "MW"
  - name: "Mauritius"
    iso3: "MUS"
    iso: "MU"
  - name: "Mayotte"
    iso3: "MYT"
    iso: "YT"
  - name: "Mozambique"
    iso3: "MOZ"
    iso: "MZ"
  - name: "Reunion"
    iso3: "REU"
    iso: "RE"
  - name: "Rwanda"
    iso3: "RWA"
    iso: "RW"
  - name: "Seychelles"
    iso3: "SYC"
    iso: "SC"
  - name: "Somalia"
    iso3: "SOM"
    iso: "SO"
  - name: "South Sudan"
    iso3: "SSD"
    iso: "SS"
  - name: "Uganda"
    iso3: "UGA"
    iso: "UG"
  - name: "Tanzania"
    iso3: "TZA"
    iso: "TZ"
  - name: "Zambia"
    iso3: "ZMB"
    iso: "ZM"
  - name: "Zimbabwe"
    iso3: "ZWE"
    iso: "ZW"
