---
- name: "San Francisco-Oakland-San Jose CA"
- name: "New York NY"
- name: "Los Angeles CA"
- name: "Boston MA-Manchester NH"
- name: "Washington DC (Hagerstown MD)"
- name: "Chicago IL"
- name: "Houston TX"
- name: "Tampa-St. Petersburg (Sarasota) FL"
- name: "Dallas-Ft. Worth TX"
- name: "Atlanta GA"
- name: "Seattle-Tacoma WA"
- name: "Philadelphia PA"
- name: "Denver CO"
- name: "Austin TX"
- name: "Minneapolis-St. Paul MN"
- name: "San Diego CA"
- name: "Phoenix AZ"
- name: "Raleigh-Durham (Fayetteville) NC"
- name: "Detroit MI"
- name: "Portland OR"
- name: "Miami-Ft. Lauderdale FL"
- name: "Charlotte NC"
- name: "Baltimore MD"
- name: "Sacramento-Stockton-Modesto CA"
- name: "Salt Lake City UT"
- name: "Wichita-Hutchinson KS"
- name: "San Antonio TX"
- name: "Orlando-Daytona Beach-Melbourne FL"
- name: "Hartford & New Haven CT"
- name: "Columbus OH"
- name: "Pittsburgh PA"
- name: "St. Louis MO"
- name: "Kansas City MO"
- name: "Cleveland-Akron (Canton) OH"
- name: "Indianapolis IN"
- name: "Nashville TN"
- name: "Milwaukee WI"
- name: "Providence RI-New Bedford MA"
- name: "Cincinnati OH"
- name: "Waco-Temple-Bryan TX"
- name: "Jacksonville FL"
- name: "Las Vegas NV"
- name: "Cedar Rapids-Waterloo-Iowa City & Dubuque IA"
- name: "Oklahoma City OK"
- name: "Honolulu HI"
- name: "Greenville-Spartanburg SC-Asheville NC-Anderson SC"
- name: "Omaha NE"
- name: "West Palm Beach-Ft. Pierce FL"
- name: "Norfolk-Portsmouth-Newport News VA"
- name: "Louisville KY"
- name: "Rochester NY"
- name: "Dayton OH"
- name: "Madison WI"
- name: "Albuquerque-Santa Fe NM"
- name: "Little Rock-Pine Bluff AR"
- name: "Colorado Springs-Pueblo CO"
- name: "Memphis TN"
- name: "Birmingham AL"
- name: "Syracuse NY"
- name: "Reno NV"
- name: "Monterey-Salinas CA"
- name: "Albany-Schenectady-Troy NY"
- name: "Fresno-Visalia CA"
- name: "Chattanooga TN"
- name: "Des Moines-Ames IA"
- name: "New Orleans LA"
- name: "Buffalo NY"
- name: "Greensboro-High Point-Winston Salem NC"
- name: "Harrisburg-Lancaster-Lebanon-York PA"
- name: "Champaign & Springfield-Decatur IL"
- name: "Grand Rapids-Kalamazoo-Battle Creek MI"
- name: "Richmond-Petersburg VA"
- name: "Burlington VT-Plattsburgh NY"
- name: "Santa Barbara-Santa Maria-San Luis Obispo CA"
- name: "Knoxville TN"
- name: "Tulsa OK"
- name: "Boise ID"
- name: "Mobile AL-Pensacola (Ft. Walton Beach) FL"
- name: "Bowling Green KY"
- name: "Ft. Myers-Naples FL"
- name: "South Bend-Elkhart IN"
- name: "Wilkes Barre-Scranton PA"
- name: "Portland-Auburn ME"
- name: "Huntsville-Decatur (Florence) AL"
- name: "Charleston SC"
- name: "Toledo OH"
- name: "Ft. Smith-Fayetteville-Springdale-Rogers AR"
- name: "Peoria-Bloomington IL"
- name: "Lexington KY"
- name: "Springfield-Holyoke MA"
- name: "Tucson (Sierra Vista) AZ"
- name: "Roanoke-Lynchburg VA"
- name: "Columbus-Tupelo-West Point MS"
- name: "Charlottesville VA"
- name: "Columbia SC"
- name: "Spokane WA"
- name: "Yakima-Pasco-Richland-Kennewick WA"
- name: "Lafayette IN"
- name: "Johnstown-Altoona PA"
- name: "Columbia-Jefferson City MO"
- name: "Green Bay-Appleton WI"
- name: "Eugene OR"
- name: "El Paso TX"
- name: "Medford-Klamath Falls OR"
- name: "Evansville IN"
- name: "Lansing MI"
- name: "Charleston-Huntington WV"
- name: "Davenport IA-Rock Island-Moline IL"
- name: "La Crosse-Eau Claire WI"
- name: "Ft. Wayne IN"
- name: "Flint-Saginaw-Bay City MI"
- name: "Lincoln & Hastings-Kearney NE"
- name: "Springfield MO"
- name: "Tallahassee FL-Thomasville GA"
- name: "Harlingen-Weslaco-Brownsville-McAllen TX"
- name: "Gainesville FL"
- name: "Augusta GA"
- name: "Paducah KY-Cape Girardeau MO-Harrisburg-Mount Vernon IL"
- name: "Topeka KS"
- name: "Rochester MN-Mason City IA-Austin MN"
- name: "Wilmington NC"
- name: "Savannah GA"
- name: "Shreveport LA"
- name: "Youngstown OH"
- name: "Macon GA"
- name: "Jackson MS"
- name: "Anchorage AK"
- name: "Columbus GA"
- name: "Sioux Falls(Mitchell) SD"
- name: "Baton Rouge LA"
- name: "Florence-Myrtle Beach SC"
- name: "Fargo-Valley City ND"
- name: "Panama City FL"
- name: "Chico-Redding CA"
- name: "Lafayette LA"
- name: "Bakersfield CA"
- name: "Amarillo TX"
- name: "Erie PA"
- name: "Greenville-New Bern-Washington NC"
- name: "Billings Mount"
- name: "Tri-Cities TN-VA"
- name: "Tyler-Longview(Lufkin & Nacogdoches) TX"
- name: "Lubbock TX"
- name: "Ottumwa IA-Kirksville MO"
- name: "Clarksburg-Weston WV"
- name: "Palm Springs CA"
- name: "Idaho Falls-Pocatello ID"
- name: "Minot-Bismarck-Dickinson(Williston) ND"
- name: "Binghamton NY"
- name: "Grand Junction-Montrose CO"
- name: "Missoula Mount"
- name: "Montgomery (Selma) AL"
- name: "Abilene-Sweetwater TX"
- name: "Hattiesburg-Laurel MS"
- name: "Quincy IL-Hannibal MO-Keokuk IA"
- name: "Utica NY"
- name: "Rockford IL"
- name: "Duluth MN-Superior WI"
- name: "Joplin MO-Pittsburg KS"
- name: "Traverse City-Cadillac MI"
- name: "Salisbury MD"
- name: "Corpus Christi TX"
- name: "Bend OR"
- name: "Biloxi-Gulfport MS"
- name: "Eureka CA"
- name: "Odessa-Midland TX"
- name: "Wausau-Rhinelander WI"
- name: "Beaumont-Port Arthur TX"
- name: "Sioux City IA"
- name: "Bangor ME"
- name: "Monroe LA-El Dorado AR"
- name: "Twin Falls ID"
- name: "Wichita Falls TX & Lawton OK"
- name: "Sherman TX-Ada OK"
- name: "Albany GA"
- name: "Butte-Bozeman Mount"
- name: "Dothan AL"
- name: "Rapid City SD"
- name: "Yuma AZ-El Centro CA"
- name: "Jackson TN"
- name: "Watertown NY"
- name: "Elmira NY"
- name: "Harrisonburg VA"
- name: "Terre Haute IN"
- name: "Cheyenne WY-Scottsbluff NE"
- name: "Mankato MN"
- name: "Alexandria LA"
- name: "Marquette MI"
- name: "Bluefield-Beckley-Oak Hill WV"
- name: "Parkersburg WV"
- name: "St. Joseph MO"
- name: "Laredo TX"
- name: "Wheeling WV-Steubenville OH"
- name: "Helena Mount"
- name: "Greenwood-Greenville MS"
- name: "Lake Charles LA"
- name: "Fairbanks AK"
- name: "Great Falls Mount"
- name: "Meridian MS"
- name: "San Angelo TX"
- name: "Casper-Riverton WY"
- name: "Lima OH"
- name: "Zanesville OH"
- name: "Jonesboro AR"
- name: "Victoria TX"
- name: "Juneau AK"
- name: "North Platte NE"
- name: "Glendive Mount"
- name: "Alpena MI"
