---
- name: "abilene"
  country: "united states"
  region: "texas"
- name: "akron"
  country: "united states"
  region: "ohio"
- name: "albuquerque"
  country: "united states"
  region: "new mexico"
- name: "alexandria"
  country: "united states"
  region: "virginia"
- name: "alhambra"
  country: "united states"
  region: "arizona"
- name: "allentown"
  country: "united states"
  region: "pennsylvania"
- name: "amarillo"
  country: "united states"
  region: "texas"
- name: "amherst"
  country: "united states"
  region: "new york"
- name: "anaheim"
  country: "united states"
  region: "california"
- name: "anchorage"
  country: "united states"
  region: "alaska"
- name: "ann arbor"
  country: "united states"
  region: "michigan"
- name: "arlington"
  country: "united states"
  region: "texas"
- name: "arlington"
  country: "united states"
  region: "virginia"
- name: "arvada"
  country: "united states"
  region: "colorado"
- name: "astoria"
  country: "united states"
  region: "new york"
- name: "athens"
  country: "united states"
  region: "georgia"
- name: "atlanta"
  country: "united states"
  region: "georgia"
- name: "aurora"
  country: "united states"
  region: "colorado"
- name: "aurora"
  country: "united states"
  region: "illinois"
- name: "austin"
  country: "united states"
  region: "texas"
- name: "bakersfield"
  country: "united states"
  region: "california"
- name: "baltimore"
  country: "united states"
  region: "maryland"
- name: "baton rouge"
  country: "united states"
  region: "louisiana"
- name: "beaumont"
  country: "united states"
  region: "texas"
- name: "bellevue"
  country: "united states"
  region: "washington"
- name: "berkeley"
  country: "united states"
  region: "california"
- name: "birmingham"
  country: "united states"
  region: "alabama"
- name: "boise"
  country: "united states"
  region: "idaho"
- name: "borough park"
  country: "united states"
  region: "new york"
- name: "boston"
  country: "united states"
  region: "massachusetts"
- name: "bridgeport"
  country: "united states"
  region: "connecticut"
- name: "brooklyn"
  country: "united states"
  region: "new york"
- name: "brownsville"
  country: "united states"
  region: "texas"
- name: "buffalo"
  country: "united states"
  region: "new york"
- name: "bushwick"
  country: "united states"
  region: "new york"
- name: "cape coral"
  country: "united states"
  region: "florida"
- name: "carlsbad"
  country: "united states"
  region: "california"
- name: "carrollton"
  country: "united states"
  region: "texas"
- name: "cary"
  country: "united states"
  region: "north carolina"
- name: "cedar rapids"
  country: "united states"
  region: "iowa"
- name: "chandler"
  country: "united states"
  region: "arizona"
- name: "charleston"
  country: "united states"
  region: "south carolina"
- name: "charlotte"
  country: "united states"
  region: "north carolina"
- name: "chattanooga"
  country: "united states"
  region: "tennessee"
- name: "chesapeake"
  country: "united states"
  region: "virginia"
- name: "chicago"
  country: "united states"
  region: "illinois"
- name: "chula vista"
  country: "united states"
  region: "california"
- name: "cincinnati"
  country: "united states"
  region: "ohio"
- name: "clarksville"
  country: "united states"
  region: "tennessee"
- name: "clearwater"
  country: "united states"
  region: "florida"
- name: "cleveland"
  country: "united states"
  region: "ohio"
- name: "colorado springs"
  country: "united states"
  region: "colorado"
- name: "columbia"
  country: "united states"
  region: "south carolina"
- name: "columbia"
  country: "united states"
  region: "missouri"
- name: "columbus"
  country: "united states"
  region: "ohio"
- name: "columbus"
  country: "united states"
  region: "georgia"
- name: "concord"
  country: "united states"
  region: "california"
- name: "coral springs"
  country: "united states"
  region: "florida"
- name: "corona"
  country: "united states"
  region: "california"
- name: "corpus christi"
  country: "united states"
  region: "texas"
- name: "costa mesa"
  country: "united states"
  region: "california"
- name: "dallas"
  country: "united states"
  region: "texas"
- name: "dayton"
  country: "united states"
  region: "ohio"
- name: "deer valley"
  country: "united states"
  region: "arizona"
- name: "denton"
  country: "united states"
  region: "texas"
- name: "denver"
  country: "united states"
  region: "colorado"
- name: "des moines"
  country: "united states"
  region: "iowa"
- name: "detroit"
  country: "united states"
  region: "michigan"
- name: "downey"
  country: "united states"
  region: "california"
- name: "durham"
  country: "united states"
  region: "north carolina"
- name: "east chattanooga"
  country: "united states"
  region: "tennessee"
- name: "east flatbush"
  country: "united states"
  region: "new york"
- name: "east hampton"
  country: "united states"
  region: "virginia"
- name: "east harlem"
  country: "united states"
  region: "new york"
- name: "east independence"
  country: "united states"
  region: "missouri"
- name: "east los angeles"
  country: "united states"
  region: "california"
- name: "east new york"
  country: "united states"
  region: "new york"
- name: "el monte"
  country: "united states"
  region: "california"
- name: "el paso"
  country: "united states"
  region: "texas"
- name: "elgin"
  country: "united states"
  region: "illinois"
- name: "elizabeth"
  country: "united states"
  region: "new jersey"
- name: "elk grove"
  country: "united states"
  region: "california"
- name: "elmhurst"
  country: "united states"
  region: "new york"
- name: "escondido"
  country: "united states"
  region: "california"
- name: "eugene"
  country: "united states"
  region: "oregon"
- name: "evansville"
  country: "united states"
  region: "indiana"
- name: "fairfield"
  country: "united states"
  region: "california"
- name: "fargo"
  country: "united states"
  region: "north dakota"
- name: "fayetteville"
  country: "united states"
  region: "north carolina"
- name: "fontana"
  country: "united states"
  region: "california"
- name: "fort collins"
  country: "united states"
  region: "colorado"
- name: "fort lauderdale"
  country: "united states"
  region: "florida"
- name: "fort wayne"
  country: "united states"
  region: "indiana"
- name: "fort worth"
  country: "united states"
  region: "texas"
- name: "fremont"
  country: "united states"
  region: "california"
- name: "fresno"
  country: "united states"
  region: "california"
- name: "frisco"
  country: "united states"
  region: "texas"
- name: "fullerton"
  country: "united states"
  region: "california"
- name: "gainesville"
  country: "united states"
  region: "florida"
- name: "garden grove"
  country: "united states"
  region: "california"
- name: "garland"
  country: "united states"
  region: "texas"
- name: "gilbert"
  country: "united states"
  region: "arizona"
- name: "glendale"
  country: "united states"
  region: "arizona"
- name: "glendale"
  country: "united states"
  region: "california"
- name: "grand prairie"
  country: "united states"
  region: "texas"
- name: "grand rapids"
  country: "united states"
  region: "michigan"
- name: "gravesend"
  country: "united states"
  region: "new york"
- name: "greensboro"
  country: "united states"
  region: "north carolina"
- name: "gresham"
  country: "united states"
  region: "oregon"
- name: "hampton"
  country: "united states"
  region: "virginia"
- name: "harlem"
  country: "united states"
  region: "new york"
- name: "hartford"
  country: "united states"
  region: "connecticut"
- name: "hayward"
  country: "united states"
  region: "california"
- name: "henderson"
  country: "united states"
  region: "nevada"
- name: "hialeah"
  country: "united states"
  region: "florida"
- name: "hollywood"
  country: "united states"
  region: "california"
- name: "hollywood"
  country: "united states"
  region: "florida"
- name: "honolulu"
  country: "united states"
  region: "hawaii"
- name: "houston"
  country: "united states"
  region: "texas"
- name: "huntington beach"
  country: "united states"
  region: "california"
- name: "huntsville"
  country: "united states"
  region: "alabama"
- name: "independence"
  country: "united states"
  region: "missouri"
- name: "indianapolis"
  country: "united states"
  region: "indiana"
- name: "inglewood"
  country: "united states"
  region: "california"
- name: "ironville"
  country: "united states"
  region: "kentucky"
- name: "irvine"
  country: "united states"
  region: "california"
- name: "irving"
  country: "united states"
  region: "texas"
- name: "jackson"
  country: "united states"
  region: "mississippi"
- name: "jacksonville"
  country: "united states"
  region: "florida"
- name: "jamaica"
  country: "united states"
  region: "new york"
- name: "jersey city"
  country: "united states"
  region: "new jersey"
- name: "joliet"
  country: "united states"
  region: "illinois"
- name: "kansas city"
  country: "united states"
  region: "missouri"
- name: "kansas city"
  country: "united states"
  region: "kansas"
- name: "kent"
  country: "united states"
  region: "washington"
- name: "killeen"
  country: "united states"
  region: "texas"
- name: "knoxville"
  country: "united states"
  region: "tennessee"
- name: "koreatown"
  country: "united states"
  region: "california"
- name: "lafayette"
  country: "united states"
  region: "louisiana"
- name: "lakewood"
  country: "united states"
  region: "colorado"
- name: "lancaster"
  country: "united states"
  region: "california"
- name: "lansing"
  country: "united states"
  region: "michigan"
- name: "laredo"
  country: "united states"
  region: "texas"
- name: "las vegas"
  country: "united states"
  region: "nevada"
- name: "lexington"
  country: "united states"
  region: "kentucky"
- name: "lexington-fayette"
  country: "united states"
  region: "kentucky"
- name: "lincoln"
  country: "united states"
  region: "nebraska"
- name: "little rock"
  country: "united states"
  region: "arkansas"
- name: "long beach"
  country: "united states"
  region: "california"
- name: "los angeles"
  country: "united states"
  region: "california"
- name: "louisville"
  country: "united states"
  region: "kentucky"
- name: "lowell"
  country: "united states"
  region: "massachusetts"
- name: "lubbock"
  country: "united states"
  region: "texas"
- name: "madison"
  country: "united states"
  region: "wisconsin"
- name: "manhattan"
  country: "united states"
  region: "new york"
- name: "maryvale"
  country: "united states"
  region: "arizona"
- name: "mcallen"
  country: "united states"
  region: "texas"
- name: "mckinney"
  country: "united states"
  region: "texas"
- name: "meads"
  country: "united states"
  region: "kentucky"
- name: "memphis"
  country: "united states"
  region: "tennessee"
- name: "mesa"
  country: "united states"
  region: "arizona"
- name: "mesquite"
  country: "united states"
  region: "texas"
- name: "metairie"
  country: "united states"
  region: "louisiana"
- name: "metairie terrace"
  country: "united states"
  region: "louisiana"
- name: "miami"
  country: "united states"
  region: "florida"
- name: "miami gardens"
  country: "united states"
  region: "florida"
- name: "midland"
  country: "united states"
  region: "texas"
- name: "milwaukee"
  country: "united states"
  region: "wisconsin"
- name: "minneapolis"
  country: "united states"
  region: "minnesota"
- name: "miramar"
  country: "united states"
  region: "florida"
- name: "mobile"
  country: "united states"
  region: "alabama"
- name: "modesto"
  country: "united states"
  region: "california"
- name: "montgomery"
  country: "united states"
  region: "alabama"
- name: "moreno valley"
  country: "united states"
  region: "california"
- name: "murfreesboro"
  country: "united states"
  region: "tennessee"
- name: "naperville"
  country: "united states"
  region: "illinois"
- name: "nashville"
  country: "united states"
  region: "tennessee"
- name: "new haven"
  country: "united states"
  region: "connecticut"
- name: "new orleans"
  country: "united states"
  region: "louisiana"
- name: "new south memphis"
  country: "united states"
  region: "tennessee"
- name: "new york city"
  country: "united states"
  region: "new york"
- name: "newark"
  country: "united states"
  region: "new jersey"
- name: "newport news"
  country: "united states"
  region: "virginia"
- name: "norfolk"
  country: "united states"
  region: "virginia"
- name: "norman"
  country: "united states"
  region: "oklahoma"
- name: "north las vegas"
  country: "united states"
  region: "nevada"
- name: "north peoria"
  country: "united states"
  region: "illinois"
- name: "north stamford"
  country: "united states"
  region: "connecticut"
- name: "oakland"
  country: "united states"
  region: "california"
- name: "oceanside"
  country: "united states"
  region: "california"
- name: "odessa"
  country: "united states"
  region: "texas"
- name: "oklahoma city"
  country: "united states"
  region: "oklahoma"
- name: "olathe"
  country: "united states"
  region: "kansas"
- name: "omaha"
  country: "united states"
  region: "nebraska"
- name: "ontario"
  country: "united states"
  region: "california"
- name: "orange"
  country: "united states"
  region: "california"
- name: "orlando"
  country: "united states"
  region: "florida"
- name: "overland park"
  country: "united states"
  region: "kansas"
- name: "oxnard"
  country: "united states"
  region: "california"
- name: "palmdale"
  country: "united states"
  region: "california"
- name: "paradise"
  country: "united states"
  region: "nevada"
- name: "pasadena"
  country: "united states"
  region: "texas"
- name: "pasadena"
  country: "united states"
  region: "california"
- name: "paterson"
  country: "united states"
  region: "new jersey"
- name: "pembroke pines"
  country: "united states"
  region: "florida"
- name: "peoria"
  country: "united states"
  region: "arizona"
- name: "peoria"
  country: "united states"
  region: "illinois"
- name: "philadelphia"
  country: "united states"
  region: "pennsylvania"
- name: "phoenix"
  country: "united states"
  region: "arizona"
- name: "pittsburgh"
  country: "united states"
  region: "pennsylvania"
- name: "plano"
  country: "united states"
  region: "texas"
- name: "pomona"
  country: "united states"
  region: "california"
- name: "port saint lucie"
  country: "united states"
  region: "florida"
- name: "portland"
  country: "united states"
  region: "oregon"
- name: "providence"
  country: "united states"
  region: "rhode island"
- name: "provo"
  country: "united states"
  region: "utah"
- name: "queens"
  country: "united states"
  region: "new york"
- name: "raleigh"
  country: "united states"
  region: "north carolina"
- name: "rancho cucamonga"
  country: "united states"
  region: "california"
- name: "reno"
  country: "united states"
  region: "nevada"
- name: "richardson"
  country: "united states"
  region: "texas"
- name: "richmond"
  country: "united states"
  region: "virginia"
- name: "riverside"
  country: "united states"
  region: "california"
- name: "rochester"
  country: "united states"
  region: "new york"
- name: "rochester"
  country: "united states"
  region: "minnesota"
- name: "rockford"
  country: "united states"
  region: "illinois"
- name: "roseville"
  country: "united states"
  region: "california"
- name: "round rock"
  country: "united states"
  region: "texas"
- name: "sacramento"
  country: "united states"
  region: "california"
- name: "saint paul"
  country: "united states"
  region: "minnesota"
- name: "salem"
  country: "united states"
  region: "oregon"
- name: "salinas"
  country: "united states"
  region: "california"
- name: "salt lake city"
  country: "united states"
  region: "utah"
- name: "san antonio"
  country: "united states"
  region: "texas"
- name: "san bernardino"
  country: "united states"
  region: "california"
- name: "san diego"
  country: "united states"
  region: "california"
- name: "san francisco"
  country: "united states"
  region: "california"
- name: "san jose"
  country: "united states"
  region: "california"
- name: "santa ana"
  country: "united states"
  region: "california"
- name: "santa clara"
  country: "united states"
  region: "california"
- name: "santa clarita"
  country: "united states"
  region: "california"
- name: "santa rosa"
  country: "united states"
  region: "california"
- name: "savannah"
  country: "united states"
  region: "georgia"
- name: "scottsdale"
  country: "united states"
  region: "arizona"
- name: "seattle"
  country: "united states"
  region: "washington"
- name: "sheepshead bay"
  country: "united states"
  region: "new york"
- name: "shreveport"
  country: "united states"
  region: "louisiana"
- name: "simi valley"
  country: "united states"
  region: "california"
- name: "sioux falls"
  country: "united states"
  region: "south dakota"
- name: "south boston"
  country: "united states"
  region: "massachusetts"
- name: "spokane"
  country: "united states"
  region: "washington"
- name: "spring valley"
  country: "united states"
  region: "nevada"
- name: "springfield"
  country: "united states"
  region: "missouri"
- name: "springfield"
  country: "united states"
  region: "massachusetts"
- name: "springfield"
  country: "united states"
  region: "illinois"
- name: "st. louis"
  country: "united states"
  region: "missouri"
- name: "st. petersburg"
  country: "united states"
  region: "florida"
- name: "stamford"
  country: "united states"
  region: "connecticut"
- name: "staten island"
  country: "united states"
  region: "new york"
- name: "sterling heights"
  country: "united states"
  region: "michigan"
- name: "stockton"
  country: "united states"
  region: "california"
- name: "sunnyvale"
  country: "united states"
  region: "california"
- name: "sunrise manor"
  country: "united states"
  region: "nevada"
- name: "sunset park"
  country: "united states"
  region: "new york"
- name: "surprise"
  country: "united states"
  region: "arizona"
- name: "syracuse"
  country: "united states"
  region: "new york"
- name: "tacoma"
  country: "united states"
  region: "washington"
- name: "tallahassee"
  country: "united states"
  region: "florida"
- name: "tampa"
  country: "united states"
  region: "florida"
- name: "temecula"
  country: "united states"
  region: "california"
- name: "tempe"
  country: "united states"
  region: "arizona"
- name: "tempe junction"
  country: "united states"
  region: "arizona"
- name: "the bronx"
  country: "united states"
  region: "new york"
- name: "thornton"
  country: "united states"
  region: "colorado"
- name: "thousand oaks"
  country: "united states"
  region: "california"
- name: "toledo"
  country: "united states"
  region: "ohio"
- name: "topeka"
  country: "united states"
  region: "kansas"
- name: "torrance"
  country: "united states"
  region: "california"
- name: "tucson"
  country: "united states"
  region: "arizona"
- name: "tulsa"
  country: "united states"
  region: "oklahoma"
- name: "valencia"
  country: "united states"
  region: "california"
- name: "vallejo"
  country: "united states"
  region: "california"
- name: "van nuys"
  country: "united states"
  region: "california"
- name: "vancouver"
  country: "united states"
  region: "washington"
- name: "victorville"
  country: "united states"
  region: "california"
- name: "virginia beach"
  country: "united states"
  region: "virginia"
- name: "visalia"
  country: "united states"
  region: "california"
- name: "waco"
  country: "united states"
  region: "texas"
- name: "warren"
  country: "united states"
  region: "michigan"
- name: "washington heights"
  country: "united states"
  region: "new york"
- name: "washington, d.c."
  country: "united states"
  region: "district of columbia"
- name: "west jordan"
  country: "united states"
  region: "utah"
- name: "west raleigh"
  country: "united states"
  region: "north carolina"
- name: "west valley city"
  country: "united states"
  region: "utah"
- name: "westminster"
  country: "united states"
  region: "colorado"
- name: "wichita"
  country: "united states"
  region: "kansas"
- name: "wilmington"
  country: "united states"
  region: "north carolina"
- name: "winston-salem"
  country: "united states"
  region: "north carolina"
- name: "worcester"
  country: "united states"
  region: "massachusetts"
- name: "yonkers"
  country: "united states"
  region: "new york"
