---
- name: "kabul"
  country: "afghanistan"
  region: "wilayat-e kabul"
- name: "algiers"
  country: "algeria"
  region: "wilaya d alger"
- name: "luanda"
  country: "angola"
  region: "luanda province"
- name: "buenos aires"
  country: "argentina"
  region: "ciudad autonoma de buenos aires"
- name: "brisbane"
  country: "australia"
  region: "state of queensland"
- name: "melbourne"
  country: "australia"
  region: "state of victoria"
- name: "perth"
  country: "australia"
  region: "state of western australia"
- name: "sydney"
  country: "australia"
  region: "state of new south wales"
- name: "vienna"
  country: "austria"
  region: "wien"
- name: "chittagong"
  country: "bangladesh"
  region: "chittagong"
- name: "dhaka"
  country: "bangladesh"
  region: "dhaka division"
- name: "minsk"
  country: "belarus"
  region: "horad minsk"
- name: "belo horizonte"
  country: "brazil"
  region: "minas gerais"
- name: "brasilia"
  country: "brazil"
  region: "federal district"
- name: "curitiba"
  country: "brazil"
  region: "parana"
- name: "fortaleza"
  country: "brazil"
  region: "ceara"
- name: "manaus"
  country: "brazil"
  region: "amazonas"
- name: "recife"
  country: "brazil"
  region: "pernambuco"
- name: "rio de janeiro"
  country: "brazil"
  region: "rio de janeiro"
- name: "salvador"
  country: "brazil"
  region: "bahia"
- name: "sao paulo"
  country: "brazil"
  region: "sao paulo"
- name: "phnom penh"
  country: "cambodia"
  region: "phnom penh"
- name: "montreal"
  country: "canada"
  region: "quebec"
- name: "toronto"
  country: "canada"
  region: "ontario"
- name: "santiago"
  country: "chile"
  region: "region metropolitana"
- name: "bayan nur"
  country: "china"
  region: "inner mongolia autonomous region"
- name: "beijing"
  country: "china"
  region: "beijing shi"
- name: "changchun"
  country: "china"
  region: "jilin sheng"
- name: "changsha"
  country: "china"
  region: "hunan sheng"
- name: "chengdu"
  country: "china"
  region: "sichuan sheng"
- name: "chongqing"
  country: "china"
  region: "chongqing shi"
- name: "dadonghai"
  country: "china"
  region: "hainan sheng"
- name: "dalian"
  country: "china"
  region: "liaoning sheng"
- name: "dongguan"
  country: "china"
  region: "guangdong sheng"
- name: "foshan"
  country: "china"
  region: "guangdong sheng"
- name: "guangzhou"
  country: "china"
  region: "guangdong sheng"
- name: "hangzhou"
  country: "china"
  region: "zhejiang sheng"
- name: "harbin"
  country: "china"
  region: "heilongjiang sheng"
- name: "hefei"
  country: "china"
  region: "anhui sheng"
- name: "jilin"
  country: "china"
  region: "jilin sheng"
- name: "jinan"
  country: "china"
  region: "shandong sheng"
- name: "kunming"
  country: "china"
  region: "yunnan sheng"
- name: "kunshan"
  country: "china"
  region: "jiangsu sheng"
- name: "lanzhou"
  country: "china"
  region: "gansu sheng"
- name: "nanchang"
  country: "china"
  region: "jiangxi sheng"
- name: "nanchong"
  country: "china"
  region: "sichuan sheng"
- name: "nanjing"
  country: "china"
  region: "jiangsu sheng"
- name: "ningbo"
  country: "china"
  region: "zhejiang sheng"
- name: "ordos"
  country: "china"
  region: "inner mongolia autonomous region"
- name: "puyang"
  country: "china"
  region: "zhejiang sheng"
- name: "qingdao"
  country: "china"
  region: "shandong sheng"
- name: "shanghai"
  country: "china"
  region: "shanghai shi"
- name: "shantou"
  country: "china"
  region: "guangdong sheng"
- name: "shenyang"
  country: "china"
  region: "liaoning sheng"
- name: "shenzhen"
  country: "china"
  region: "guangdong sheng"
- name: "shijiazhuang"
  country: "china"
  region: "hebei sheng"
- name: "shiyan"
  country: "china"
  region: "hubei sheng"
- name: "suzhou"
  country: "china"
  region: "jiangsu sheng"
- name: "taian"
  country: "china"
  region: "shandong sheng"
- name: "taiyuan"
  country: "china"
  region: "shanxi sheng"
- name: "tangshan"
  country: "china"
  region: "hebei sheng"
- name: "tianjin"
  country: "china"
  region: "tianjin shi"
- name: "tianshui"
  country: "china"
  region: "gansu sheng"
- name: "urumqi"
  country: "china"
  region: "xinjiang uygur zizhiqu"
- name: "wuhan"
  country: "china"
  region: "hubei sheng"
- name: "wuxi"
  country: "china"
  region: "jiangsu sheng"
- name: "xiamen"
  country: "china"
  region: "fujian sheng"
- name: "xian"
  country: "china"
  region: "shaanxi"
- name: "xinyang"
  country: "china"
  region: "henan sheng"
- name: "yunfu"
  country: "china"
  region: "guangdong sheng"
- name: "zhengzhou"
  country: "china"
  region: "henan sheng"
- name: "zhongshan"
  country: "china"
  region: "guangdong sheng"
- name: "zibo"
  country: "china"
  region: "shandong sheng"
- name: "bogota"
  country: "colombia"
  region: "distrito capital de bogota"
- name: "cali"
  country: "colombia"
  region: "departamento del valle del cauca"
- name: "medellin"
  country: "colombia"
  region: "departamento de antioquia"
- name: "havana"
  country: "cuba"
  region: "la habana"
- name: "kinshasa"
  country: "democratic republic of the congo"
  region: "kinshasa city"
- name: "santo domingo"
  country: "dominican republic"
  region: "distrito nacional"
- name: "guayaquil"
  country: "ecuador"
  region: "provincia del guayas"
- name: "alexandria"
  country: "egypt"
  region: "muhafazat al iskandariyah"
- name: "cairo"
  country: "egypt"
  region: "cairo governorate"
- name: "giza"
  country: "egypt"
  region: "muhafazat al jizah"
- name: "addis ababa"
  country: "ethiopia"
  region: "adis abeba astedader"
- name: "paris"
  country: "france"
  region: "ile-de-france"
- name: "berlin"
  country: "germany"
  region: "land berlin"
- name: "hamburg"
  country: "germany"
  region: "free and hanseatic city of hamburg"
- name: "accra"
  country: "ghana"
  region: "greater accra region"
- name: "kumasi"
  country: "ghana"
  region: "ashanti region"
- name: "camayenne"
  country: "guinea"
  region: "conakry region"
- name: "conakry"
  country: "guinea"
  region: "conakry region"
- name: "hong kong"
  country: "hong kong"
  region: "central and western district"
- name: "kowloon"
  country: "hong kong"
  region: "kowloon city"
- name: "budapest"
  country: "hungary"
  region: "budapest"
- name: "ahmedabad"
  country: "india"
  region: "state of gujarat"
- name: "bengaluru"
  country: "india"
  region: "state of karnataka"
- name: "bhopal"
  country: "india"
  region: "madhya pradesh"
- name: "chennai"
  country: "india"
  region: "state of tamil nadu"
- name: "delhi"
  country: "india"
  region: "national capital territory of delhi"
- name: "hyderabad"
  country: "india"
  region: "telangana"
- name: "indore"
  country: "india"
  region: "madhya pradesh"
- name: "jaipur"
  country: "india"
  region: "state of rajasthan"
- name: "kanpur"
  country: "india"
  region: "uttar pradesh"
- name: "kolkata"
  country: "india"
  region: "west bengal"
- name: "lucknow"
  country: "india"
  region: "uttar pradesh"
- name: "ludhiana"
  country: "india"
  region: "state of punjab"
- name: "mumbai"
  country: "india"
  region: "state of maharashtra"
- name: "nagpur"
  country: "india"
  region: "state of maharashtra"
- name: "navi mumbai"
  country: "india"
  region: "state of maharashtra"
- name: "patna"
  country: "india"
  region: "state of bihar"
- name: "pune"
  country: "india"
  region: "state of maharashtra"
- name: "surat"
  country: "india"
  region: "state of gujarat"
- name: "bandung"
  country: "indonesia"
  region: "jawa barat"
- name: "bekasi"
  country: "indonesia"
  region: "jawa barat"
- name: "jakarta"
  country: "indonesia"
  region: "daerah khusus ibukota jakarta"
- name: "medan"
  country: "indonesia"
  region: "sumatera utara"
- name: "surabaya"
  country: "indonesia"
  region: "jawa timur"
- name: "isfahan"
  country: "iran"
  region: "isfahan"
- name: "mashhad"
  country: "iran"
  region: "ostan-e khorasan-e razavi"
- name: "tehran"
  country: "iran"
  region: "ostan-e tehran"
- name: "al basrah al qadimah"
  country: "iraq"
  region: "muhafazat al basrah"
- name: "al mawsil al jadidah"
  country: "iraq"
  region: "muhafazat ninawa"
- name: "baghdad"
  country: "iraq"
  region: "muhafazat baghdad"
- name: "basrah"
  country: "iraq"
  region: "muhafazat al basrah"
- name: "mosul"
  country: "iraq"
  region: "muhafazat ninawa"
- name: "rome"
  country: "italy"
  region: "lazio"
- name: "abidjan"
  country: "ivory coast"
  region: "abidjan"
- name: "kobe"
  country: "japan"
  region: "hyogo"
- name: "nagoya"
  country: "japan"
  region: "aichi-ken"
- name: "osaka"
  country: "japan"
  region: "osaka-fu"
- name: "sapporo"
  country: "japan"
  region: "hokkaido"
- name: "tokyo"
  country: "japan"
  region: "tokyo prefecture"
- name: "yokohama"
  country: "japan"
  region: "kanagawa"
- name: "almaty"
  country: "kazakhstan"
  region: "almaty"
- name: "nairobi"
  country: "kenya"
  region: "nairobi province"
- name: "beirut"
  country: "lebanon"
  region: "beyrouth"
- name: "kota bharu"
  country: "malaysia"
  region: "kelantan"
- name: "ecatepec de morelos"
  country: "mexico"
  region: "estado de mexico"
- name: "guadalajara"
  country: "mexico"
  region: "estado de jalisco"
- name: "iztapalapa"
  country: "mexico"
  region: "ciudad de mexico"
- name: "mexico city"
  country: "mexico"
  region: "ciudad de mexico"
- name: "casablanca"
  country: "morocco"
  region: "casablanca-settat"
- name: "rabat"
  country: "morocco"
  region: "rabat-sale-kenitra"
- name: "yangon"
  country: "myanmar"
  region: "yangon region"
- name: "ibadan"
  country: "nigeria"
  region: "oyo state"
- name: "kaduna"
  country: "nigeria"
  region: "kaduna state"
- name: "kano"
  country: "nigeria"
  region: "kano state"
- name: "lagos"
  country: "nigeria"
  region: "lagos state"
- name: "pyongyang"
  country: "north korea"
  region: "pyongyang"
- name: "faisalabad"
  country: "pakistan"
  region: "punjab province"
- name: "karachi"
  country: "pakistan"
  region: "sindh"
- name: "lahore"
  country: "pakistan"
  region: "punjab province"
- name: "rawalpindi"
  country: "pakistan"
  region: "punjab province"
- name: "asuncion"
  country: "paraguay"
  region: "asuncion"
- name: "lima"
  country: "peru"
  region: "provincia de lima"
- name: "caloocan city"
  country: "philippines"
  region: "national capital region"
- name: "manila"
  country: "philippines"
  region: "national capital region"
- name: "quezon city"
  country: "philippines"
  region: "national capital region"
- name: "warsaw"
  country: "poland"
  region: "wojewodztwo mazowieckie"
- name: "bucharest"
  country: "romania"
  region: "bucuresti"
- name: "moscow"
  country: "russia"
  region: "moskva"
- name: "saint petersburg"
  country: "russia"
  region: "sankt-peterburg"
- name: "jeddah"
  country: "saudi arabia"
  region: "makkah province"
- name: "riyadh"
  country: "saudi arabia"
  region: "mintaqat ar riyad"
- name: "dakar"
  country: "senegal"
  region: "dakar"
- name: "singapore"
  country: "singapore"
  region: "singapore"
- name: "mogadishu"
  country: "somalia"
  region: "gobolka banaadir"
- name: "cape town"
  country: "south africa"
  region: "western cape"
- name: "durban"
  country: "south africa"
  region: "province of kwazulu-natal"
- name: "johannesburg"
  country: "south africa"
  region: "gauteng"
- name: "pretoria"
  country: "south africa"
  region: "gauteng"
- name: "soweto"
  country: "south africa"
  region: "gauteng"
- name: "busan"
  country: "south korea"
  region: "busan"
- name: "daegu"
  country: "south korea"
  region: "daegu"
- name: "daejeon"
  country: "south korea"
  region: "daejeon"
- name: "incheon"
  country: "south korea"
  region: "incheon"
- name: "seoul"
  country: "south korea"
  region: "seoul"
- name: "barcelona"
  country: "spain"
  region: "catalunya"
- name: "madrid"
  country: "spain"
  region: "comunidad de madrid"
- name: "khartoum"
  country: "sudan"
  region: "khartoum"
- name: "stockholm"
  country: "sweden"
  region: "stockholm"
- name: "aleppo"
  country: "syria"
  region: "aleppo governorate"
- name: "damascus"
  country: "syria"
  region: "damascus governorate"
- name: "kaohsiung"
  country: "taiwan"
  region: "kaohsiung"
- name: "taipei"
  country: "taiwan"
  region: "taiwan"
- name: "dar es salaam"
  country: "tanzania"
  region: "dar es salaam region"
- name: "bangkok"
  country: "thailand"
  region: "bangkok"
- name: "ankara"
  country: "turkey"
  region: "ankara"
- name: "istanbul"
  country: "turkey"
  region: "istanbul"
- name: "izmir"
  country: "turkey"
  region: "izmir"
- name: "kyiv"
  country: "ukraine"
  region: "misto kyyiv"
- name: "dubai"
  country: "united arab emirates"
  region: "dubai"
- name: "london"
  country: "united kingdom"
  region: "england"
- name: "tashkent"
  country: "uzbekistan"
  region: "toshkent shahri"
- name: "caracas"
  country: "venezuela"
  region: "distrito capital"
- name: "maracaibo"
  country: "venezuela"
  region: "estado zulia"
- name: "maracay"
  country: "venezuela"
  region: "estado aragua"
- name: "ho chi minh city"
  country: "vietnam"
  region: "ho chi minh city"
- name: "sanaa"
  country: "yemen"
  region: "sanaa"
- name: "harare"
  country: "zimbabwe"
  region: "harare province"
