---
name: "Angola"
iso: "AO"
iso3: "AGO"
code: "024"
capital: "Luanda"
area: 1246700.0
population: 13068161
continent: "AF"
currencyCode: "AOA"
currencyName: "Kwanza"
phone: "244"
languages: "pt-AO"
neighbours: "CD,NA,ZM,CG"
regions:
- name: "Provincia do Uige"
  cities:
  - name: "Uige"
    latitude: -7.60874
    longitude: 15.06131
    population: 60008
    dem: 825
    timezone: "Africa/Luanda"
- name: "Huila Province"
  cities:
  - name: "Lubango"
    latitude: -14.91717
    longitude: 13.4925
    population: 102541
    dem: 1760
    timezone: "Africa/Luanda"
  - name: "Caconda"
    latitude: -13.73333
    longitude: 15.06667
    population: 10549
    dem: 1674
    timezone: "Africa/Luanda"
- name: "Cabinda"
  cities:
  - name: "Cabinda"
    latitude: -5.55
    longitude: 12.2
    population: 66020
    dem: 1
    timezone: "Africa/Luanda"
- name: "Lunda Sul"
  cities:
  - name: "Saurimo"
    latitude: -9.66078
    longitude: 20.39155
    population: 40498
    dem: 1071
    timezone: "Africa/Luanda"
- name: "Malanje Province"
  cities:
  - name: "Malanje"
    latitude: -9.54015
    longitude: 16.34096
    population: 87046
    dem: 1134
    timezone: "Africa/Luanda"
- name: "Kwanza Sul"
  cities:
  - name: "Uacu Cungo"
    latitude: -11.35669
    longitude: 15.11719
    population: 10970
    dem: 1304
    timezone: "Africa/Luanda"
  - name: "Sumbe"
    latitude: -11.20605
    longitude: 13.84371
    population: 33277
    dem: 10
    timezone: "Africa/Luanda"
  - name: "Quibala"
    latitude: -10.73366
    longitude: 14.97995
    population: 8915
    dem: 1284
    timezone: "Africa/Luanda"
- name: "Luanda Province"
  cities:
  - name: "Luanda"
    latitude: -8.83682
    longitude: 13.23432
    population: 2776168
    dem: 73
    timezone: "Africa/Luanda"
- name: "Moxico"
  cities:
  - name: "Luau"
    latitude: -10.70727
    longitude: 22.22466
    population: 18465
    dem: 1106
    timezone: "Africa/Luanda"
  - name: "Leua"
    latitude: -11.65
    longitude: 20.45
    population: 5168
    dem: 1236
    timezone: "Africa/Luanda"
  - name: "Luena"
    latitude: -11.78333
    longitude: 19.91667
    population: 21115
    dem: 1337
    timezone: "Africa/Luanda"
- name: "Huambo"
  cities:
  - name: "Longonjo"
    latitude: -12.90667
    longitude: 15.25333
    population: 24346
    dem: 1424
    timezone: "Africa/Luanda"
  - name: "Huambo"
    latitude: -12.77611
    longitude: 15.73917
    population: 226145
    dem: 1716
    timezone: "Africa/Luanda"
  - name: "Caala"
    latitude: -12.8525
    longitude: 15.56056
    population: 21205
    dem: 1742
    timezone: "Africa/Luanda"
  - name: "Chela"
    latitude: -12.30261
    longitude: 15.43358
    population: 5811
    dem: 1716
    timezone: "Africa/Luanda"
- name: "Lunda Norte Province"
  cities:
  - name: "Lucapa"
    latitude: -8.41915
    longitude: 20.74466
    population: 20115
    dem: 955
    timezone: "Africa/Luanda"
- name: "Provincia do Bie"
  cities:
  - name: "Cuito"
    latitude: -12.38333
    longitude: 16.93333
    population: 113624
    dem: 1715
    timezone: "Africa/Luanda"
  - name: "Chissamba"
    latitude: -12.16667
    longitude: 17.33333
    population: 7677
    dem: 1404
    timezone: "Africa/Luanda"
  - name: "Catabola"
    latitude: -12.15
    longitude: 17.28333
    population: 18855
    dem: 1531
    timezone: "Africa/Luanda"
  - name: "Camacupa"
    latitude: -12.01667
    longitude: 17.48333
    population: 19150
    dem: 1473
    timezone: "Africa/Luanda"
- name: "Cuanza Norte Province"
  cities:
  - name: "Ndalatando"
    latitude: -9.29782
    longitude: 14.91162
    population: 383100
    dem: 795
    timezone: "Africa/Luanda"
  - name: "Camabatela"
    latitude: -8.18812
    longitude: 15.37495
    population: 12837
    dem: 1237
    timezone: "Africa/Luanda"
- name: "Kuando Kubango"
  cities:
  - name: "Menongue"
    latitude: -14.6585
    longitude: 17.69099
    population: 32203
    dem: 1355
    timezone: "Africa/Luanda"
- name: "Bengo Province"
  cities:
  - name: "Caxito"
    latitude: -8.57848
    longitude: 13.66425
    population: 28224
    dem: 20
    timezone: "Africa/Luanda"
- name: "Namibe Province"
  cities:
  - name: "Namibe"
    latitude: -15.19611
    longitude: 12.15222
    population: 80149
    dem: 13
    timezone: "Africa/Luanda"
- name: "Cunene Province"
  cities:
  - name: "Ondjiva"
    latitude: -17.06667
    longitude: 15.73333
    population: 10169
    dem: 1113
    timezone: "Africa/Luanda"
- name: "Benguela"
  cities:
  - name: "Lobito"
    latitude: -12.3644
    longitude: 13.53601
    population: 207932
    dem: 4
    timezone: "Africa/Luanda"
  - name: "Catumbela"
    latitude: -12.43002
    longitude: 13.54677
    population: 16977
    dem: 12
    timezone: "Africa/Luanda"
  - name: "Benguela"
    latitude: -12.57626
    longitude: 13.40547
    population: 151226
    dem: 11
    timezone: "Africa/Luanda"
- name: "Zaire"
  cities:
  - name: "Soio"
    latitude: -6.1349
    longitude: 12.36894
    population: 67491
    dem: 10
    timezone: "Africa/Luanda"
  - name: "Nzeto"
    latitude: -7.23116
    longitude: 12.8666
    population: 18352
    dem: 19
    timezone: "Africa/Luanda"
  - name: "Mbanza Congo"
    latitude: -6.26703
    longitude: 14.2401
    population: 24220
    dem: 544
    timezone: "Africa/Luanda"
