---
name: "Azerbaijan"
iso: "AZ"
iso3: "AZE"
code: "031"
capital: "Baku"
area: 86600.0
population: 8303512
continent: "AS"
currencyCode: "AZN"
currencyName: "Manat"
phone: "994"
postalCodeFormat: "AZ ####"
postalCodeRegex: "^(?:AZ)*(\\d{4})$"
languages: "az,ru,hy"
neighbours: "GE,IR,AM,TR,RU"
regions:
- name: "Yevlakh Rayon"
  cities:
  - name: "Aran"
    latitude: 40.62528
    longitude: 46.97556
    population: 6724
    dem: 53
    timezone: "Asia/Baku"
- name: "Lerik Rayon"
  cities:
  - name: "Lerik"
    latitude: 38.77388
    longitude: 48.41497
    population: 7094
    dem: 1094
    timezone: "Asia/Baku"
- name: "Samukh Rayon"
  cities:
  - name: "Samux"
    latitude: 40.76485
    longitude: 46.40868
    population: 6013
    dem: 251
    timezone: "Asia/Baku"
  - name: "Qarayeri"
    latitude: 40.78718
    longitude: 46.31714
    population: 5565
    dem: 250
    timezone: "Asia/Baku"
- name: "Sabirabad Rayon"
  cities:
  - name: "Sabirabad"
    latitude: 40.00869
    longitude: 48.47701
    population: 28075
    dem: -11
    timezone: "Asia/Baku"
- name: "Lacin Rayonu"
  cities:
  - name: "Lacin"
    latitude: 39.59881
    longitude: 46.55045
    population: 2300
    dem: 889
    timezone: "Asia/Baku"
- name: "Xankandi Sahari"
  cities:
  - name: "Xankandi"
    latitude: 39.8177
    longitude: 46.7528
    population: 53100
    dem: 850
    timezone: "Asia/Baku"
- name: "Susa Rayonu"
  cities:
  - name: "Shushi"
    latitude: 39.76006
    longitude: 46.74989
    population: 18662
    dem: 1339
    timezone: "Asia/Baku"
- name: "Bilasuvar Rayon"
  cities:
  - name: "Pushkino"
    latitude: 39.45833
    longitude: 48.545
    population: 18182
    dem: 15
    timezone: "Asia/Baku"
- name: "Salyan Rayon"
  cities:
  - name: "Salyan"
    latitude: 39.59621
    longitude: 48.98479
    population: 36555
    dem: -17
    timezone: "Asia/Baku"
- name: "Naftalan City"
  cities:
  - name: "Naftalan"
    latitude: 40.50821
    longitude: 46.8203
    population: 7045
    dem: 251
    timezone: "Asia/Baku"
- name: "Qazakh Rayon"
  cities:
  - name: "Qazax"
    latitude: 41.09246
    longitude: 45.36561
    population: 18903
    dem: 378
    timezone: "Asia/Baku"
- name: "Oghuz Rayon"
  cities:
  - name: "Oguz"
    latitude: 41.07128
    longitude: 47.46528
    population: 6600
    dem: 652
    timezone: "Asia/Baku"
- name: "Goychay Rayon"
  cities:
  - name: "Geoktschai"
    latitude: 40.65055
    longitude: 47.74219
    population: 35348
    dem: 122
    timezone: "Asia/Baku"
- name: "Qubadli Rayon"
  cities:
  - name: "Qubadli"
    latitude: 39.34441
    longitude: 46.58183
    population: 6890
    dem: 482
    timezone: "Asia/Baku"
- name: "Dashkasan Rayon"
  cities:
  - name: "Yukhary-Dashkesan"
    latitude: 40.52393
    longitude: 46.08186
    population: 9900
    dem: 1601
    timezone: "Asia/Baku"
- name: "Absheron Rayon"
  cities:
  - name: "Saray"
    latitude: 40.53299
    longitude: 49.71681
    population: 10173
    dem: 42
    timezone: "Asia/Baku"
  - name: "Qobu"
    latitude: 40.40472
    longitude: 49.71306
    population: 7377
    dem: 54
    timezone: "Asia/Baku"
  - name: "Khirdalan"
    latitude: 40.44808
    longitude: 49.75502
    population: 37949
    dem: 75
    timezone: "Asia/Baku"
  - name: "Ceyranbatan"
    latitude: 40.54194
    longitude: 49.66073
    population: 5684
    dem: 22
    timezone: "Asia/Baku"
- name: "Aghdash Rayon"
  cities:
  - name: "Agdas"
    latitude: 40.64699
    longitude: 47.4738
    population: 23528
    dem: 50
    timezone: "Asia/Baku"
- name: "Ismayilli Rayon"
  cities:
  - name: "Ismayilli"
    latitude: 40.78485
    longitude: 48.15141
    population: 13610
    dem: 579
    timezone: "Asia/Baku"
- name: "Balakan Rayon"
  cities:
  - name: "Belokany"
    latitude: 41.72626
    longitude: 46.40478
    population: 9182
    dem: 372
    timezone: "Asia/Baku"
- name: "Gadabay Rayon"
  cities:
  - name: "Kyadabek"
    latitude: 40.57055
    longitude: 45.81229
    population: 8657
    dem: 1460
    timezone: "Asia/Baku"
- name: "Shirvan"
  cities:
  - name: "Sirvan"
    latitude: 39.93778
    longitude: 48.929
    population: 70220
    dem: -15
    timezone: "Asia/Baku"
- name: "Zangilan Rayon"
  cities:
  - name: "Zangilan"
    latitude: 39.08371
    longitude: 46.65988
    population: 7483
    dem: 420
    timezone: "Asia/Baku"
  - name: "Mincivan"
    latitude: 39.03023
    longitude: 46.72329
    population: 6353
    dem: 335
    timezone: "Asia/Baku"
- name: "Khachmaz Rayon"
  cities:
  - name: "Xudat"
    latitude: 41.63052
    longitude: 48.68161
    population: 13625
    dem: 45
    timezone: "Asia/Baku"
  - name: "Xacmaz"
    latitude: 41.46426
    longitude: 48.80565
    population: 37175
    dem: 47
    timezone: "Asia/Baku"
- name: "Khizi Rayon"
  cities:
  - name: "Khyzy"
    latitude: 40.90847
    longitude: 49.07481
    population: 1024
    dem: 689
    timezone: "Asia/Baku"
- name: "Quba Rayon"
  cities:
  - name: "Quba"
    latitude: 41.36108
    longitude: 48.51341
    population: 22405
    dem: 600
    timezone: "Asia/Baku"
- name: "Tartar Rayon"
  cities:
  - name: "Terter"
    latitude: 40.34201
    longitude: 46.93161
    population: 18185
    dem: 254
    timezone: "Asia/Baku"
  - name: "Martakert"
    latitude: 40.21127
    longitude: 46.82135
    population: 10167
    dem: 438
    timezone: "Asia/Baku"
- name: "Qakh Rayon"
  cities:
  - name: "Qax"
    latitude: 41.41826
    longitude: 46.92043
    population: 11992
    dem: 590
    timezone: "Asia/Baku"
  - name: "Cinarli"
    latitude: 41.46965
    longitude: 46.91582
    population: 6508
    dem: 795
    timezone: "Asia/Baku"
- name: "Shamkir Rayon"
  cities:
  - name: "Shamkhor"
    latitude: 40.82975
    longitude: 46.0178
    population: 35421
    dem: 462
    timezone: "Asia/Baku"
  - name: "Dzagam"
    latitude: 40.9033
    longitude: 45.88564
    population: 7442
    dem: 357
    timezone: "Asia/Baku"
- name: "Yardymli Rayon"
  cities:
  - name: "Yardimli"
    latitude: 38.90771
    longitude: 48.24052
    population: 4004
    dem: 726
    timezone: "Asia/Baku"
- name: "Imishli Rayon"
  cities:
  - name: "Imishli"
    latitude: 39.87095
    longitude: 48.05995
    population: 34178
    dem: 1
    timezone: "Asia/Baku"
- name: "Lankaran Sahari"
- name: "Saatly Rayon"
  cities:
  - name: "Ahmadbayli"
    latitude: 39.88074
    longitude: 48.39158
    population: 17242
    dem: 1
    timezone: "Asia/Baku"
  - name: "Saatli"
    latitude: 39.93214
    longitude: 48.36892
    population: 87000
    dem: -7
    timezone: "Asia/Baku"
- name: "Beylagan Rayon"
  cities:
  - name: "Dunyamalilar"
    latitude: 39.77278
    longitude: 47.75889
    population: 5968
    dem: 27
    timezone: "Asia/Baku"
  - name: "Beylagan"
    latitude: 39.77556
    longitude: 47.61861
    population: 15599
    dem: 58
    timezone: "Asia/Baku"
- name: "Mingacevir City"
  cities:
  - name: "Mingelchaur"
    latitude: 40.76395
    longitude: 47.05953
    population: 95453
    dem: 26
    timezone: "Asia/Baku"
- name: "Kurdamir Rayon"
  cities:
  - name: "Kyurdarmir"
    latitude: 40.34532
    longitude: 48.15085
    population: 19088
    dem: 8
    timezone: "Asia/Baku"
- name: "Shaki city"
  cities:
  - name: "Sheki"
    latitude: 41.19194
    longitude: 47.17056
    population: 63000
    dem: 549
    timezone: "Asia/Baku"
- name: "Aghsu Rayon"
  cities:
  - name: "Aghsu"
    latitude: 40.57028
    longitude: 48.40087
    population: 17209
    dem: 179
    timezone: "Asia/Baku"
- name: "Sumqayit City"
  cities:
  - name: "Sumqayit"
    latitude: 40.58972
    longitude: 49.66861
    population: 265150
    dem: -11
    timezone: "Asia/Baku"
  - name: "Haci Zeynalabdin"
    latitude: 40.62333
    longitude: 49.55861
    population: 19019
    dem: -17
    timezone: "Asia/Baku"
  - name: "Corat"
    latitude: 40.57176
    longitude: 49.70509
    population: 8624
    dem: -15
    timezone: "Asia/Baku"
- name: "Neftchala Rayon"
  cities:
  - name: "Neftcala"
    latitude: 39.3768
    longitude: 49.247
    population: 18661
    dem: -24
    timezone: "Asia/Baku"
  - name: "Severo-Vostotchnyi Bank"
    latitude: 39.41117
    longitude: 49.24792
    population: 7075
    dem: -25
    timezone: "Asia/Baku"
- name: "Baku City"
  cities:
  - name: "Zyrya"
    latitude: 40.36613
    longitude: 50.29198
    population: 10099
    dem: -14
    timezone: "Asia/Baku"
  - name: "Zabrat"
    latitude: 40.47746
    longitude: 49.94174
    population: 21396
    dem: 23
    timezone: "Asia/Baku"
  - name: "Turkan"
    latitude: 40.3646
    longitude: 50.22075
    population: 9699
    dem: -17
    timezone: "Asia/Baku"
  - name: "Qaracuxur"
    latitude: 40.39667
    longitude: 49.97361
    population: 72989
    dem: 51
    timezone: "Asia/Baku"
  - name: "Sabuncu"
    latitude: 40.4425
    longitude: 49.94806
    population: 20996
    dem: 26
    timezone: "Asia/Baku"
  - name: "Qobustan"
    latitude: 40.08238
    longitude: 49.41205
    population: 13398
    dem: -16
    timezone: "Asia/Baku"
  - name: "Nardaran"
    latitude: 40.55611
    longitude: 50.00556
    population: 7700
    dem: 28
    timezone: "Asia/Baku"
  - name: "Mastaga"
    latitude: 40.52983
    longitude: 50.00616
    population: 40092
    dem: 19
    timezone: "Asia/Baku"
  - name: "Mardakan"
    latitude: 40.49182
    longitude: 50.14292
    population: 15267
    dem: -4
    timezone: "Asia/Baku"
  - name: "Lokbatan"
    latitude: 40.3256
    longitude: 49.73376
    population: 30694
    dem: 4
    timezone: "Asia/Baku"
  - name: "Khodzhi-Gasan"
    latitude: 40.41293
    longitude: 49.76904
    population: 5089
    dem: 30
    timezone: "Asia/Baku"
  - name: "Yeni Suraxani"
    latitude: 40.43026
    longitude: 50.03598
    population: 16127
    dem: 12
    timezone: "Asia/Baku"
  - name: "Hovsan"
    latitude: 40.37444
    longitude: 50.08528
    population: 36293
    dem: -19
    timezone: "Asia/Baku"
  - name: "Buzovna"
    latitude: 40.51903
    longitude: 50.11438
    population: 24795
    dem: -15
    timezone: "Asia/Baku"
  - name: "Binagadi"
    latitude: 40.46602
    longitude: 49.82783
    population: 14012
    dem: 44
    timezone: "Asia/Baku"
  - name: "Biny Selo"
    latitude: 40.45076
    longitude: 50.08686
    population: 24596
    dem: 1
    timezone: "Asia/Baku"
  - name: "Bilajer"
    latitude: 40.56441
    longitude: 50.04002
    population: 8983
    dem: 18
    timezone: "Asia/Baku"
  - name: "Balakhani"
    latitude: 40.46344
    longitude: 49.91893
    population: 10863
    dem: 57
    timezone: "Asia/Baku"
  - name: "Bilajari"
    latitude: 40.4444
    longitude: 49.80566
    population: 42194
    dem: 25
    timezone: "Asia/Baku"
  - name: "Baku"
    latitude: 40.37767
    longitude: 49.89201
    population: 1116513
    dem: -23
    timezone: "Asia/Baku"
  - name: "Pirallahi"
    latitude: 40.47013
    longitude: 50.32476
    population: 13435
    dem: -19
    timezone: "Asia/Baku"
  - name: "Amirdzhan"
    latitude: 40.42639
    longitude: 49.98361
    population: 26798
    dem: 18
    timezone: "Asia/Baku"
  - name: "Bakixanov"
    latitude: 40.41894
    longitude: 49.96693
    population: 66686
    dem: 33
    timezone: "Asia/Baku"
  - name: "Ramana"
    latitude: 40.44222
    longitude: 49.98056
    population: 8855
    dem: 19
    timezone: "Asia/Baku"
  - name: "Badamdar"
    latitude: 40.34024
    longitude: 49.8045
    population: 11398
    dem: 161
    timezone: "Asia/Baku"
- name: "Goranboy Rayon"
  cities:
  - name: "Qizilhacili"
    latitude: 40.57362
    longitude: 46.849
    population: 6330
    dem: 136
    timezone: "Asia/Baku"
  - name: "Goranboy"
    latitude: 40.61028
    longitude: 46.78972
    population: 7333
    dem: 156
    timezone: "Asia/Baku"
- name: "Jalilabad"
  cities:
  - name: "Prishibinskoye"
    latitude: 39.11998
    longitude: 48.59383
    population: 13340
    dem: 3
    timezone: "Asia/Baku"
  - name: "Jalilabad"
    latitude: 39.20963
    longitude: 48.49186
    population: 36259
    dem: 39
    timezone: "Asia/Baku"
- name: "Khojavend District"
  cities:
  - name: "Novyy Karanlug"
    latitude: 39.79496
    longitude: 47.1117
    population: 5079
    dem: 336
    timezone: "Asia/Baku"
- name: "Zardab Rayon"
  cities:
  - name: "Zardob"
    latitude: 40.21823
    longitude: 47.71032
    population: 10612
    dem: 2
    timezone: "Asia/Baku"
- name: "Fizuli Rayon"
  cities:
  - name: "Fizuli"
    latitude: 39.60094
    longitude: 47.14529
    population: 26765
    dem: 419
    timezone: "Asia/Baku"
- name: "Aghdam Rayon"
  cities:
  - name: "Agdam"
    latitude: 39.99096
    longitude: 46.92736
    population: 39451
    dem: 374
    timezone: "Asia/Baku"
- name: "Siazan Rayon"
  cities:
  - name: "Kyzyl-Burun"
    latitude: 41.07811
    longitude: 49.11564
    population: 3
    dem: 13
    timezone: "Asia/Baku"
- name: "Yevlakh City"
  cities:
  - name: "Yevlakh"
    latitude: 40.61832
    longitude: 47.15014
    population: 59036
    dem: 17
    timezone: "Asia/Baku"
- name: "Shaki Rayon"
- name: "Goygol Rayon"
  cities:
  - name: "Yelenendorf"
    latitude: 40.58584
    longitude: 46.3189
    population: 17816
    dem: 686
    timezone: "Asia/Baku"
- name: "Ganja City"
  cities:
  - name: "Ganja"
    latitude: 40.68278
    longitude: 46.36056
    population: 313300
    dem: 417
    timezone: "Asia/Baku"
- name: "Nakhchivan Autonomous Republic"
  cities:
  - name: "Sharur City"
    latitude: 39.55298
    longitude: 44.97993
    population: 7100
    dem: 810
    timezone: "Asia/Baku"
  - name: "Yayci"
    latitude: 38.94052
    longitude: 45.73244
    population: 8500
    dem: 706
    timezone: "Asia/Baku"
  - name: "Ordubad"
    latitude: 38.90961
    longitude: 46.02274
    population: 9781
    dem: 892
    timezone: "Asia/Baku"
  - name: "Nakhchivan"
    latitude: 39.20889
    longitude: 45.41222
    population: 64754
    dem: 887
    timezone: "Asia/Baku"
  - name: "Culfa"
    latitude: 38.95397
    longitude: 45.62961
    population: 10820
    dem: 714
    timezone: "Asia/Baku"
  - name: "Cahri"
    latitude: 39.34837
    longitude: 45.41557
    population: 8200
    dem: 1074
    timezone: "Asia/Baku"
- name: "Lankaran Rayon"
  cities:
  - name: "Lankaran"
    latitude: 38.75428
    longitude: 48.85062
    population: 240300
    dem: -22
    timezone: "Asia/Baku"
- name: "Shusha"
- name: "Gobustan Rayon"
  cities:
  - name: "Qobustan"
    latitude: 40.5336
    longitude: 48.92819
    population: 3754
    dem: 771
    timezone: "Asia/Baku"
- name: "Hajigabul Rayon"
  cities:
  - name: "Haciqabul"
    latitude: 40.03874
    longitude: 48.94286
    population: 23102
    dem: 0
    timezone: "Asia/Baku"
- name: "Shabran Rayon"
  cities:
  - name: "Divichibazar"
    latitude: 41.20117
    longitude: 48.98712
    population: 23248
    dem: 44
    timezone: "Asia/Baku"
- name: "Shamakhi Rayon"
  cities:
  - name: "Shamakhi"
    latitude: 40.63141
    longitude: 48.64137
    population: 29403
    dem: 687
    timezone: "Asia/Baku"
- name: "Qusar Rayon"
  cities:
  - name: "Qusar"
    latitude: 41.4275
    longitude: 48.4302
    population: 16022
    dem: 681
    timezone: "Asia/Baku"
- name: "Qabala Rayon"
  cities:
  - name: "Qutqashen"
    latitude: 40.98247
    longitude: 47.84909
    population: 11867
    dem: 795
    timezone: "Asia/Baku"
- name: "Aghjabadi Rayon"
  cities:
  - name: "Avsar"
    latitude: 39.97389
    longitude: 47.42389
    population: 5600
    dem: 45
    timezone: "Asia/Baku"
  - name: "Agdzhabedy"
    latitude: 40.05015
    longitude: 47.45937
    population: 34989
    dem: 15
    timezone: "Asia/Baku"
- name: "Ujar Rayon"
  cities:
  - name: "Ujar"
    latitude: 40.51902
    longitude: 47.65423
    population: 15741
    dem: 18
    timezone: "Asia/Baku"
- name: "Barda Rayon"
  cities:
  - name: "Barda"
    latitude: 40.37577
    longitude: 47.12619
    population: 37372
    dem: 77
    timezone: "Asia/Baku"
- name: "Aghstafa Rayon"
  cities:
  - name: "Aghstafa"
    latitude: 41.11889
    longitude: 45.45389
    population: 12542
    dem: 327
    timezone: "Asia/Baku"
- name: "Masally District"
  cities:
  - name: "Masally"
    latitude: 39.03532
    longitude: 48.6654
    population: 9604
    dem: 5
    timezone: "Asia/Baku"
  - name: "Boradigah"
    latitude: 38.93013
    longitude: 48.7092
    population: 5904
    dem: -15
    timezone: "Asia/Baku"
- name: "Kalbajar District"
  cities:
  - name: "Kerbakhiar"
    latitude: 40.10984
    longitude: 46.04446
    population: 8400
    dem: 1555
    timezone: "Asia/Baku"
- name: "Jabrayil District"
  cities:
  - name: "Jebrail"
    latitude: 39.39917
    longitude: 47.02835
    population: 8396
    dem: 607
    timezone: "Asia/Baku"
- name: "Astara District"
  cities:
  - name: "Astara"
    latitude: 38.45598
    longitude: 48.87498
    population: 15190
    dem: -22
    timezone: "Asia/Baku"
- name: "Zaqatala Rayon"
  cities:
  - name: "Zaqatala"
    latitude: 41.6316
    longitude: 46.64479
    population: 18277
    dem: 503
    timezone: "Asia/Baku"
  - name: "Aliabad"
    latitude: 41.4829
    longitude: 46.63483
    population: 9103
    dem: 262
    timezone: "Asia/Baku"
- name: "Xocali Rayonu"
  cities:
  - name: "Xocali"
    latitude: 39.91297
    longitude: 46.79028
    population: 5810
    dem: 582
    timezone: "Asia/Baku"
- name: "Tovuz Rayon"
  cities:
  - name: "Tovuz"
    latitude: 40.99249
    longitude: 45.62838
    population: 12626
    dem: 421
    timezone: "Asia/Baku"
