---
name: "Bulgaria"
iso: "BG"
iso3: "BGR"
code: "100"
capital: "Sofia"
area: 110910.0
population: 7148785
continent: "EU"
currencyCode: "BGN"
currencyName: "Lev"
phone: "359"
postalCodeFormat: "####"
postalCodeRegex: "^(\\d{4})$"
languages: "bg,tr-BG,rom"
neighbours: "MK,GR,RO,TR,RS"
regions:
- name: "Lovech"
  cities:
  - name: "Troyan"
    latitude: 42.89427
    longitude: 24.71589
    population: 21162
    dem: 389
    timezone: "Europe/Sofia"
  - name: "Teteven"
    latitude: 42.91667
    longitude: 24.26667
    population: 10790
    dem: 419
    timezone: "Europe/Sofia"
  - name: "Lukovit"
    latitude: 43.2
    longitude: 24.16667
    population: 9792
    dem: 136
    timezone: "Europe/Sofia"
  - name: "Lovech"
    latitude: 43.13333
    longitude: 24.71667
    population: 42211
    dem: 179
    timezone: "Europe/Sofia"
- name: "Oblast Razgrad"
  cities:
  - name: "Razgrad"
    latitude: 43.53333
    longitude: 26.51667
    population: 38285
    dem: 197
    timezone: "Europe/Sofia"
  - name: "Kubrat"
    latitude: 43.79658
    longitude: 26.50063
    population: 8980
    dem: 202
    timezone: "Europe/Sofia"
  - name: "Isperih"
    latitude: 43.71667
    longitude: 26.83333
    population: 9735
    dem: 279
    timezone: "Europe/Sofia"
- name: "Plovdiv"
  cities:
  - name: "Saedinenie"
    latitude: 42.26667
    longitude: 24.55
    population: 6427
    dem: 203
    timezone: "Europe/Sofia"
  - name: "Stamboliyski"
    latitude: 42.13333
    longitude: 24.53333
    population: 12070
    dem: 188
    timezone: "Europe/Sofia"
  - name: "Rakovski"
    latitude: 42.27408
    longitude: 24.94083
    population: 15782
    dem: 162
    timezone: "Europe/Sofia"
  - name: "Parvomay"
    latitude: 42.1
    longitude: 25.21667
    population: 17000
    dem: 134
    timezone: "Europe/Sofia"
  - name: "Plovdiv"
    latitude: 42.15
    longitude: 24.75
    population: 340494
    dem: 169
    timezone: "Europe/Sofia"
  - name: "Perushtitsa"
    latitude: 42.05
    longitude: 24.55
    population: 5350
    dem: 407
    timezone: "Europe/Sofia"
  - name: "Krichim"
    latitude: 42.05
    longitude: 24.46667
    population: 8580
    dem: 228
    timezone: "Europe/Sofia"
  - name: "Hisarya"
    latitude: 42.5
    longitude: 24.7
    population: 7903
    dem: 364
    timezone: "Europe/Sofia"
  - name: "Karlovo"
    latitude: 42.63333
    longitude: 24.8
    population: 19958
    dem: 406
    timezone: "Europe/Sofia"
  - name: "Asenovgrad"
    latitude: 42.01667
    longitude: 24.86667
    population: 52170
    dem: 226
    timezone: "Europe/Sofia"
- name: "Oblast Targovishte"
  cities:
  - name: "Targovishte"
    latitude: 43.2512
    longitude: 26.57215
    population: 37774
    dem: 186
    timezone: "Europe/Sofia"
  - name: "Popovo"
    latitude: 43.35
    longitude: 26.23333
    population: 16571
    dem: 190
    timezone: "Europe/Sofia"
  - name: "Omurtag"
    latitude: 43.1
    longitude: 26.41667
    population: 9070
    dem: 559
    timezone: "Europe/Sofia"
- name: "Oblast Shumen"
  cities:
  - name: "Shumen"
    latitude: 43.27064
    longitude: 26.92286
    population: 87283
    dem: 237
    timezone: "Europe/Sofia"
  - name: "Veliki Preslav"
    latitude: 43.16667
    longitude: 26.81667
    population: 9425
    dem: 146
    timezone: "Europe/Sofia"
  - name: "Novi Pazar"
    latitude: 43.35
    longitude: 27.2
    population: 13276
    dem: 135
    timezone: "Europe/Sofia"
- name: "Pazardzhik"
  cities:
  - name: "Velingrad"
    latitude: 42.02754
    longitude: 23.99155
    population: 24036
    dem: 750
    timezone: "Europe/Sofia"
  - name: "Septemvri"
    latitude: 42.21138
    longitude: 24.12946
    population: 8745
    dem: 235
    timezone: "Europe/Sofia"
  - name: "Rakitovo"
    latitude: 41.99012
    longitude: 24.0873
    population: 8376
    dem: 833
    timezone: "Europe/Sofia"
  - name: "Peshtera"
    latitude: 42.03372
    longitude: 24.29995
    population: 18676
    dem: 440
    timezone: "Europe/Sofia"
  - name: "Pazardzhik"
    latitude: 42.2
    longitude: 24.33333
    population: 75977
    dem: 213
    timezone: "Europe/Sofia"
  - name: "Panagyurishte"
    latitude: 42.49518
    longitude: 24.19021
    population: 19389
    dem: 518
    timezone: "Europe/Sofia"
- name: "Oblast Vidin"
  cities:
  - name: "Vidin"
    latitude: 43.99159
    longitude: 22.88236
    population: 54409
    dem: 35
    timezone: "Europe/Sofia"
  - name: "Belogradchik"
    latitude: 43.62722
    longitude: 22.68361
    population: 5688
    dem: 498
    timezone: "Europe/Sofia"
- name: "Sofia-Grad"
  cities:
  - name: "Sofia"
    latitude: 42.69751
    longitude: 23.32415
    population: 1152556
    dem: 562
    timezone: "Europe/Sofia"
- name: "Oblast Smolyan"
  cities:
  - name: "Zlatograd"
    latitude: 41.3795
    longitude: 25.09605
    population: 7331
    dem: 435
    timezone: "Europe/Sofia"
  - name: "Smolyan"
    latitude: 41.57439
    longitude: 24.71204
    population: 32069
    elevation: 921
    dem: 907
    timezone: "Europe/Sofia"
  - name: "Nedelino"
    latitude: 41.45602
    longitude: 25.08008
    population: 5017
    dem: 497
    timezone: "Europe/Sofia"
  - name: "Madan"
    latitude: 41.49869
    longitude: 24.93973
    population: 5661
    dem: 682
    timezone: "Europe/Sofia"
  - name: "Devin"
    latitude: 41.74327
    longitude: 24.40003
    population: 7393
    dem: 723
    timezone: "Europe/Sofia"
  - name: "Chepelare"
    latitude: 41.73333
    longitude: 24.68333
    population: 5478
    dem: 1162
    timezone: "Europe/Sofia"
- name: "Burgas"
  cities:
  - name: "Pomorie"
    latitude: 42.56326
    longitude: 27.62986
    population: 13714
    dem: 6
    timezone: "Europe/Sofia"
  - name: "Nesebar"
    latitude: 42.65921
    longitude: 27.73602
    population: 6302
    dem: 17
    timezone: "Europe/Sofia"
  - name: "Tsarevo"
    latitude: 42.16955
    longitude: 27.84541
    population: 6085
    dem: 36
    timezone: "Europe/Sofia"
  - name: "Karnobat"
    latitude: 42.65
    longitude: 26.98333
    population: 19709
    dem: 208
    timezone: "Europe/Sofia"
  - name: "Sredets"
    latitude: 42.34747
    longitude: 27.17898
    population: 9573
    dem: 25
    timezone: "Europe/Sofia"
  - name: "Burgas"
    latitude: 42.50606
    longitude: 27.46781
    population: 195966
    dem: 36
    timezone: "Europe/Sofia"
  - name: "Aytos"
    latitude: 42.7
    longitude: 27.25
    population: 20986
    dem: 89
    timezone: "Europe/Sofia"
- name: "Oblast Kyustendil"
  cities:
  - name: "Dupnitsa"
    latitude: 42.26667
    longitude: 23.11667
    population: 34764
    dem: 512
    timezone: "Europe/Sofia"
  - name: "Kyustendil"
    latitude: 42.28389
    longitude: 22.69111
    population: 48286
    dem: 519
    timezone: "Europe/Sofia"
  - name: "Bobov Dol"
    latitude: 42.36256
    longitude: 23.00324
    population: 6184
    dem: 648
    timezone: "Europe/Sofia"
- name: "Oblast Sliven"
  cities:
  - name: "Tvarditsa"
    latitude: 42.7
    longitude: 25.9
    population: 6519
    dem: 350
    timezone: "Europe/Sofia"
  - name: "Sliven"
    latitude: 42.68583
    longitude: 26.32917
    population: 96368
    dem: 271
    timezone: "Europe/Sofia"
  - name: "Nova Zagora"
    latitude: 42.48333
    longitude: 26.01667
    population: 24340
    dem: 130
    timezone: "Europe/Sofia"
  - name: "Kotel"
    latitude: 42.88333
    longitude: 26.45
    population: 6421
    dem: 494
    timezone: "Europe/Sofia"
- name: "Oblast Veliko Tarnovo"
  cities:
  - name: "Veliko Turnovo"
    latitude: 43.08124
    longitude: 25.62904
    population: 66217
    dem: 207
    timezone: "Europe/Sofia"
  - name: "Svishtov"
    latitude: 43.61875
    longitude: 25.35033
    population: 32256
    dem: 1
    timezone: "Europe/Sofia"
  - name: "Strazhitsa"
    latitude: 43.23333
    longitude: 25.96667
    population: 5728
    dem: 107
    timezone: "Europe/Sofia"
  - name: "Polski Trambesh"
    latitude: 43.37233
    longitude: 25.63525
    population: 5663
    dem: 30
    timezone: "Europe/Sofia"
  - name: "Pavlikeni"
    latitude: 43.24278
    longitude: 25.32194
    population: 12214
    dem: 157
    timezone: "Europe/Sofia"
  - name: "Lyaskovets"
    latitude: 43.11111
    longitude: 25.72833
    population: 8488
    dem: 174
    timezone: "Europe/Sofia"
  - name: "Gorna Oryahovitsa"
    latitude: 43.12778
    longitude: 25.70167
    population: 32792
    elevation: 218
    dem: 146
    timezone: "Europe/Sofia"
  - name: "Elena"
    latitude: 42.93333
    longitude: 25.88333
    population: 6042
    dem: 308
    timezone: "Europe/Sofia"
- name: "Oblast Yambol"
  cities:
  - name: "Yambol"
    latitude: 42.48333
    longitude: 26.5
    population: 80116
    dem: 132
    timezone: "Europe/Sofia"
  - name: "Straldzha"
    latitude: 42.6
    longitude: 26.68333
    population: 5817
    dem: 149
    timezone: "Europe/Sofia"
  - name: "Elhovo"
    latitude: 42.16667
    longitude: 26.56667
    population: 11107
    dem: 118
    timezone: "Europe/Sofia"
- name: "Oblast Stara Zagora"
  cities:
  - name: "Stara Zagora"
    latitude: 42.43278
    longitude: 25.64194
    population: 143431
    dem: 205
    timezone: "Europe/Sofia"
  - name: "Radnevo"
    latitude: 42.3
    longitude: 25.93333
    population: 14667
    dem: 116
    timezone: "Europe/Sofia"
  - name: "Kazanlak"
    latitude: 42.61667
    longitude: 25.4
    population: 55196
    dem: 366
    timezone: "Europe/Sofia"
  - name: "Gulubovo"
    latitude: 42.13333
    longitude: 25.85
    population: 8400
    dem: 144
    timezone: "Europe/Sofia"
  - name: "Chirpan"
    latitude: 42.2
    longitude: 25.33333
    population: 17243
    dem: 195
    timezone: "Europe/Sofia"
- name: "Oblast Pleven"
  cities:
  - name: "Pleven"
    latitude: 43.41667
    longitude: 24.61667
    population: 118675
    dem: 97
    timezone: "Europe/Sofia"
  - name: "Levski"
    latitude: 43.36667
    longitude: 25.13333
    population: 11467
    dem: 73
    timezone: "Europe/Sofia"
  - name: "Knezha"
    latitude: 43.5
    longitude: 24.08333
    population: 6889
    dem: 116
    timezone: "Europe/Sofia"
  - name: "Dolni Dabnik"
    latitude: 43.4
    longitude: 24.43333
    population: 5259
    dem: 109
    timezone: "Europe/Sofia"
  - name: "Cherven Bryag"
    latitude: 43.26667
    longitude: 24.1
    population: 21688
    dem: 195
    timezone: "Europe/Sofia"
  - name: "Belene"
    latitude: 43.64594
    longitude: 25.12627
    population: 9781
    dem: 29
    timezone: "Europe/Sofia"
- name: "Blagoevgrad"
  cities:
  - name: "Yakoruda"
    latitude: 42.02528
    longitude: 23.68417
    population: 6008
    dem: 1028
    timezone: "Europe/Sofia"
  - name: "Simitli"
    latitude: 41.88333
    longitude: 23.11667
    population: 6729
    dem: 280
    timezone: "Europe/Sofia"
  - name: "Sandanski"
    latitude: 41.56667
    longitude: 23.28333
    population: 26459
    dem: 246
    timezone: "Europe/Sofia"
  - name: "Razlog"
    latitude: 41.8863
    longitude: 23.46714
    population: 12486
    dem: 829
    timezone: "Europe/Sofia"
  - name: "Petrich"
    latitude: 41.39846
    longitude: 23.20702
    population: 30308
    dem: 185
    timezone: "Europe/Sofia"
  - name: "Gotse Delchev"
    latitude: 41.56667
    longitude: 23.73333
    population: 20471
    dem: 535
    timezone: "Europe/Sofia"
  - name: "Blagoevgrad"
    latitude: 42.01667
    longitude: 23.1
    population: 71306
    dem: 390
    timezone: "Europe/Sofia"
  - name: "Bansko"
    latitude: 41.8383
    longitude: 23.48851
    population: 9232
    dem: 929
    timezone: "Europe/Sofia"
- name: "Oblast Kardzhali"
  cities:
  - name: "Kardzhali"
    latitude: 41.65
    longitude: 25.36667
    population: 51000
    dem: 278
    timezone: "Europe/Sofia"
  - name: "Krumovgrad"
    latitude: 41.47127
    longitude: 25.65485
    population: 5271
    dem: 224
    timezone: "Europe/Sofia"
- name: "Oblast Ruse"
  cities:
  - name: "Vetovo"
    latitude: 43.7
    longitude: 26.26667
    population: 5175
    dem: 194
    timezone: "Europe/Sofia"
  - name: "Ruse"
    latitude: 43.84872
    longitude: 25.9534
    population: 156238
    dem: 26
    timezone: "Europe/Sofia"
- name: "Oblast Montana"
  cities:
  - name: "Varshets"
    latitude: 43.19356
    longitude: 23.2868
    population: 7512
    dem: 408
    timezone: "Europe/Sofia"
  - name: "Valchedram"
    latitude: 43.69281
    longitude: 23.44518
    population: 5207
    dem: 65
    timezone: "Europe/Sofia"
  - name: "Montana"
    latitude: 43.4125
    longitude: 23.225
    population: 47445
    dem: 148
    timezone: "Europe/Sofia"
  - name: "Lom"
    latitude: 43.82106
    longitude: 23.23677
    population: 26594
    dem: 23
    timezone: "Europe/Sofia"
  - name: "Berkovitsa"
    latitude: 43.23581
    longitude: 23.12738
    population: 15027
    dem: 369
    timezone: "Europe/Sofia"
- name: "Gabrovo"
  cities:
  - name: "Tryavna"
    latitude: 42.86667
    longitude: 25.5
    population: 13818
    dem: 488
    timezone: "Europe/Sofia"
  - name: "Sevlievo"
    latitude: 43.02583
    longitude: 25.11361
    population: 24582
    dem: 195
    timezone: "Europe/Sofia"
  - name: "Gabrovo"
    latitude: 42.87472
    longitude: 25.33417
    population: 66175
    dem: 538
    timezone: "Europe/Sofia"
  - name: "Dryanovo"
    latitude: 42.97897
    longitude: 25.4785
    population: 8346
    dem: 256
    timezone: "Europe/Sofia"
- name: "Oblast Dobrich"
  cities:
  - name: "Dobrich"
    latitude: 43.56667
    longitude: 27.83333
    population: 94831
    dem: 214
    timezone: "Europe/Sofia"
  - name: "Tervel"
    latitude: 43.74789
    longitude: 27.40911
    population: 6808
    dem: 266
    timezone: "Europe/Sofia"
  - name: "Kavarna"
    latitude: 43.43601
    longitude: 28.33953
    population: 11205
    dem: 129
    timezone: "Europe/Sofia"
  - name: "General Toshevo"
    latitude: 43.70123
    longitude: 28.03787
    population: 7758
    dem: 228
    timezone: "Europe/Sofia"
  - name: "Balchik"
    latitude: 43.42166
    longitude: 28.15848
    population: 13000
    dem: 191
    timezone: "Europe/Sofia"
- name: "Varna"
  cities:
  - name: "Beloslav"
    latitude: 43.1896
    longitude: 27.70429
    population: 7989
    dem: 16
    timezone: "Europe/Sofia"
  - name: "Varna"
    latitude: 43.21667
    longitude: 27.91667
    population: 312770
    dem: 54
    timezone: "Europe/Sofia"
  - name: "Provadia"
    latitude: 43.18333
    longitude: 27.43333
    population: 13755
    dem: 173
    timezone: "Europe/Sofia"
  - name: "Dolni Chiflik"
    latitude: 42.99296
    longitude: 27.71596
    population: 7169
    dem: 27
    timezone: "Europe/Sofia"
  - name: "Dalgopol"
    latitude: 43.05
    longitude: 27.35
    population: 5272
    dem: 34
    timezone: "Europe/Sofia"
  - name: "Devnya"
    latitude: 43.22222
    longitude: 27.56944
    population: 8171
    dem: 70
    timezone: "Europe/Sofia"
  - name: "Aksakovo"
    latitude: 43.25615
    longitude: 27.82105
    population: 7132
    dem: 118
    timezone: "Europe/Sofia"
  - name: "Zlatni Pyasatsi"
    latitude: 43.285
    longitude: 28.0418
    population: 9760
    dem: 24
    timezone: "Europe/Sofia"
- name: "Oblast Silistra"
  cities:
  - name: "Tutrakan"
    latitude: 44.04906
    longitude: 26.61206
    population: 10022
    dem: 109
    timezone: "Europe/Sofia"
  - name: "Silistra"
    latitude: 44.1171
    longitude: 27.26056
    population: 39715
    dem: 4
    timezone: "Europe/Sofia"
  - name: "Dulovo"
    latitude: 43.81667
    longitude: 27.15
    population: 6788
    dem: 226
    timezone: "Europe/Sofia"
- name: "Pernik"
  cities:
  - name: "Radomir"
    latitude: 42.54565
    longitude: 22.96553
    population: 14755
    dem: 683
    timezone: "Europe/Sofia"
  - name: "Pernik"
    latitude: 42.6
    longitude: 23.03333
    population: 82467
    dem: 712
    timezone: "Europe/Sofia"
- name: "Sofia"
  cities:
  - name: "Zlatitsa"
    latitude: 42.71667
    longitude: 24.13333
    population: 5786
    dem: 692
    timezone: "Europe/Sofia"
  - name: "Svoge"
    latitude: 42.96667
    longitude: 23.35
    population: 8964
    dem: 455
    timezone: "Europe/Sofia"
  - name: "Slivnitsa"
    latitude: 42.85182
    longitude: 23.03792
    population: 7545
    dem: 591
    timezone: "Europe/Sofia"
  - name: "Samokov"
    latitude: 42.337
    longitude: 23.5528
    population: 26765
    dem: 945
    timezone: "Europe/Sofia"
  - name: "Pirdop"
    latitude: 42.7
    longitude: 24.18333
    population: 8136
    dem: 675
    timezone: "Europe/Sofia"
  - name: "Kostinbrod"
    latitude: 42.81667
    longitude: 23.21667
    population: 12175
    dem: 534
    timezone: "Europe/Sofia"
  - name: "Ihtiman"
    latitude: 42.43333
    longitude: 23.81667
    population: 14154
    dem: 636
    timezone: "Europe/Sofia"
  - name: "Godech"
    latitude: 43.01682
    longitude: 23.04852
    population: 5154
    dem: 699
    timezone: "Europe/Sofia"
  - name: "Etropole"
    latitude: 42.83333
    longitude: 24.0
    population: 11031
    dem: 535
    timezone: "Europe/Sofia"
  - name: "Elin Pelin"
    latitude: 42.66667
    longitude: 23.6
    population: 7373
    dem: 549
    timezone: "Europe/Sofia"
  - name: "Botevgrad"
    latitude: 42.9
    longitude: 23.78333
    population: 20909
    dem: 363
    timezone: "Europe/Sofia"
- name: "Oblast Vratsa"
  cities:
  - name: "Vratsa"
    latitude: 43.21
    longitude: 23.5625
    population: 64941
    dem: 352
    timezone: "Europe/Sofia"
  - name: "Oryahovo"
    latitude: 43.73618
    longitude: 23.96052
    population: 5706
    dem: 56
    timezone: "Europe/Sofia"
  - name: "Mezdra"
    latitude: 43.15
    longitude: 23.7
    population: 11975
    dem: 277
    timezone: "Europe/Sofia"
  - name: "Kozloduy"
    latitude: 43.77864
    longitude: 23.72058
    population: 14717
    dem: 41
    timezone: "Europe/Sofia"
  - name: "Byala Slatina"
    latitude: 43.46667
    longitude: 23.93333
    population: 13307
    dem: 125
    timezone: "Europe/Sofia"
- name: "Haskovo"
  cities:
  - name: "Topolovgrad"
    latitude: 42.08333
    longitude: 26.33333
    population: 6464
    dem: 328
    timezone: "Europe/Sofia"
  - name: "Svilengrad"
    latitude: 41.76667
    longitude: 26.2
    population: 19279
    dem: 58
    timezone: "Europe/Sofia"
  - name: "Simeonovgrad"
    latitude: 42.03333
    longitude: 25.83333
    population: 7388
    dem: 104
    timezone: "Europe/Sofia"
  - name: "Lyubimets"
    latitude: 41.83333
    longitude: 26.08333
    population: 8065
    dem: 68
    timezone: "Europe/Sofia"
  - name: "Haskovo"
    latitude: 41.93415
    longitude: 25.55557
    population: 79699
    dem: 195
    timezone: "Europe/Sofia"
  - name: "Harmanli"
    latitude: 41.93333
    longitude: 25.9
    population: 18931
    dem: 74
    timezone: "Europe/Sofia"
  - name: "Dimitrovgrad"
    latitude: 42.05
    longitude: 25.6
    population: 43288
    dem: 111
    timezone: "Europe/Sofia"
