---
name: "Bahamas"
iso: "BS"
iso3: "BHS"
code: "044"
capital: "Nassau"
area: 13940.0
population: 301790
continent: "NA"
currencyCode: "BSD"
currencyName: "Dollar"
phone: "+1-242"
languages: "en-BS"
regions:
- name: "City of Freeport District"
  cities:
  - name: "Lucaya"
    latitude: 26.53333
    longitude: -78.66667
    population: 46525
    dem: 7
    timezone: "America/Nassau"
  - name: "Freeport"
    latitude: 26.53333
    longitude: -78.7
    population: 26910
    dem: 6
    timezone: "America/Nassau"
- name: "Exuma District"
  cities:
  - name: "George Town"
    latitude: 23.51616
    longitude: -75.78665
    population: 7314
    dem: 15
    timezone: "America/Nassau"
- name: "Grand Cay District"
- name: "South Andros"
- name: "Central Eleuthera District"
  cities:
  - name: "Governors Harbour"
    latitude: 25.16667
    longitude: -76.23333
    population: 0
    dem: -9999
    timezone: "America/Nassau"
- name: "Moores Island District"
  cities:
  - name: "Hard Bargain"
    latitude: 26.31667
    longitude: -77.56667
    population: 0
    dem: 7
    timezone: "America/Nassau"
- name: "Acklins Island District"
  cities:
  - name: "Masons Bay"
    latitude: 22.54352
    longitude: -73.8778
    population: 0
    dem: 6
    timezone: "America/Nassau"
- name: "West Grand Bahama District"
  cities:
  - name: "West End"
    latitude: 26.68711
    longitude: -78.97702
    population: 12724
    dem: 5
    timezone: "America/Nassau"
- name: "North Eleuthera District"
- name: "Cat Island"
  cities:
  - name: "Arthurs Town"
    latitude: 24.6224
    longitude: -75.67151
    population: 1175
    dem: 5
    timezone: "America/Nassau"
- name: "Black Point District"
  cities:
  - name: "Black Point"
    latitude: 24.1
    longitude: -76.38333
    population: 0
    dem: -9999
    timezone: "America/Nassau"
- name: "Long Island"
  cities:
  - name: "Clarence Town"
    latitude: 23.1
    longitude: -74.98333
    population: 1752
    dem: 20
    timezone: "America/Nassau"
- name: "Ragged Island District"
  cities:
  - name: "Duncan Town"
    latitude: 22.19083
    longitude: -75.72583
    population: 70
    dem: 27
    timezone: "America/Nassau"
- name: "Spanish Wells District"
  cities:
  - name: "Spanish Wells"
    latitude: 25.54717
    longitude: -76.76405
    population: 1500
    dem: 9
    timezone: "America/Nassau"
- name: "North Andros District"
  cities:
  - name: "San Andros"
    latitude: 25.06667
    longitude: -78.05
    population: 7800
    dem: 15
    timezone: "America/Nassau"
- name: "East Grand Bahama District"
  cities:
  - name: "High Rock"
    latitude: 26.60999
    longitude: -78.27863
    population: 3744
    dem: -9999
    timezone: "America/Nassau"
- name: "San Salvador District"
  cities:
  - name: "Cockburn Town"
    latitude: 24.05179
    longitude: -74.53138
    population: 831
    dem: 10
    timezone: "America/Nassau"
- name: "New Providence District"
  cities:
  - name: "Nassau"
    latitude: 25.05823
    longitude: -77.34306
    population: 227940
    dem: 5
    timezone: "America/Nassau"
- name: "Central Andros District"
- name: "South Abaco District"
- name: "Mangrove Cay"
- name: "Bimini District"
  cities:
  - name: "Alice Town"
    latitude: 25.728
    longitude: -79.29721
    population: 949
    dem: 1
    timezone: "America/Nassau"
- name: "Berry Islands District"
- name: "South Eleuthera"
- name: "North Abaco District"
  cities:
  - name: "Coopers Town"
    latitude: 26.87137
    longitude: -77.51131
    population: 8413
    dem: 3
    timezone: "America/Nassau"
- name: "Crooked Island and Long Cay District"
  cities:
  - name: "Colonel Hill"
    latitude: 22.7545
    longitude: -74.20415
    population: 240
    dem: 5
    timezone: "America/Nassau"
- name: "Rum Cay"
  cities:
  - name: "Port Nelson"
    latitude: 23.64967
    longitude: -74.84157
    population: 91
    dem: 4
    timezone: "America/Nassau"
- name: "Inagua"
  cities:
  - name: "Matthew Town"
    latitude: 20.94982
    longitude: -73.67346
    population: 452
    dem: 11
    timezone: "America/Nassau"
- name: "Harbour Island District"
- name: "Mayaguana District"
  cities:
  - name: "Abrahams Bay"
    latitude: 22.36667
    longitude: -72.96667
    population: 235
    dem: 7
    timezone: "America/Nassau"
- name: "Hope Town District"
- name: "Central Abaco District"
  cities:
  - name: "Marsh Harbour"
    latitude: 26.54124
    longitude: -77.0636
    population: 5314
    dem: 4
    timezone: "America/Nassau"
