---
name: "Colombia"
iso: "CO"
iso3: "COL"
code: "170"
capital: "Bogota"
area: 1138910.0
population: 47790000
continent: "SA"
currencyCode: "COP"
currencyName: "Peso"
phone: "57"
postalCodeFormat: "######"
postalCodeRegex: "^(\\d{6})$"
languages: "es-CO"
neighbours: "EC,PE,PA,BR,VE"
regions:
- name: "Departamento del Guaviare"
  cities:
  - name: "San Jose del Guaviare"
    latitude: 2.57286
    longitude: -72.64591
    population: 22136
    dem: 184
    timezone: "America/Bogota"
- name: "Departamento del Caqueta"
  cities:
  - name: "Puerto Rico"
    latitude: 1.90999
    longitude: -75.15931
    population: 12306
    dem: 531
    timezone: "America/Bogota"
  - name: "Florencia"
    latitude: 1.61438
    longitude: -75.60623
    population: 130337
    dem: 270
    timezone: "America/Bogota"
  - name: "El Paujil"
    latitude: 1.57006
    longitude: -75.32863
    population: 7618
    dem: 343
    timezone: "America/Bogota"
  - name: "El Doncello"
    latitude: 1.67817
    longitude: -75.28466
    population: 13082
    dem: 357
    timezone: "America/Bogota"
  - name: "Curillo"
    latitude: 1.03327
    longitude: -75.91907
    population: 9539
    dem: 230
    timezone: "America/Bogota"
  - name: "Cartagena del Chaira"
    latitude: 1.33488
    longitude: -74.84289
    population: 7586
    dem: 221
    timezone: "America/Bogota"
- name: "Departamento del Vichada"
  cities:
  - name: "Puerto Carreno"
    latitude: 6.18903
    longitude: -67.48588
    population: 10216
    dem: 51
    timezone: "America/Bogota"
  - name: "Cumaribo"
    latitude: 4.44552
    longitude: -69.79897
    population: 23990
    dem: 161
    timezone: "America/Bogota"
- name: "Providencia y Santa Catalina, Departamento de Archipielago de San Andres"
  cities:
  - name: "San Andres"
    latitude: 12.58317
    longitude: -81.70636
    population: 58257
    dem: -9999
    timezone: "America/Bogota"
- name: "Distrito Capital de Bogota"
  cities:
  - name: "Bogota"
    latitude: 4.60971
    longitude: -74.08175
    population: 7674366
    dem: 2582
    timezone: "America/Bogota"
- name: "Departamento de Tolima"
  cities:
  - name: "Venadillo"
    latitude: 4.71929
    longitude: -74.92918
    population: 11310
    dem: 334
    timezone: "America/Bogota"
  - name: "San Antonio"
    latitude: 3.91423
    longitude: -75.48009
    population: 5185
    dem: 1431
    timezone: "America/Bogota"
  - name: "Saldana"
    latitude: 3.92923
    longitude: -75.01517
    population: 9237
    dem: 311
    timezone: "America/Bogota"
  - name: "Rovira"
    latitude: 4.23922
    longitude: -75.23996
    population: 6949
    dem: 867
    timezone: "America/Bogota"
  - name: "Rioblanco"
    latitude: 3.52973
    longitude: -75.64525
    population: 6210
    dem: 1762
    timezone: "America/Bogota"
  - name: "Purificacion"
    latitude: 3.85871
    longitude: -74.93129
    population: 10846
    dem: 305
    timezone: "America/Bogota"
  - name: "Playarrica"
    latitude: 4.05694
    longitude: -75.41028
    population: 5381
    dem: 1049
    timezone: "America/Bogota"
  - name: "Planadas"
    latitude: 3.19698
    longitude: -75.64506
    population: 9709
    dem: 1212
    timezone: "America/Bogota"
  - name: "Payande"
    latitude: 4.2975
    longitude: -75.09667
    population: 37496
    dem: 700
    timezone: "America/Bogota"
  - name: "Padua"
    latitude: 5.13429
    longitude: -75.14001
    population: 19311
    dem: 2041
    timezone: "America/Bogota"
  - name: "Ortega"
    latitude: 3.9361
    longitude: -75.22169
    population: 6871
    dem: 393
    timezone: "America/Bogota"
  - name: "Natagaima"
    latitude: 3.62057
    longitude: -75.09415
    population: 11217
    dem: 326
    timezone: "America/Bogota"
  - name: "Melgar"
    latitude: 4.20475
    longitude: -74.64075
    population: 25980
    dem: 325
    timezone: "America/Bogota"
  - name: "San Sebastian de Mariquita"
    latitude: 5.19889
    longitude: -74.89295
    population: 23104
    dem: 485
    timezone: "America/Bogota"
  - name: "Libano"
    latitude: 4.9218
    longitude: -75.06232
    population: 28211
    dem: 1575
    timezone: "America/Bogota"
  - name: "Lerida"
    latitude: 4.86242
    longitude: -74.90977
    population: 20069
    dem: 345
    timezone: "America/Bogota"
  - name: "La Chamba"
    latitude: 4.02649
    longitude: -74.86844
    population: 7075
    dem: 294
    timezone: "America/Bogota"
  - name: "Junin"
    latitude: 4.78333
    longitude: -75.01667
    population: 11158
    dem: 1235
    timezone: "America/Bogota"
  - name: "Ibague"
    latitude: 4.43889
    longitude: -75.23222
    population: 421685
    dem: 1229
    timezone: "America/Bogota"
  - name: "Honda"
    latitude: 5.20856
    longitude: -74.73584
    population: 28158
    dem: 200
    timezone: "America/Bogota"
  - name: "Guamo"
    latitude: 4.03078
    longitude: -74.9701
    population: 14881
    dem: 323
    timezone: "America/Bogota"
  - name: "Gaitania"
    latitude: 3.15
    longitude: -75.81667
    population: 11000
    dem: 2618
    timezone: "America/Bogota"
  - name: "Fresno"
    latitude: 5.15264
    longitude: -75.03624
    population: 17668
    dem: 1467
    timezone: "America/Bogota"
  - name: "Flandes"
    latitude: 4.29005
    longitude: -74.81612
    population: 20919
    dem: 285
    timezone: "America/Bogota"
  - name: "Falan"
    latitude: 5.12383
    longitude: -74.95181
    population: 5234
    dem: 954
    timezone: "America/Bogota"
  - name: "Espinal"
    latitude: 4.14924
    longitude: -74.88429
    population: 56213
    dem: 323
    timezone: "America/Bogota"
  - name: "Coello"
    latitude: 4.40306
    longitude: -75.29417
    population: 9887
    dem: 1303
    timezone: "America/Bogota"
  - name: "Chicoral"
    latitude: 4.21536
    longitude: -74.98189
    population: 14686
    dem: 409
    timezone: "America/Bogota"
  - name: "Chaparral"
    latitude: 3.72315
    longitude: -75.48316
    population: 19982
    dem: 856
    timezone: "America/Bogota"
  - name: "Carmen de Apicala"
    latitude: 4.14725
    longitude: -74.72014
    population: 5640
    dem: 315
    timezone: "America/Bogota"
  - name: "Cajamarca"
    latitude: 4.44234
    longitude: -75.42874
    population: 9309
    dem: 1818
    timezone: "America/Bogota"
  - name: "Guayabal"
    latitude: 5.03103
    longitude: -74.88683
    population: 5339
    dem: 280
    timezone: "America/Bogota"
  - name: "Anaime"
    latitude: 4.39639
    longitude: -75.445
    population: 25715
    dem: 1818
    timezone: "America/Bogota"
  - name: "Santa Isabel"
    latitude: 3.34944
    longitude: -74.98056
    population: 6382
    dem: 1094
    timezone: "America/Bogota"
  - name: "Armero-Guyabal"
    latitude: 4.96701
    longitude: -74.90294
    population: 11720
    dem: 341
    timezone: "America/Bogota"
- name: "Departamento de Caldas"
  cities:
  - name: "Viterbo"
    latitude: 5.06242
    longitude: -75.87159
    population: 15216
    dem: 976
    timezone: "America/Bogota"
  - name: "Villamaria"
    latitude: 5.04565
    longitude: -75.51474
    population: 35302
    dem: 1887
    timezone: "America/Bogota"
  - name: "Supia"
    latitude: 5.45303
    longitude: -75.65072
    population: 12784
    dem: 1167
    timezone: "America/Bogota"
  - name: "Salamina"
    latitude: 5.40733
    longitude: -75.48749
    population: 18076
    dem: 1792
    timezone: "America/Bogota"
  - name: "Risaralda"
    latitude: 5.16647
    longitude: -75.76595
    population: 5421
    dem: 1728
    timezone: "America/Bogota"
  - name: "Riosucio"
    latitude: 5.42164
    longitude: -75.70318
    population: 18950
    dem: 1775
    timezone: "America/Bogota"
  - name: "Pensilvania"
    latitude: 5.38346
    longitude: -75.16122
    population: 8173
    dem: 2070
    timezone: "America/Bogota"
  - name: "Palestina"
    latitude: 5.0161
    longitude: -75.62854
    population: 7865
    dem: 1527
    timezone: "America/Bogota"
  - name: "Pacora"
    latitude: 5.52708
    longitude: -75.4593
    population: 8218
    dem: 1809
    timezone: "America/Bogota"
  - name: "Norcasia"
    latitude: 5.57535
    longitude: -74.88831
    population: 5976
    dem: 621
    timezone: "America/Bogota"
  - name: "Neira"
    latitude: 5.1665
    longitude: -75.52001
    population: 11755
    dem: 1953
    timezone: "America/Bogota"
  - name: "Marquetalia"
    latitude: 5.29659
    longitude: -75.05496
    population: 6224
    dem: 1554
    timezone: "America/Bogota"
  - name: "Manzanares"
    latitude: 5.25397
    longitude: -75.15403
    population: 16278
    dem: 2224
    timezone: "America/Bogota"
  - name: "Manizales"
    latitude: 5.06889
    longitude: -75.51738
    population: 357814
    dem: 2119
    timezone: "America/Bogota"
  - name: "La Dorada"
    latitude: 5.44783
    longitude: -74.66311
    population: 81950
    dem: 176
    timezone: "America/Bogota"
  - name: "Filadelfia"
    latitude: 5.29606
    longitude: -75.5612
    population: 5064
    dem: 1584
    timezone: "America/Bogota"
  - name: "Chinchina"
    latitude: 4.9825
    longitude: -75.60361
    population: 68512
    dem: 1382
    timezone: "America/Bogota"
  - name: "Belalcazar"
    latitude: 4.99528
    longitude: -75.81278
    population: 6367
    dem: 1591
    timezone: "America/Bogota"
  - name: "Aranzazu"
    latitude: 5.27123
    longitude: -75.49044
    population: 9327
    dem: 1900
    timezone: "America/Bogota"
  - name: "Aguadas"
    latitude: 5.61161
    longitude: -75.45624
    population: 19727
    dem: 2146
    timezone: "America/Bogota"
- name: "Departamento del Putumayo"
  cities:
  - name: "Villagarzon"
    latitude: 1.0375
    longitude: -76.62667
    population: 7015
    dem: 446
    timezone: "America/Bogota"
  - name: "Sibundoy"
    latitude: 1.20296
    longitude: -76.92275
    population: 9458
    dem: 2106
    timezone: "America/Bogota"
  - name: "La Dorada"
    latitude: 0.34314
    longitude: -76.91124
    population: 7185
    dem: 306
    timezone: "America/Bogota"
  - name: "Puerto Leguizamo"
    latitude: -0.19337
    longitude: -74.78189
    population: 9098
    dem: 189
    timezone: "America/Bogota"
  - name: "Puerto Asis"
    latitude: 0.50514
    longitude: -76.49571
    population: 29782
    elevation: 250
    dem: 411
    timezone: "America/Bogota"
  - name: "Mocoa"
    latitude: 1.15284
    longitude: -76.65208
    population: 22035
    dem: 612
    timezone: "America/Bogota"
  - name: "Valle del Guamuez"
    latitude: 0.4525
    longitude: -76.91917
    population: 9969
    dem: 336
    timezone: "America/Bogota"
  - name: "Orito"
    latitude: 0.66749
    longitude: -76.87297
    population: 13708
    dem: 349
    timezone: "America/Bogota"
- name: "Amazonas"
  cities:
  - name: "Leticia"
    latitude: -4.21528
    longitude: -69.94056
    population: 29666
    dem: 82
    timezone: "America/Bogota"
- name: "Departamento del Huila"
  cities:
  - name: "Yaguara"
    latitude: 2.66355
    longitude: -75.51753
    population: 5724
    dem: 578
    timezone: "America/Bogota"
  - name: "Timana"
    latitude: 1.97136
    longitude: -75.93123
    population: 8203
    dem: 1030
    timezone: "America/Bogota"
  - name: "San Agustin"
    latitude: 1.87884
    longitude: -76.26722
    population: 9481
    dem: 1632
    timezone: "America/Bogota"
  - name: "Rivera"
    latitude: 2.77717
    longitude: -75.25642
    population: 8044
    dem: 731
    timezone: "America/Bogota"
  - name: "Pitalito"
    latitude: 1.85371
    longitude: -76.05071
    population: 53685
    dem: 1265
    timezone: "America/Bogota"
  - name: "Palermo"
    latitude: 2.89167
    longitude: -75.4375
    population: 9896
    dem: 546
    timezone: "America/Bogota"
  - name: "Neiva"
    latitude: 2.9273
    longitude: -75.28189
    population: 352855
    dem: 461
    timezone: "America/Bogota"
  - name: "La Plata"
    latitude: 2.39341
    longitude: -75.89232
    population: 19275
    dem: 1020
    timezone: "America/Bogota"
  - name: "Gigante"
    latitude: 2.38678
    longitude: -75.54736
    population: 9829
    dem: 808
    timezone: "America/Bogota"
  - name: "Garzon"
    latitude: 2.19593
    longitude: -75.62777
    population: 29451
    dem: 834
    timezone: "America/Bogota"
  - name: "Campoalegre"
    latitude: 2.68489
    longitude: -75.32311
    population: 22568
    dem: 537
    timezone: "America/Bogota"
  - name: "Algeciras"
    latitude: 2.52385
    longitude: -75.31733
    population: 10792
    dem: 995
    timezone: "America/Bogota"
  - name: "Aipe"
    latitude: 3.22222
    longitude: -75.23667
    population: 7964
    dem: 393
    timezone: "America/Bogota"
  - name: "Isnos"
    latitude: 1.93556
    longitude: -76.24056
    population: 5185
    dem: 1806
    timezone: "America/Bogota"
- name: "Departamento del Cesar"
  cities:
  - name: "Valledupar"
    latitude: 10.46314
    longitude: -73.25322
    population: 308237
    dem: 165
    timezone: "America/Bogota"
  - name: "San Diego"
    latitude: 10.33623
    longitude: -73.18203
    population: 8014
    dem: 166
    timezone: "America/Bogota"
  - name: "San Alberto"
    latitude: 7.76107
    longitude: -73.3922
    population: 10627
    dem: 118
    timezone: "America/Bogota"
  - name: "Rio de Oro"
    latitude: 8.2919
    longitude: -73.38485
    population: 6122
    dem: 1164
    timezone: "America/Bogota"
  - name: "Pelaya"
    latitude: 8.68819
    longitude: -73.66451
    population: 11306
    dem: 73
    timezone: "America/Bogota"
  - name: "Pailitas"
    latitude: 8.95652
    longitude: -73.62548
    population: 10480
    dem: 74
    timezone: "America/Bogota"
  - name: "La Paz"
    latitude: 10.38439
    longitude: -73.17332
    population: 13249
    dem: 152
    timezone: "America/Bogota"
  - name: "La Jagua de Ibirico"
    latitude: 9.56228
    longitude: -73.33405
    population: 18555
    dem: 140
    timezone: "America/Bogota"
  - name: "La Gloria"
    latitude: 8.61868
    longitude: -73.80265
    population: 6810
    dem: 36
    timezone: "America/Bogota"
  - name: "Gonzalez"
    latitude: 8.38944
    longitude: -73.37989
    population: 5634
    dem: 1309
    timezone: "America/Bogota"
  - name: "Gamarra"
    latitude: 8.32279
    longitude: -73.74268
    population: 7327
    dem: 42
    timezone: "America/Bogota"
  - name: "El Paso"
    latitude: 9.65724
    longitude: -73.74685
    population: 6367
    dem: 41
    timezone: "America/Bogota"
  - name: "El Copey"
    latitude: 10.15031
    longitude: -73.9614
    population: 18136
    dem: 141
    timezone: "America/Bogota"
  - name: "Curumani"
    latitude: 9.19992
    longitude: -73.54274
    population: 22084
    dem: 59
    timezone: "America/Bogota"
  - name: "Chiriguana"
    latitude: 9.36238
    longitude: -73.60313
    population: 15181
    dem: 33
    timezone: "America/Bogota"
  - name: "Chimichagua"
    latitude: 9.25778
    longitude: -73.81228
    population: 16746
    dem: 35
    timezone: "America/Bogota"
  - name: "Becerril"
    latitude: 9.70413
    longitude: -73.2793
    population: 9002
    dem: 112
    timezone: "America/Bogota"
  - name: "Astrea"
    latitude: 9.49828
    longitude: -73.97591
    population: 8995
    dem: 87
    timezone: "America/Bogota"
  - name: "Ariguani"
    latitude: 10.25
    longitude: -74.0
    population: 26246
    dem: 136
    timezone: "America/Bogota"
  - name: "Aguachica"
    latitude: 8.30844
    longitude: -73.6166
    population: 73360
    dem: 164
    timezone: "America/Bogota"
  - name: "Agustin Codazzi"
    latitude: 10.03672
    longitude: -73.23558
    population: 51478
    dem: 136
    timezone: "America/Bogota"
  - name: "Manaure Balcon del Cesar"
    latitude: 10.39278
    longitude: -73.0325
    population: 7953
    dem: 726
    timezone: "America/Bogota"
  - name: "San Martin"
    latitude: 8.00151
    longitude: -73.51126
    population: 7029
    dem: 112
    timezone: "America/Bogota"
- name: "Departamento del Atlantico"
  cities:
  - name: "Usiacuri"
    latitude: 10.74313
    longitude: -74.97604
    population: 9146
    dem: 119
    timezone: "America/Bogota"
  - name: "Tubara"
    latitude: 10.87562
    longitude: -74.97873
    population: 8180
    dem: 252
    timezone: "America/Bogota"
  - name: "Suan"
    latitude: 10.33347
    longitude: -74.88016
    population: 10381
    dem: 10
    timezone: "America/Bogota"
  - name: "Soledad"
    latitude: 10.91843
    longitude: -74.76459
    population: 342556
    dem: 15
    timezone: "America/Bogota"
  - name: "Santo Tomas"
    latitude: 10.75773
    longitude: -74.75451
    population: 25847
    dem: 10
    timezone: "America/Bogota"
  - name: "Santa Lucia"
    latitude: 10.3242
    longitude: -74.96017
    population: 15760
    dem: 9
    timezone: "America/Bogota"
  - name: "Sabanalarga"
    latitude: 10.63072
    longitude: -74.92214
    population: 68535
    dem: 101
    timezone: "America/Bogota"
  - name: "Sabanagrande"
    latitude: 10.79115
    longitude: -74.76059
    population: 24880
    dem: 9
    timezone: "America/Bogota"
  - name: "Repelon"
    latitude: 10.4952
    longitude: -75.12448
    population: 18685
    dem: 11
    timezone: "America/Bogota"
  - name: "Puerto Colombia"
    latitude: 10.98778
    longitude: -74.95472
    population: 26227
    dem: 12
    timezone: "America/Bogota"
  - name: "Ponedera"
    latitude: 10.64297
    longitude: -74.75393
    population: 11221
    dem: 20
    timezone: "America/Bogota"
  - name: "Polonuevo"
    latitude: 10.77697
    longitude: -74.85344
    population: 11727
    dem: 86
    timezone: "America/Bogota"
  - name: "Palmar de Varela"
    latitude: 10.74055
    longitude: -74.75443
    population: 28084
    dem: 12
    timezone: "America/Bogota"
  - name: "Manati"
    latitude: 10.44589
    longitude: -74.95869
    population: 14140
    dem: 12
    timezone: "America/Bogota"
  - name: "Malambo"
    latitude: 10.85953
    longitude: -74.77386
    population: 101534
    dem: 17
    timezone: "America/Bogota"
  - name: "Luruaco"
    latitude: 10.61712
    longitude: -75.15146
    population: 13236
    dem: 28
    timezone: "America/Bogota"
  - name: "Juan de Acosta"
    latitude: 10.8293
    longitude: -75.03346
    population: 8655
    dem: 50
    timezone: "America/Bogota"
  - name: "Galapa"
    latitude: 10.89686
    longitude: -74.886
    population: 19732
    dem: 92
    timezone: "America/Bogota"
  - name: "Candelaria"
    latitude: 10.45912
    longitude: -74.8797
    population: 11427
    dem: 13
    timezone: "America/Bogota"
  - name: "Campo de la Cruz"
    latitude: 10.37808
    longitude: -74.88356
    population: 22803
    dem: 9
    timezone: "America/Bogota"
  - name: "Barranquilla"
    latitude: 10.96854
    longitude: -74.78132
    population: 1380425
    dem: 24
    timezone: "America/Bogota"
  - name: "Baranoa"
    latitude: 10.79408
    longitude: -74.9164
    population: 44078
    dem: 120
    timezone: "America/Bogota"
- name: "Departamento del Meta"
  cities:
  - name: "Villavicencio"
    latitude: 4.142
    longitude: -73.62664
    population: 321717
    dem: 441
    timezone: "America/Bogota"
  - name: "San Martin"
    latitude: 3.69637
    longitude: -73.69957
    population: 16273
    dem: 425
    timezone: "America/Bogota"
  - name: "Restrepo"
    latitude: 4.25833
    longitude: -73.56142
    population: 7511
    dem: 474
    timezone: "America/Bogota"
  - name: "Puerto Yuca"
    latitude: 2.93833
    longitude: -73.20833
    population: 5029
    dem: 212
    timezone: "America/Bogota"
  - name: "Puerto Lopez"
    latitude: 4.09912
    longitude: -72.95647
    population: 16678
    dem: 180
    timezone: "America/Bogota"
  - name: "Puerto Lleras"
    latitude: 3.02225
    longitude: -73.4044
    population: 5076
    dem: 251
    timezone: "America/Bogota"
  - name: "Guamal"
    latitude: 3.88043
    longitude: -73.76566
    population: 5026
    dem: 522
    timezone: "America/Bogota"
  - name: "Granada"
    latitude: 3.54625
    longitude: -73.70687
    population: 32365
    dem: 336
    timezone: "America/Bogota"
  - name: "Cumaral"
    latitude: 4.2708
    longitude: -73.48669
    population: 11263
    dem: 412
    timezone: "America/Bogota"
  - name: "Acacias"
    latitude: 3.98695
    longitude: -73.75797
    population: 40627
    dem: 530
    timezone: "America/Bogota"
  - name: "Lejanias"
    latitude: 3.52762
    longitude: -74.02335
    population: 5157
    dem: 689
    timezone: "America/Bogota"
  - name: "Puerto Gaitan"
    latitude: 4.31328
    longitude: -72.08157
    population: 5928
    dem: 160
    timezone: "America/Bogota"
- name: "Departamento de Boyaca"
  cities:
  - name: "Villa de Leyva"
    latitude: 5.63413
    longitude: -73.52438
    population: 5103
    dem: 2119
    timezone: "America/Bogota"
  - name: "Tunja"
    latitude: 5.53528
    longitude: -73.36778
    population: 117479
    dem: 2804
    timezone: "America/Bogota"
  - name: "Sogamoso"
    latitude: 5.71434
    longitude: -72.93391
    population: 126551
    dem: 2490
    timezone: "America/Bogota"
  - name: "Soata"
    latitude: 6.33369
    longitude: -72.68283
    population: 10945
    dem: 1979
    timezone: "America/Bogota"
  - name: "Santa Rosa de Viterbo"
    latitude: 5.87401
    longitude: -72.98217
    population: 6923
    dem: 2752
    timezone: "America/Bogota"
  - name: "Ramiriqui"
    latitude: 5.4002
    longitude: -73.33544
    population: 5039
    dem: 2308
    timezone: "America/Bogota"
  - name: "Puerto Boyaca"
    latitude: 5.976
    longitude: -74.58516
    population: 27310
    dem: 142
    timezone: "America/Bogota"
  - name: "Pesca"
    latitude: 5.55
    longitude: -73.05
    population: 5113
    dem: 2728
    timezone: "America/Bogota"
  - name: "Paipa"
    latitude: 5.78013
    longitude: -73.11708
    population: 13554
    dem: 2508
    timezone: "America/Bogota"
  - name: "Muzo"
    latitude: 5.53528
    longitude: -74.10778
    population: 7977
    dem: 770
    timezone: "America/Bogota"
  - name: "Moniquira"
    latitude: 5.87638
    longitude: -73.57284
    population: 9785
    dem: 1671
    timezone: "America/Bogota"
  - name: "Guateque"
    latitude: 5.00619
    longitude: -73.47274
    population: 7069
    dem: 1801
    timezone: "America/Bogota"
  - name: "Garagoa"
    latitude: 5.08236
    longitude: -73.36334
    population: 11102
    dem: 1685
    timezone: "America/Bogota"
  - name: "Duitama"
    latitude: 5.8245
    longitude: -73.03408
    population: 92040
    dem: 2522
    timezone: "America/Bogota"
  - name: "Chiquinquira"
    latitude: 5.61637
    longitude: -73.81748
    population: 45294
    dem: 2562
    timezone: "America/Bogota"
  - name: "Belen"
    latitude: 5.98892
    longitude: -72.91254
    population: 5411
    dem: 2643
    timezone: "America/Bogota"
  - name: "Aquitania"
    latitude: 5.51858
    longitude: -72.88387
    population: 5718
    dem: 3104
    timezone: "America/Bogota"
- name: "Departamento del Vaupes"
  cities:
  - name: "Mitu"
    latitude: 1.25778
    longitude: -70.23472
    population: 5917
    dem: 174
    timezone: "America/Bogota"
- name: "Departamento de Risaralda"
  cities:
  - name: "Santuario"
    latitude: 5.07415
    longitude: -75.96423
    population: 6815
    dem: 1406
    timezone: "America/Bogota"
  - name: "Santa Rosa de Cabal"
    latitude: 4.86806
    longitude: -75.62139
    population: 57928
    dem: 1691
    timezone: "America/Bogota"
  - name: "Quinchia"
    latitude: 5.33957
    longitude: -75.73018
    population: 10895
    dem: 1817
    timezone: "America/Bogota"
  - name: "Pereira"
    latitude: 4.81333
    longitude: -75.69611
    population: 440118
    dem: 1414
    timezone: "America/Bogota"
  - name: "Mistrato"
    latitude: 5.29622
    longitude: -75.8839
    population: 6263
    dem: 1537
    timezone: "America/Bogota"
  - name: "Marsella"
    latitude: 4.93722
    longitude: -75.73778
    population: 11158
    dem: 1543
    timezone: "America/Bogota"
  - name: "La Virginia"
    latitude: 4.89972
    longitude: -75.8825
    population: 33835
    dem: 901
    timezone: "America/Bogota"
  - name: "Dosquebradas"
    latitude: 4.83916
    longitude: -75.66727
    population: 179583
    dem: 1454
    timezone: "America/Bogota"
  - name: "Belen de Umbria"
    latitude: 5.20087
    longitude: -75.86865
    population: 15698
    dem: 1505
    timezone: "America/Bogota"
  - name: "Apia"
    latitude: 5.10658
    longitude: -75.94244
    population: 6940
    dem: 1610
    timezone: "America/Bogota"
  - name: "Anserma"
    latitude: 5.33278
    longitude: -75.79111
    population: 25242
    dem: 2088
    timezone: "America/Bogota"
- name: "Departamento de Sucre"
  cities:
  - name: "Tolu Viejo"
    latitude: 9.45082
    longitude: -75.43864
    population: 8260
    dem: 68
    timezone: "America/Bogota"
  - name: "Santiago de Tolu"
    latitude: 9.52392
    longitude: -75.58139
    population: 27390
    dem: 10
    timezone: "America/Bogota"
  - name: "Sucre"
    latitude: 8.81136
    longitude: -74.72084
    population: 23210
    dem: 18
    timezone: "America/Bogota"
  - name: "Sincelejo"
    latitude: 9.30472
    longitude: -75.39778
    population: 261187
    dem: 211
    timezone: "America/Bogota"
  - name: "San Luis de Since"
    latitude: 9.24391
    longitude: -75.14675
    population: 30768
    dem: 141
    timezone: "America/Bogota"
  - name: "San Pedro"
    latitude: 9.3956
    longitude: -75.06476
    population: 11489
    dem: 144
    timezone: "America/Bogota"
  - name: "San Onofre"
    latitude: 9.73586
    longitude: -75.52626
    population: 32957
    dem: 37
    timezone: "America/Bogota"
  - name: "San Marcos"
    latitude: 8.65972
    longitude: -75.12809
    population: 36549
    dem: 25
    timezone: "America/Bogota"
  - name: "San Juan de Betulia"
    latitude: 9.27345
    longitude: -75.24103
    population: 9092
    dem: 152
    timezone: "America/Bogota"
  - name: "San Benito Abad"
    latitude: 8.92901
    longitude: -75.02709
    population: 18181
    dem: 23
    timezone: "America/Bogota"
  - name: "Sampues"
    latitude: 9.18361
    longitude: -75.38167
    population: 21204
    dem: 154
    timezone: "America/Bogota"
  - name: "Palmito"
    latitude: 9.33189
    longitude: -75.5417
    population: 5345
    dem: 38
    timezone: "America/Bogota"
  - name: "Ovejas"
    latitude: 9.52716
    longitude: -75.22873
    population: 13284
    dem: 255
    timezone: "America/Bogota"
  - name: "Majagual"
    latitude: 8.54119
    longitude: -74.62942
    population: 11139
    dem: 29
    timezone: "America/Bogota"
  - name: "Los Palmitos"
    latitude: 9.37899
    longitude: -75.26769
    population: 14385
    dem: 181
    timezone: "America/Bogota"
  - name: "Galeras"
    latitude: 9.16095
    longitude: -75.04811
    population: 9459
    dem: 92
    timezone: "America/Bogota"
  - name: "Corozal"
    latitude: 9.31847
    longitude: -75.2933
    population: 39800
    dem: 154
    timezone: "America/Bogota"
- name: "Departamento de Cordoba"
  cities:
  - name: "Valencia"
    latitude: 8.25801
    longitude: -76.14928
    population: 10652
    dem: 62
    timezone: "America/Bogota"
  - name: "Tierralta"
    latitude: 8.17361
    longitude: -76.05917
    population: 26242
    dem: 51
    timezone: "America/Bogota"
  - name: "San Pelayo"
    latitude: 8.95833
    longitude: -75.83627
    population: 5637
    dem: 11
    timezone: "America/Bogota"
  - name: "San Carlos"
    latitude: 8.79577
    longitude: -75.69947
    population: 24615
    dem: 15
    timezone: "America/Bogota"
  - name: "San Bernardo del Viento"
    latitude: 9.3533
    longitude: -75.95244
    population: 8967
    dem: 8
    timezone: "America/Bogota"
  - name: "San Antero"
    latitude: 9.3741
    longitude: -75.75891
    population: 11610
    dem: 45
    timezone: "America/Bogota"
  - name: "Sahagun"
    latitude: 8.94617
    longitude: -75.44275
    population: 59188
    dem: 84
    timezone: "America/Bogota"
  - name: "Purisima de la Concepcion"
    latitude: 9.23657
    longitude: -75.72191
    population: 7043
    dem: 6
    timezone: "America/Bogota"
  - name: "Pueblo Nuevo"
    latitude: 8.2411
    longitude: -74.95815
    population: 9075
    dem: 32
    timezone: "America/Bogota"
  - name: "Planeta Rica"
    latitude: 8.4115
    longitude: -75.58508
    population: 37297
    dem: 88
    timezone: "America/Bogota"
  - name: "Monteria"
    latitude: 8.74798
    longitude: -75.88143
    population: 272420
    dem: 19
    timezone: "America/Bogota"
  - name: "Montelibano"
    latitude: 7.97917
    longitude: -75.4202
    population: 85000
    dem: 46
    timezone: "America/Bogota"
  - name: "Monitos"
    latitude: 8.25
    longitude: -76.05
    population: 5385
    dem: 44
    timezone: "America/Bogota"
  - name: "Momil"
    latitude: 9.23767
    longitude: -75.67489
    population: 6441
    dem: 10
    timezone: "America/Bogota"
  - name: "Lorica"
    latitude: 9.23648
    longitude: -75.8135
    population: 40605
    dem: 10
    timezone: "America/Bogota"
  - name: "Cienaga de Oro"
    latitude: 8.87443
    longitude: -75.62028
    population: 17623
    dem: 16
    timezone: "America/Bogota"
  - name: "Chinu"
    latitude: 9.10569
    longitude: -75.39812
    population: 19596
    dem: 121
    timezone: "America/Bogota"
  - name: "Cerete"
    latitude: 8.88479
    longitude: -75.79052
    population: 55513
    dem: 14
    timezone: "America/Bogota"
  - name: "Buenavista"
    latitude: 9.04963
    longitude: -76.0028
    population: 5062
    dem: 89
    timezone: "America/Bogota"
  - name: "Ayapel"
    latitude: 8.31372
    longitude: -75.13982
    population: 22602
    dem: 25
    timezone: "America/Bogota"
- name: "Departamento de Cundinamarca"
  cities:
  - name: "Zipaquira"
    latitude: 5.02208
    longitude: -74.00481
    population: 91235
    dem: 2607
    timezone: "America/Bogota"
  - name: "Viota"
    latitude: 4.43713
    longitude: -74.52157
    population: 5840
    dem: 568
    timezone: "America/Bogota"
  - name: "Villeta"
    latitude: 5.00886
    longitude: -74.47226
    population: 20689
    dem: 810
    timezone: "America/Bogota"
  - name: "Villapinzon"
    latitude: 5.21617
    longitude: -73.5949
    population: 5874
    dem: 2728
    timezone: "America/Bogota"
  - name: "Villa de San Diego de Ubate"
    latitude: 5.30933
    longitude: -73.81575
    population: 20485
    elevation: 2800
    dem: 2561
    timezone: "America/Bogota"
  - name: "Tocancipa"
    latitude: 4.96531
    longitude: -73.91301
    population: 6027
    dem: 2567
    timezone: "America/Bogota"
  - name: "Tocaima"
    latitude: 4.4582
    longitude: -74.63434
    population: 10235
    dem: 401
    timezone: "America/Bogota"
  - name: "Sopo"
    latitude: 4.9075
    longitude: -73.9384
    population: 8396
    dem: 2584
    timezone: "America/Bogota"
  - name: "Soacha"
    latitude: 4.57937
    longitude: -74.21682
    population: 313945
    dem: 2565
    timezone: "America/Bogota"
  - name: "Silvania"
    latitude: 4.40367
    longitude: -74.3867
    population: 8237
    dem: 1459
    timezone: "America/Bogota"
  - name: "Sibate"
    latitude: 4.49154
    longitude: -74.25957
    population: 23208
    dem: 2684
    timezone: "America/Bogota"
  - name: "Puerto Salgar"
    latitude: 5.46304
    longitude: -74.65436
    population: 9863
    dem: 177
    timezone: "America/Bogota"
  - name: "Pacho"
    latitude: 5.13278
    longitude: -74.15977
    population: 16698
    dem: 1783
    timezone: "America/Bogota"
  - name: "Nemocon"
    latitude: 5.06767
    longitude: -73.87769
    population: 5466
    dem: 2397
    timezone: "America/Bogota"
  - name: "Mosquera"
    latitude: 4.70592
    longitude: -74.23021
    population: 27005
    dem: 2544
    timezone: "America/Bogota"
  - name: "Madrid"
    latitude: 4.73245
    longitude: -74.26419
    population: 50437
    dem: 2547
    timezone: "America/Bogota"
  - name: "La Vega"
    latitude: 5.00177
    longitude: -74.34174
    population: 5706
    dem: 1141
    timezone: "America/Bogota"
  - name: "La Mesa"
    latitude: 5.26667
    longitude: -73.91667
    population: 26699
    dem: 2884
    timezone: "America/Bogota"
  - name: "La Calera"
    latitude: 4.72069
    longitude: -73.96926
    population: 10175
    dem: 2690
    timezone: "America/Bogota"
  - name: "Guaduas"
    latitude: 5.06692
    longitude: -74.59499
    population: 14392
    dem: 993
    timezone: "America/Bogota"
  - name: "Girardot City"
    latitude: 4.30079
    longitude: -74.80754
    population: 130289
    dem: 287
    timezone: "America/Bogota"
  - name: "Fusagasuga"
    latitude: 4.33646
    longitude: -74.36378
    population: 88820
    dem: 1717
    timezone: "America/Bogota"
  - name: "Funza"
    latitude: 4.71638
    longitude: -74.21195
    population: 54421
    dem: 2548
    timezone: "America/Bogota"
  - name: "Fomeque"
    latitude: 4.48797
    longitude: -73.89749
    population: 5389
    dem: 1820
    timezone: "America/Bogota"
  - name: "Facatativa"
    latitude: 4.81367
    longitude: -74.35453
    population: 94611
    dem: 2589
    timezone: "America/Bogota"
  - name: "El Rosal"
    latitude: 4.85314
    longitude: -74.25996
    population: 5552
    dem: 2612
    timezone: "America/Bogota"
  - name: "Cota"
    latitude: 4.80938
    longitude: -74.098
    population: 7615
    dem: 2557
    timezone: "America/Bogota"
  - name: "Choconta"
    latitude: 5.14468
    longitude: -73.68578
    population: 7592
    dem: 2656
    timezone: "America/Bogota"
  - name: "Chia"
    latitude: 4.85876
    longitude: -74.05866
    population: 64569
    dem: 2557
    timezone: "America/Bogota"
  - name: "Caqueza"
    latitude: 4.40569
    longitude: -73.94683
    population: 7958
    dem: 1696
    timezone: "America/Bogota"
  - name: "Cajica"
    latitude: 4.91857
    longitude: -74.02799
    population: 24999
    dem: 2559
    timezone: "America/Bogota"
  - name: "Arbelaez"
    latitude: 4.27254
    longitude: -74.41513
    population: 5252
    dem: 1379
    timezone: "America/Bogota"
  - name: "Anolaima"
    latitude: 4.83362
    longitude: -74.4995
    population: 5585
    dem: 1577
    timezone: "America/Bogota"
  - name: "Agua de Dios"
    latitude: 4.37648
    longitude: -74.66995
    population: 10875
    dem: 384
    timezone: "America/Bogota"
- name: "Departamento de Norte de Santander"
  cities:
  - name: "Villa del Rosario"
    latitude: 7.83389
    longitude: -72.47417
    population: 64951
    dem: 436
    timezone: "America/Bogota"
  - name: "Toledo"
    latitude: 7.30984
    longitude: -72.48295
    population: 5911
    dem: 1638
    timezone: "America/Bogota"
  - name: "Tibu"
    latitude: 8.63895
    longitude: -72.73583
    population: 13565
    dem: 68
    timezone: "America/Bogota"
  - name: "Sardinata"
    latitude: 8.08289
    longitude: -72.80071
    population: 7872
    dem: 309
    timezone: "America/Bogota"
  - name: "Puerto Santander"
    latitude: 8.36361
    longitude: -72.4063
    population: 16275
    dem: 50
    timezone: "America/Bogota"
  - name: "Pamplona"
    latitude: 7.37565
    longitude: -72.64795
    population: 53587
    dem: 2294
    timezone: "America/Bogota"
  - name: "Ocana"
    latitude: 8.23773
    longitude: -73.35604
    population: 83511
    dem: 1197
    timezone: "America/Bogota"
  - name: "Los Patios"
    latitude: 7.83793
    longitude: -72.5037
    population: 58661
    dem: 395
    timezone: "America/Bogota"
  - name: "El Zulia"
    latitude: 7.93248
    longitude: -72.60125
    population: 13521
    dem: 207
    timezone: "America/Bogota"
  - name: "El Carmen"
    latitude: 8.51064
    longitude: -73.44776
    population: 5286
    dem: 712
    timezone: "America/Bogota"
  - name: "Cucuta"
    latitude: 7.89391
    longitude: -72.50782
    population: 721398
    dem: 309
    timezone: "America/Bogota"
  - name: "Chinacota"
    latitude: 7.60731
    longitude: -72.60108
    population: 9667
    dem: 1232
    timezone: "America/Bogota"
  - name: "Abrego"
    latitude: 8.08065
    longitude: -73.22054
    population: 10822
    dem: 1395
    timezone: "America/Bogota"
- name: "Departamento del Cauca"
  cities:
  - name: "Timbiqui"
    latitude: 2.7717
    longitude: -77.66536
    population: 6267
    dem: 4
    timezone: "America/Bogota"
  - name: "Suarez"
    latitude: 2.95395
    longitude: -76.69644
    population: 9985
    dem: 1075
    timezone: "America/Bogota"
  - name: "Silvia"
    latitude: 2.61557
    longitude: -76.38261
    population: 7474
    dem: 2532
    timezone: "America/Bogota"
  - name: "Santander de Quilichao"
    latitude: 3.00945
    longitude: -76.48494
    population: 40798
    dem: 1062
    timezone: "America/Bogota"
  - name: "Puerto Tejada"
    latitude: 3.23114
    longitude: -76.41668
    population: 53674
    dem: 969
    timezone: "America/Bogota"
  - name: "Popayan"
    latitude: 2.43823
    longitude: -76.61316
    population: 258653
    elevation: 1760
    dem: 1725
    timezone: "America/Bogota"
  - name: "Patia"
    latitude: 2.06895
    longitude: -77.05273
    population: 20807
    elevation: 910
    dem: 619
    timezone: "America/Bogota"
  - name: "Belalcazar"
    latitude: 2.64644
    longitude: -75.97269
    population: 31800
    dem: 1943
    timezone: "America/Bogota"
  - name: "Miranda"
    latitude: 3.25283
    longitude: -76.22924
    population: 13223
    dem: 972
    timezone: "America/Bogota"
  - name: "Guapi"
    latitude: 2.57082
    longitude: -77.88542
    population: 13853
    dem: 3
    timezone: "America/Bogota"
  - name: "El Tambo"
    latitude: 2.45199
    longitude: -76.81029
    population: 6355
    dem: 1719
    timezone: "America/Bogota"
  - name: "El Bordo"
    latitude: 2.11696
    longitude: -76.98214
    population: 12072
    dem: 990
    timezone: "America/Bogota"
  - name: "Corinto"
    latitude: 3.17301
    longitude: -76.26275
    population: 16579
    dem: 1059
    timezone: "America/Bogota"
  - name: "Caloto"
    latitude: 3.03586
    longitude: -76.40788
    population: 6478
    dem: 1095
    timezone: "America/Bogota"
  - name: "Balboa"
    latitude: 2.04183
    longitude: -77.21646
    population: 6272
    dem: 2142
    timezone: "America/Bogota"
  - name: "Morales"
    latitude: 2.75446
    longitude: -76.62791
    population: 29617
    dem: 1814
    timezone: "America/Bogota"
  - name: "Villa Rica"
    latitude: 2.5142
    longitude: -76.84939
    population: 9070
    dem: 1737
    timezone: "America/Bogota"
  - name: "Piendamo"
    latitude: 2.63918
    longitude: -76.53055
    population: 44000
    dem: 1868
    timezone: "America/Bogota"
- name: "Departamento del Guainia"
  cities:
  - name: "Inirida"
    latitude: 3.86528
    longitude: -67.92389
    population: 7298
    dem: 98
    timezone: "America/Bogota"
- name: "Departamento de Arauca"
  cities:
  - name: "Tame"
    latitude: 6.46065
    longitude: -71.73618
    population: 29099
    dem: 320
    timezone: "America/Bogota"
  - name: "Arauquita"
    latitude: 7.02917
    longitude: -71.42806
    population: 9950
    dem: 156
    timezone: "America/Bogota"
  - name: "Arauca"
    latitude: 7.08471
    longitude: -70.75908
    population: 69264
    dem: 132
    timezone: "America/Bogota"
- name: "Departamento de Narino"
  cities:
  - name: "Tuquerres"
    latitude: 1.08647
    longitude: -77.61858
    population: 20184
    dem: 3106
    timezone: "America/Bogota"
  - name: "Tumaco"
    latitude: 1.79112
    longitude: -78.79275
    population: 86713
    dem: 1
    timezone: "America/Bogota"
  - name: "San Pablo"
    latitude: 1.6725
    longitude: -77.01389
    population: 6522
    dem: 1733
    timezone: "America/Bogota"
  - name: "Sandona"
    latitude: 1.28626
    longitude: -77.46921
    population: 10401
    dem: 1817
    timezone: "America/Bogota"
  - name: "Samaniego"
    latitude: 1.33849
    longitude: -77.5957
    population: 13515
    dem: 1459
    timezone: "America/Bogota"
  - name: "Pupiales"
    latitude: 0.87136
    longitude: -77.64027
    population: 6760
    dem: 2974
    timezone: "America/Bogota"
  - name: "Salahonda"
    latitude: 2.0406
    longitude: -78.65877
    population: 6105
    dem: -9999
    timezone: "America/Bogota"
  - name: "Pasto"
    latitude: 1.21361
    longitude: -77.28111
    population: 382236
    dem: 2545
    timezone: "America/Bogota"
  - name: "Olaya Herrera"
    latitude: 1.24803
    longitude: -77.49085
    population: 9820
    dem: 1666
    timezone: "America/Bogota"
  - name: "La Union"
    latitude: 1.6045
    longitude: -77.13152
    population: 15061
    dem: 1721
    timezone: "America/Bogota"
  - name: "La Cruz"
    latitude: 1.60221
    longitude: -76.9713
    population: 8751
    dem: 2679
    timezone: "America/Bogota"
  - name: "Ipiales"
    latitude: 0.82501
    longitude: -77.63966
    population: 77729
    dem: 2959
    timezone: "America/Bogota"
  - name: "Guaitarilla"
    latitude: 1.13103
    longitude: -77.54815
    population: 6280
    dem: 2627
    timezone: "America/Bogota"
  - name: "El Tambo"
    latitude: 1.40785
    longitude: -77.39218
    population: 7279
    dem: 2419
    timezone: "America/Bogota"
  - name: "El Charco"
    latitude: 2.47926
    longitude: -78.10972
    population: 28673
    dem: 14
    timezone: "America/Bogota"
  - name: "Cumbal"
    latitude: 0.90875
    longitude: -77.79145
    population: 7529
    dem: 3127
    timezone: "America/Bogota"
  - name: "Barbacoas"
    latitude: 1.67154
    longitude: -78.13978
    population: 7633
    dem: 37
    timezone: "America/Bogota"
  - name: "Ancuya"
    latitude: 1.2633
    longitude: -77.51376
    population: 5852
    dem: 1360
    timezone: "America/Bogota"
- name: "Departamento de Bolivar"
  cities:
  - name: "Zambrano"
    latitude: 9.7474
    longitude: -74.81572
    population: 9565
    dem: 16
    timezone: "America/Bogota"
  - name: "Villanueva"
    latitude: 10.44361
    longitude: -75.27306
    population: 12791
    dem: 102
    timezone: "America/Bogota"
  - name: "Turbana"
    latitude: 10.27169
    longitude: -75.44222
    population: 10235
    dem: 86
    timezone: "America/Bogota"
  - name: "Turbaco"
    latitude: 10.32944
    longitude: -75.41137
    population: 56171
    dem: 174
    timezone: "America/Bogota"
  - name: "Talaigua Viejo"
    latitude: 9.31206
    longitude: -74.58544
    population: 6217
    dem: 20
    timezone: "America/Bogota"
  - name: "Soplaviento"
    latitude: 10.39306
    longitude: -75.14083
    population: 8067
    dem: 8
    timezone: "America/Bogota"
  - name: "Simiti"
    latitude: 7.9579
    longitude: -73.9436
    population: 6670
    dem: 48
    timezone: "America/Bogota"
  - name: "Santa Rosa"
    latitude: 10.44472
    longitude: -75.36972
    population: 10604
    dem: 38
    timezone: "America/Bogota"
  - name: "Santa Catalina"
    latitude: 10.60361
    longitude: -75.28824
    population: 6084
    dem: 39
    timezone: "America/Bogota"
  - name: "San Pablo"
    latitude: 10.05154
    longitude: -75.26775
    population: 13983
    dem: 14
    timezone: "America/Bogota"
  - name: "San Juan Nepomuceno"
    latitude: 9.95157
    longitude: -75.08198
    population: 29619
    dem: 172
    timezone: "America/Bogota"
  - name: "San Jacinto"
    latitude: 9.82767
    longitude: -75.1217
    population: 20265
    dem: 235
    timezone: "America/Bogota"
  - name: "San Estanislao"
    latitude: 10.39833
    longitude: -75.15111
    population: 12596
    dem: 16
    timezone: "America/Bogota"
  - name: "Rio Viejo"
    latitude: 8.5874
    longitude: -73.83901
    population: 6963
    dem: 37
    timezone: "America/Bogota"
  - name: "Pinillos"
    latitude: 8.91925
    longitude: -74.46771
    population: 6218
    dem: 19
    timezone: "America/Bogota"
  - name: "Morales"
    latitude: 8.2752
    longitude: -73.86884
    population: 20375
    dem: 42
    timezone: "America/Bogota"
  - name: "Montecristo"
    latitude: 8.2971
    longitude: -74.4733
    population: 5608
    dem: 84
    timezone: "America/Bogota"
  - name: "Mompos"
    latitude: 9.24194
    longitude: -74.42667
    population: 30861
    dem: 19
    timezone: "America/Bogota"
  - name: "Maria la Baja"
    latitude: 9.9832
    longitude: -75.30155
    population: 23401
    dem: 15
    timezone: "America/Bogota"
  - name: "Mahates"
    latitude: 10.23293
    longitude: -75.18985
    population: 9224
    dem: 10
    timezone: "America/Bogota"
  - name: "Magangue"
    latitude: 9.24202
    longitude: -74.75467
    population: 100313
    dem: 20
    timezone: "America/Bogota"
  - name: "El Carmen de Bolivar"
    latitude: 9.7174
    longitude: -75.12023
    population: 47957
    dem: 153
    timezone: "America/Bogota"
  - name: "Cordoba"
    latitude: 9.58612
    longitude: -74.82705
    population: 6597
    dem: 18
    timezone: "America/Bogota"
  - name: "Clemencia"
    latitude: 10.56645
    longitude: -75.32499
    population: 8775
    dem: 67
    timezone: "America/Bogota"
  - name: "Cicuco"
    latitude: 9.27756
    longitude: -74.64312
    population: 7662
    dem: 15
    timezone: "America/Bogota"
  - name: "Cartagena"
    latitude: 10.39972
    longitude: -75.51444
    population: 952024
    dem: 34
    timezone: "America/Bogota"
  - name: "Calamar"
    latitude: 10.25271
    longitude: -74.91574
    population: 9180
    dem: 6
    timezone: "America/Bogota"
  - name: "Barranco de Loba"
    latitude: 8.94597
    longitude: -74.10647
    population: 5933
    dem: 37
    timezone: "America/Bogota"
  - name: "Arjona"
    latitude: 10.25444
    longitude: -75.34389
    population: 50405
    dem: 62
    timezone: "America/Bogota"
  - name: "Arenal"
    latitude: 8.45928
    longitude: -73.94331
    population: 5346
    dem: 44
    timezone: "America/Bogota"
  - name: "Achi"
    latitude: 8.5695
    longitude: -74.55715
    population: 8434
    dem: 23
    timezone: "America/Bogota"
  - name: "Altos del Rosario"
    latitude: 8.79162
    longitude: -74.16556
    population: 5220
    dem: 22
    timezone: "America/Bogota"
  - name: "Santa Rosa del Sur"
    latitude: 7.96444
    longitude: -74.05444
    population: 8904
    dem: 628
    timezone: "America/Bogota"
- name: "Departamento del Valle del Cauca"
  cities:
  - name: "Zarzal"
    latitude: 4.39462
    longitude: -76.0715
    population: 28761
    dem: 921
    timezone: "America/Bogota"
  - name: "Yumbo"
    latitude: 3.58234
    longitude: -76.49146
    population: 71436
    dem: 991
    timezone: "America/Bogota"
  - name: "Yotoco"
    latitude: 3.86048
    longitude: -76.38364
    population: 8362
    dem: 956
    timezone: "America/Bogota"
  - name: "Tulua"
    latitude: 4.08466
    longitude: -76.19536
    population: 165501
    dem: 974
    timezone: "America/Bogota"
  - name: "Trujillo"
    latitude: 4.21217
    longitude: -76.31945
    population: 5874
    dem: 1314
    timezone: "America/Bogota"
  - name: "Toro"
    latitude: 4.61167
    longitude: -76.08139
    population: 13764
    dem: 992
    timezone: "America/Bogota"
  - name: "Sevilla"
    latitude: 4.26425
    longitude: -75.93085
    population: 41612
    dem: 1617
    timezone: "America/Bogota"
  - name: "San Pedro"
    latitude: 3.99445
    longitude: -76.22885
    population: 5473
    dem: 988
    timezone: "America/Bogota"
  - name: "Roldanillo"
    latitude: 4.41256
    longitude: -76.15457
    population: 27561
    dem: 945
    timezone: "America/Bogota"
  - name: "Riofrio"
    latitude: 4.1571
    longitude: -76.28852
    population: 9236
    dem: 942
    timezone: "America/Bogota"
  - name: "Restrepo"
    latitude: 3.82203
    longitude: -76.52242
    population: 9545
    dem: 1406
    timezone: "America/Bogota"
  - name: "Pradera"
    latitude: 3.42111
    longitude: -76.24472
    population: 44630
    dem: 1054
    timezone: "America/Bogota"
  - name: "Palmira"
    latitude: 3.53944
    longitude: -76.30361
    population: 247986
    dem: 1005
    timezone: "America/Bogota"
  - name: "Obando"
    latitude: 4.57583
    longitude: -75.97389
    population: 7298
    dem: 932
    timezone: "America/Bogota"
  - name: "La Victoria"
    latitude: 4.52483
    longitude: -76.03921
    population: 11064
    dem: 911
    timezone: "America/Bogota"
  - name: "La Union"
    latitude: 4.53282
    longitude: -76.10318
    population: 23459
    dem: 967
    timezone: "America/Bogota"
  - name: "Jamundi"
    latitude: 3.26074
    longitude: -76.53499
    population: 44833
    dem: 972
    timezone: "America/Bogota"
  - name: "Guacari"
    latitude: 3.76383
    longitude: -76.33292
    population: 19637
    dem: 976
    timezone: "America/Bogota"
  - name: "Ginebra"
    latitude: 3.72461
    longitude: -76.26675
    population: 6088
    dem: 1036
    timezone: "America/Bogota"
  - name: "Florida"
    latitude: 3.3223
    longitude: -76.2348
    population: 47173
    dem: 1043
    timezone: "America/Bogota"
  - name: "El Dovio"
    latitude: 4.5079
    longitude: -76.23619
    population: 7942
    dem: 1435
    timezone: "America/Bogota"
  - name: "El Cerrito"
    latitude: 3.68549
    longitude: -76.31372
    population: 38390
    dem: 990
    timezone: "America/Bogota"
  - name: "Darien"
    latitude: 3.93135
    longitude: -76.48481
    population: 15763
    dem: 1521
    timezone: "America/Bogota"
  - name: "Dagua"
    latitude: 3.65685
    longitude: -76.68859
    population: 12320
    dem: 882
    timezone: "America/Bogota"
  - name: "Cartago"
    latitude: 4.74639
    longitude: -75.91167
    population: 134827
    dem: 915
    timezone: "America/Bogota"
  - name: "Candelaria"
    latitude: 3.40671
    longitude: -76.34819
    population: 23989
    dem: 977
    timezone: "America/Bogota"
  - name: "Cali"
    latitude: 3.43722
    longitude: -76.5225
    population: 2392877
    dem: 967
    timezone: "America/Bogota"
  - name: "Caicedonia"
    latitude: 4.3324
    longitude: -75.82665
    population: 32417
    dem: 1165
    timezone: "America/Bogota"
  - name: "Bugalagrande"
    latitude: 4.21207
    longitude: -76.15564
    population: 12418
    dem: 948
    timezone: "America/Bogota"
  - name: "Guadalajara de Buga"
    latitude: 3.90089
    longitude: -76.29783
    population: 118004
    dem: 979
    timezone: "America/Bogota"
  - name: "Buenaventura"
    latitude: 3.8801
    longitude: -77.03116
    population: 240387
    dem: 19
    timezone: "America/Bogota"
  - name: "Buenaventura"
    latitude: 3.58333
    longitude: -77.0
    population: 24842
    elevation: 7
    dem: 169
    timezone: "America/Bogota"
  - name: "Ansermanuevo"
    latitude: 4.79722
    longitude: -75.995
    population: 12332
    dem: 971
    timezone: "America/Bogota"
  - name: "Andalucia"
    latitude: 4.17061
    longitude: -76.16641
    population: 17432
    dem: 958
    timezone: "America/Bogota"
  - name: "Alcala"
    latitude: 4.67472
    longitude: -75.7825
    population: 9135
    dem: 1235
    timezone: "America/Bogota"
- name: "Quindio Department"
  cities:
  - name: "Quimbaya"
    latitude: 4.62306
    longitude: -75.76278
    population: 31391
    dem: 1313
    timezone: "America/Bogota"
  - name: "Pijao"
    latitude: 4.3335
    longitude: -75.70463
    population: 5668
    dem: 2010
    timezone: "America/Bogota"
  - name: "Montenegro"
    latitude: 4.56639
    longitude: -75.75111
    population: 36499
    dem: 1297
    timezone: "America/Bogota"
  - name: "La Tebaida"
    latitude: 4.45265
    longitude: -75.78746
    population: 27098
    dem: 1191
    timezone: "America/Bogota"
  - name: "Genova"
    latitude: 4.31667
    longitude: -75.76667
    population: 7140
    dem: 1228
    timezone: "America/Bogota"
  - name: "Filandia"
    latitude: 4.67472
    longitude: -75.65833
    population: 6851
    dem: 1919
    timezone: "America/Bogota"
  - name: "Circasia"
    latitude: 4.61889
    longitude: -75.63583
    population: 20113
    dem: 1772
    timezone: "America/Bogota"
  - name: "Calarca"
    latitude: 4.52949
    longitude: -75.64091
    population: 62170
    dem: 1537
    timezone: "America/Bogota"
  - name: "Armenia"
    latitude: 4.53389
    longitude: -75.68111
    population: 315328
    dem: 1480
    timezone: "America/Bogota"
- name: "Departamento de La Guajira"
  cities:
  - name: "Villanueva"
    latitude: 10.60768
    longitude: -72.97901
    population: 18699
    dem: 279
    timezone: "America/Bogota"
  - name: "Urumita"
    latitude: 10.55894
    longitude: -73.01232
    population: 8509
    dem: 248
    timezone: "America/Bogota"
  - name: "Uribia"
    latitude: 11.71505
    longitude: -72.26592
    population: 7519
    dem: 30
    timezone: "America/Bogota"
  - name: "San Juan del Cesar"
    latitude: 10.77107
    longitude: -73.00314
    population: 26848
    dem: 214
    timezone: "America/Bogota"
  - name: "Riohacha"
    latitude: 11.54444
    longitude: -72.90722
    population: 92431
    dem: 7
    timezone: "America/Bogota"
  - name: "Manaure"
    latitude: 11.77505
    longitude: -72.44447
    population: 9703
    dem: 3
    timezone: "America/Bogota"
  - name: "Maicao"
    latitude: 11.37837
    longitude: -72.2395
    population: 130348
    dem: 44
    timezone: "America/Bogota"
  - name: "Fonseca"
    latitude: 10.88606
    longitude: -72.8487
    population: 23509
    dem: 182
    timezone: "America/Bogota"
  - name: "El Molino"
    latitude: 10.65296
    longitude: -72.92461
    population: 5265
    dem: 303
    timezone: "America/Bogota"
  - name: "Barrancas"
    latitude: 10.95672
    longitude: -72.79456
    population: 17350
    dem: 138
    timezone: "America/Bogota"
  - name: "Albania"
    latitude: 11.16099
    longitude: -72.59238
    population: 6364
    dem: 94
    timezone: "America/Bogota"
- name: "Departamento de Antioquia"
  cities:
  - name: "Zaragoza"
    latitude: 7.48971
    longitude: -74.86919
    population: 18795
    dem: 66
    timezone: "America/Bogota"
  - name: "Yondo"
    latitude: 7.00621
    longitude: -73.90972
    population: 7516
    dem: 72
    timezone: "America/Bogota"
  - name: "Yolombo"
    latitude: 6.59841
    longitude: -75.0114
    population: 6033
    dem: 1459
    timezone: "America/Bogota"
  - name: "Yarumal"
    latitude: 6.96321
    longitude: -75.41738
    population: 22368
    dem: 2276
    timezone: "America/Bogota"
  - name: "Venecia"
    latitude: 5.96278
    longitude: -75.73806
    population: 5462
    dem: 1308
    timezone: "America/Bogota"
  - name: "Urrao"
    latitude: 6.31696
    longitude: -76.1342
    population: 18846
    dem: 1815
    timezone: "America/Bogota"
  - name: "Turbo"
    latitude: 8.09263
    longitude: -76.72822
    population: 50508
    dem: 6
    timezone: "America/Bogota"
  - name: "Tamesis"
    latitude: 5.66462
    longitude: -75.71339
    population: 6406
    dem: 1610
    timezone: "America/Bogota"
  - name: "Sonson"
    latitude: 5.71062
    longitude: -75.31069
    population: 17232
    dem: 2493
    timezone: "America/Bogota"
  - name: "Segovia"
    latitude: 7.07993
    longitude: -74.6989
    population: 39938
    dem: 680
    timezone: "America/Bogota"
  - name: "San Vicente"
    latitude: 6.28535
    longitude: -75.33385
    population: 5020
    dem: 2184
    timezone: "America/Bogota"
  - name: "Santuario"
    latitude: 6.13833
    longitude: -75.26417
    population: 17722
    dem: 2119
    timezone: "America/Bogota"
  - name: "Santa Rosa de Osos"
    latitude: 6.64738
    longitude: -75.46031
    population: 10191
    dem: 2586
    timezone: "America/Bogota"
  - name: "Santa Barbara"
    latitude: 5.87458
    longitude: -75.56706
    population: 12743
    dem: 1792
    timezone: "America/Bogota"
  - name: "San Roque"
    latitude: 6.48511
    longitude: -75.0196
    population: 5576
    dem: 1426
    timezone: "America/Bogota"
  - name: "San Rafael"
    latitude: 6.29436
    longitude: -75.02589
    population: 7245
    dem: 994
    timezone: "America/Bogota"
  - name: "San Pedro de Uraba"
    latitude: 8.27515
    longitude: -76.37641
    population: 11095
    dem: 141
    timezone: "America/Bogota"
  - name: "San Pedro"
    latitude: 6.46135
    longitude: -75.55778
    population: 8801
    dem: 2581
    timezone: "America/Bogota"
  - name: "San Juan de Uraba"
    latitude: 8.75924
    longitude: -76.52969
    population: 10825
    dem: 22
    timezone: "America/Bogota"
  - name: "San Carlos"
    latitude: 7.79177
    longitude: -74.77316
    population: 22678
    dem: 59
    timezone: "America/Bogota"
  - name: "San Carlos"
    latitude: 6.18789
    longitude: -74.99315
    population: 7742
    dem: 989
    timezone: "America/Bogota"
  - name: "Salgar"
    latitude: 5.96502
    longitude: -75.96541
    population: 6428
    dem: 1209
    timezone: "America/Bogota"
  - name: "Sabaneta"
    latitude: 6.15153
    longitude: -75.61657
    population: 34172
    dem: 1592
    timezone: "America/Bogota"
  - name: "Rionegro"
    latitude: 6.15515
    longitude: -75.37371
    population: 62291
    dem: 2090
    timezone: "America/Bogota"
  - name: "Retiro"
    latitude: 6.05861
    longitude: -75.50306
    population: 7941
    dem: 2166
    timezone: "America/Bogota"
  - name: "Remedios"
    latitude: 7.02835
    longitude: -74.69379
    population: 6415
    dem: 641
    timezone: "America/Bogota"
  - name: "Puerto Berrio"
    latitude: 6.49156
    longitude: -74.40326
    population: 33983
    dem: 110
    timezone: "America/Bogota"
  - name: "Pueblorrico"
    latitude: 5.79176
    longitude: -75.84101
    population: 5327
    dem: 1805
    timezone: "America/Bogota"
  - name: "Necocli"
    latitude: 8.42627
    longitude: -76.78926
    population: 10835
    dem: 4
    timezone: "America/Bogota"
  - name: "Nechi"
    latitude: 8.09419
    longitude: -74.77573
    population: 6693
    dem: 31
    timezone: "America/Bogota"
  - name: "Medellin"
    latitude: 6.25184
    longitude: -75.56359
    population: 1999979
    elevation: 1405
    dem: 1500
    timezone: "America/Bogota"
  - name: "Marinilla"
    latitude: 6.17358
    longitude: -75.33621
    population: 24171
    dem: 2085
    timezone: "America/Bogota"
  - name: "La Union"
    latitude: 5.97431
    longitude: -75.36195
    population: 8361
    dem: 2475
    timezone: "America/Bogota"
  - name: "La Pintada"
    latitude: 5.74867
    longitude: -75.60626
    population: 5342
    dem: 602
    timezone: "America/Bogota"
  - name: "La Estrella"
    latitude: 6.15769
    longitude: -75.64317
    population: 49386
    dem: 1765
    timezone: "America/Bogota"
  - name: "La Ceja"
    latitude: 6.03131
    longitude: -75.43333
    population: 36584
    dem: 2153
    timezone: "America/Bogota"
  - name: "Jerico"
    latitude: 5.79211
    longitude: -75.78601
    population: 7750
    dem: 1987
    timezone: "America/Bogota"
  - name: "Jardin"
    latitude: 5.59902
    longitude: -75.81976
    population: 7747
    dem: 1768
    timezone: "America/Bogota"
  - name: "Ituango"
    latitude: 7.17117
    longitude: -75.76404
    population: 10769
    dem: 1623
    timezone: "America/Bogota"
  - name: "Itaguei"
    latitude: 6.18461
    longitude: -75.59913
    population: 281853
    dem: 1538
    timezone: "America/Bogota"
  - name: "Guatape"
    latitude: 6.23429
    longitude: -75.16335
    population: 5389
    dem: 1889
    timezone: "America/Bogota"
  - name: "Guarne"
    latitude: 6.28046
    longitude: -75.44354
    population: 14270
    dem: 2141
    timezone: "America/Bogota"
  - name: "Granada"
    latitude: 6.14353
    longitude: -75.18532
    population: 5661
    dem: 2081
    timezone: "America/Bogota"
  - name: "Frontino"
    latitude: 6.77133
    longitude: -76.13324
    population: 8603
    dem: 1389
    timezone: "America/Bogota"
  - name: "Envigado"
    latitude: 6.17591
    longitude: -75.59174
    population: 163007
    dem: 1539
    timezone: "America/Bogota"
  - name: "El Bagre"
    latitude: 7.60347
    longitude: -74.80951
    population: 40798
    dem: 51
    timezone: "America/Bogota"
  - name: "Donmatias"
    latitude: 6.48569
    longitude: -75.39496
    population: 10011
    dem: 2157
    timezone: "America/Bogota"
  - name: "Dabeiba"
    latitude: 7.00017
    longitude: -76.26915
    population: 11548
    dem: 488
    timezone: "America/Bogota"
  - name: "Copacabana"
    latitude: 6.34633
    longitude: -75.50888
    population: 49169
    dem: 1411
    timezone: "America/Bogota"
  - name: "Concordia"
    latitude: 6.04639
    longitude: -75.90705
    population: 9324
    dem: 2000
    timezone: "America/Bogota"
  - name: "Cocorna"
    latitude: 6.0573
    longitude: -75.18524
    population: 5257
    dem: 1304
    timezone: "America/Bogota"
  - name: "Cisneros"
    latitude: 6.53833
    longitude: -75.08861
    population: 8204
    dem: 1042
    timezone: "America/Bogota"
  - name: "Chigorodo"
    latitude: 7.66638
    longitude: -76.68106
    population: 48443
    dem: 35
    timezone: "America/Bogota"
  - name: "Caucasia"
    latitude: 7.98654
    longitude: -75.19349
    population: 58034
    dem: 50
    timezone: "America/Bogota"
  - name: "Carmen de Viboral"
    latitude: 6.08236
    longitude: -75.33509
    population: 21152
    dem: 2153
    timezone: "America/Bogota"
  - name: "Canasgordas"
    latitude: 6.74989
    longitude: -76.02539
    population: 6026
    dem: 1291
    timezone: "America/Bogota"
  - name: "Caldas"
    latitude: 6.09106
    longitude: -75.63569
    population: 65565
    dem: 1756
    timezone: "America/Bogota"
  - name: "Betulia"
    latitude: 6.11284
    longitude: -75.98378
    population: 5216
    dem: 1631
    timezone: "America/Bogota"
  - name: "Bello"
    latitude: 6.33732
    longitude: -75.55795
    population: 392939
    dem: 1456
    timezone: "America/Bogota"
  - name: "Barbosa"
    latitude: 6.43809
    longitude: -75.33136
    population: 16707
    dem: 1297
    timezone: "America/Bogota"
  - name: "Arboletes"
    latitude: 8.85051
    longitude: -76.42694
    population: 8380
    dem: 10
    timezone: "America/Bogota"
  - name: "Apartado"
    latitude: 7.88299
    longitude: -76.62587
    population: 86438
    dem: 31
    timezone: "America/Bogota"
  - name: "Santa Fe de Antioquia"
    latitude: 6.55687
    longitude: -75.82806
    population: 11829
    dem: 571
    timezone: "America/Bogota"
  - name: "Andes"
    latitude: 5.6561
    longitude: -75.87877
    population: 16419
    dem: 1282
    timezone: "America/Bogota"
  - name: "Amalfi"
    latitude: 6.91016
    longitude: -75.07764
    population: 9733
    dem: 1544
    timezone: "America/Bogota"
  - name: "Amaga"
    latitude: 6.04001
    longitude: -75.70315
    population: 12170
    dem: 1370
    timezone: "America/Bogota"
  - name: "Abejorral"
    latitude: 5.78928
    longitude: -75.42725
    population: 7360
    dem: 2167
    timezone: "America/Bogota"
  - name: "Fredonia"
    latitude: 5.92583
    longitude: -75.67056
    population: 8950
    dem: 1797
    timezone: "America/Bogota"
  - name: "Carepa"
    latitude: 7.75849
    longitude: -76.65255
    population: 20627
    dem: 38
    timezone: "America/Bogota"
  - name: "Ciudad Bolivar"
    latitude: 5.85389
    longitude: -76.02528
    population: 16225
    dem: 1346
    timezone: "America/Bogota"
  - name: "Vegachi"
    latitude: 6.76141
    longitude: -74.79473
    population: 9618
    dem: 993
    timezone: "America/Bogota"
- name: "Departamento del Magdalena"
  cities:
  - name: "Sitionuevo"
    latitude: 10.77737
    longitude: -74.72049
    population: 11817
    dem: 6
    timezone: "America/Bogota"
  - name: "San Zenon"
    latitude: 9.24217
    longitude: -74.50037
    population: 6520
    dem: 15
    timezone: "America/Bogota"
  - name: "Santa Marta"
    latitude: 11.24079
    longitude: -74.19904
    population: 431781
    dem: 12
    timezone: "America/Bogota"
  - name: "Santa Ana"
    latitude: 9.32125
    longitude: -74.56848
    population: 13950
    dem: 29
    timezone: "America/Bogota"
  - name: "San Antonio"
    latitude: 9.93303
    longitude: -74.69346
    population: 8476
    dem: 110
    timezone: "America/Bogota"
  - name: "Salamina"
    latitude: 10.49027
    longitude: -74.79463
    population: 6166
    dem: 7
    timezone: "America/Bogota"
  - name: "Remolino"
    latitude: 10.70199
    longitude: -74.71602
    population: 8308
    dem: 8
    timezone: "America/Bogota"
  - name: "Puebloviejo"
    latitude: 10.99376
    longitude: -74.28439
    population: 13523
    dem: 4
    timezone: "America/Bogota"
  - name: "Pivijay"
    latitude: 10.46167
    longitude: -74.61621
    population: 33492
    dem: 12
    timezone: "America/Bogota"
  - name: "Pijino del Carmen"
    latitude: 9.32908
    longitude: -74.45302
    population: 5390
    dem: 21
    timezone: "America/Bogota"
  - name: "Guamal"
    latitude: 9.14334
    longitude: -74.22384
    population: 9016
    dem: 28
    timezone: "America/Bogota"
  - name: "Fundacion"
    latitude: 10.52066
    longitude: -74.18504
    population: 59175
    dem: 49
    timezone: "America/Bogota"
  - name: "El Reten"
    latitude: 10.61135
    longitude: -74.26824
    population: 15901
    dem: 24
    timezone: "America/Bogota"
  - name: "El Pinon"
    latitude: 10.40283
    longitude: -74.82415
    population: 7481
    dem: 9
    timezone: "America/Bogota"
  - name: "El Banco"
    latitude: 9.00114
    longitude: -73.97581
    population: 54522
    dem: 34
    timezone: "America/Bogota"
  - name: "Concordia"
    latitude: 9.83545
    longitude: -74.45548
    population: 6624
    dem: 138
    timezone: "America/Bogota"
  - name: "Cienaga"
    latitude: 11.00703
    longitude: -74.24765
    population: 88311
    dem: 5
    timezone: "America/Bogota"
  - name: "Chivolo"
    latitude: 10.02502
    longitude: -74.62279
    population: 11457
    dem: 135
    timezone: "America/Bogota"
  - name: "Cerro de San Antonio"
    latitude: 10.32585
    longitude: -74.86933
    population: 7057
    dem: 11
    timezone: "America/Bogota"
  - name: "Aracataca"
    latitude: 10.59181
    longitude: -74.18983
    population: 27704
    dem: 37
    timezone: "America/Bogota"
  - name: "Algarrobo"
    latitude: 10.18694
    longitude: -74.57528
    population: 10042
    dem: 51
    timezone: "America/Bogota"
  - name: "Plato"
    latitude: 9.79029
    longitude: -74.78244
    population: 48606
    dem: 25
    timezone: "America/Bogota"
- name: "Departamento de Santander"
  cities:
  - name: "Zapatoca"
    latitude: 6.81532
    longitude: -73.26768
    population: 6052
    dem: 1696
    timezone: "America/Bogota"
  - name: "Velez"
    latitude: 6.01335
    longitude: -73.67352
    population: 10905
    dem: 2160
    timezone: "America/Bogota"
  - name: "Socorro"
    latitude: 6.46838
    longitude: -73.26022
    population: 17752
    dem: 1234
    timezone: "America/Bogota"
  - name: "San Vicente de Chucuri"
    latitude: 6.881
    longitude: -73.40977
    population: 11265
    dem: 645
    timezone: "America/Bogota"
  - name: "San Gil"
    latitude: 6.55952
    longitude: -73.13637
    population: 33592
    dem: 1152
    timezone: "America/Bogota"
  - name: "Sabana de Torres"
    latitude: 7.3915
    longitude: -73.49574
    population: 11291
    dem: 137
    timezone: "America/Bogota"
  - name: "Puerto Wilches"
    latitude: 7.34828
    longitude: -73.89601
    population: 13705
    dem: 67
    timezone: "America/Bogota"
  - name: "Puente Nacional"
    latitude: 5.87739
    longitude: -73.6781
    population: 5774
    dem: 1621
    timezone: "America/Bogota"
  - name: "Piedecuesta"
    latitude: 6.98789
    longitude: -73.04953
    population: 86387
    dem: 1014
    timezone: "America/Bogota"
  - name: "Malaga"
    latitude: 6.69903
    longitude: -72.73233
    population: 18739
    dem: 2210
    timezone: "America/Bogota"
  - name: "Lebrija"
    latitude: 7.11317
    longitude: -73.2178
    population: 8949
    dem: 1016
    timezone: "America/Bogota"
  - name: "Giron"
    latitude: 7.0682
    longitude: -73.16981
    population: 108466
    dem: 706
    timezone: "America/Bogota"
  - name: "Floridablanca"
    latitude: 7.06222
    longitude: -73.08644
    population: 252267
    dem: 928
    timezone: "America/Bogota"
  - name: "Cimitarra"
    latitude: 6.31419
    longitude: -73.94968
    population: 11267
    dem: 156
    timezone: "America/Bogota"
  - name: "Bucaramanga"
    latitude: 7.12539
    longitude: -73.1198
    population: 571820
    dem: 993
    timezone: "America/Bogota"
  - name: "Barrancabermeja"
    latitude: 7.06528
    longitude: -73.85472
    population: 191403
    dem: 83
    timezone: "America/Bogota"
  - name: "Barbosa"
    latitude: 5.93168
    longitude: -73.61507
    population: 20372
    dem: 1580
    timezone: "America/Bogota"
  - name: "El Playon"
    latitude: 7.47131
    longitude: -73.2031
    population: 5334
    dem: 439
    timezone: "America/Bogota"
- name: "Departamento del Choco"
  cities:
  - name: "Tado"
    latitude: 5.26598
    longitude: -76.56487
    population: 10095
    dem: 75
    timezone: "America/Bogota"
  - name: "Riosucio"
    latitude: 7.44348
    longitude: -77.11964
    population: 7163
    dem: 2
    timezone: "America/Bogota"
  - name: "Quibdo"
    latitude: 5.69188
    longitude: -76.65835
    population: 75104
    dem: 32
    timezone: "America/Bogota"
  - name: "Pizarro"
    latitude: 4.95334
    longitude: -77.36598
    population: 6168
    dem: 5
    timezone: "America/Bogota"
  - name: "Istmina"
    latitude: 5.16054
    longitude: -76.68397
    population: 13788
    dem: 55
    timezone: "America/Bogota"
  - name: "Condoto"
    latitude: 5.09351
    longitude: -76.64973
    population: 9897
    dem: 62
    timezone: "America/Bogota"
- name: "Departamento de Casanare"
  cities:
  - name: "Yopal"
    latitude: 5.33775
    longitude: -72.39586
    population: 61029
    dem: 338
    timezone: "America/Bogota"
  - name: "Villanueva"
    latitude: 5.28333
    longitude: -71.96667
    population: 20032
    dem: 185
    timezone: "America/Bogota"
  - name: "Mani"
    latitude: 4.81638
    longitude: -72.27946
    population: 7031
    dem: 164
    timezone: "America/Bogota"
  - name: "Aguazul"
    latitude: 5.17282
    longitude: -72.54706
    population: 15669
    dem: 276
    timezone: "America/Bogota"
  - name: "Monterrey"
    latitude: 4.87802
    longitude: -72.89575
    population: 7759
    dem: 493
    timezone: "America/Bogota"
