---
name: "Cyprus"
iso: "CY"
iso3: "CYP"
code: "196"
capital: "Nicosia"
area: 9250.0
population: 1102677
continent: "EU"
currencyCode: "EUR"
currencyName: "Euro"
phone: "357"
postalCodeFormat: "####"
postalCodeRegex: "^(\\d{4})$"
languages: "el-CY,tr-CY,en"
regions:
- name: "Eparchia Lefkosias"
  cities:
  - name: "Geri"
    latitude: 35.1056
    longitude: 33.41977
    population: 7639
    dem: 159
    timezone: "Asia/Nicosia"
  - name: "Tseri"
    latitude: 35.07307
    longitude: 33.32344
    population: 5498
    dem: 271
    timezone: "Asia/Nicosia"
  - name: "Nicosia"
    latitude: 35.17531
    longitude: 33.3642
    population: 200452
    dem: 147
    timezone: "Asia/Nicosia"
  - name: "Morfou"
    latitude: 35.19869
    longitude: 32.99338
    population: 14833
    dem: 48
    timezone: "Asia/Nicosia"
  - name: "Lefka"
    latitude: 35.11199
    longitude: 32.84997
    population: 7835
    dem: 129
    timezone: "Asia/Nicosia"
  - name: "Dali"
    latitude: 35.02294
    longitude: 33.42195
    population: 6085
    dem: 222
    timezone: "Asia/Nicosia"
- name: "Eparchia Ammochostou"
  cities:
  - name: "Protaras"
    latitude: 35.0125
    longitude: 34.05833
    population: 20230
    dem: 9
    timezone: "Asia/Famagusta"
  - name: "Rizokarpaso"
    latitude: 35.59719
    longitude: 34.37916
    population: 5215
    dem: 133
    timezone: "Asia/Famagusta"
  - name: "Paralimni"
    latitude: 35.03945
    longitude: 33.98181
    population: 11836
    dem: 81
    timezone: "Asia/Famagusta"
  - name: "Famagusta"
    latitude: 35.12054
    longitude: 33.93894
    population: 42526
    dem: 14
    timezone: "Asia/Famagusta"
  - name: "Deryneia"
    latitude: 35.06484
    longitude: 33.96083
    population: 5161
    dem: 67
    timezone: "Asia/Famagusta"
- name: "Eparchia Larnakas"
  cities:
  - name: "Pergamos"
    latitude: 35.04167
    longitude: 33.70833
    population: 15000
    dem: 85
    timezone: "Asia/Nicosia"
  - name: "Livadia"
    latitude: 34.95118
    longitude: 33.62658
    population: 5329
    dem: 15
    timezone: "Asia/Nicosia"
  - name: "Larnaca"
    latitude: 34.92291
    longitude: 33.6233
    population: 72000
    dem: 9
    timezone: "Asia/Nicosia"
  - name: "Dhromolaxia"
    latitude: 34.87551
    longitude: 33.58684
    population: 5240
    elevation: 30
    dem: 31
    timezone: "Asia/Nicosia"
  - name: "Aradippou"
    latitude: 34.95151
    longitude: 33.59199
    population: 13349
    dem: 53
    timezone: "Asia/Nicosia"
- name: "Eparchia Pafou"
  cities:
  - name: "Paphos"
    latitude: 34.77679
    longitude: 32.42451
    population: 35961
    dem: 81
    timezone: "Asia/Nicosia"
  - name: "Geroskipou Municipality"
    latitude: 34.75498
    longitude: 32.45155
    population: 8313
    elevation: 35
    dem: 29
    timezone: "Asia/Nicosia"
- name: "Eparchia Keryneias"
  cities:
  - name: "Lapithos"
    latitude: 35.33823
    longitude: 33.17368
    population: 5215
    dem: 85
    timezone: "Asia/Famagusta"
  - name: "Kyrenia"
    latitude: 35.33634
    longitude: 33.31729
    population: 26701
    dem: 20
    timezone: "Asia/Famagusta"
- name: "Eparchia Lemesou"
  cities:
  - name: "Ypsonas"
    latitude: 34.68797
    longitude: 32.96191
    population: 7348
    dem: 91
    timezone: "Asia/Nicosia"
  - name: "Limassol"
    latitude: 34.68406
    longitude: 33.03794
    population: 154000
    dem: 27
    timezone: "Asia/Nicosia"
