---
name: "Dominica"
iso: "DM"
iso3: "DMA"
code: "212"
capital: "Roseau"
area: 754.0
population: 72813
continent: "NA"
currencyCode: "XCD"
currencyName: "Dollar"
phone: "+1-767"
languages: "en-DM"
regions:
- name: "Saint Andrew"
  cities:
  - name: "Wesley"
    latitude: 15.56667
    longitude: -61.31667
    population: 1933
    dem: 90
    timezone: "America/Dominica"
- name: "Saint John"
  cities:
  - name: "Portsmouth"
    latitude: 15.58333
    longitude: -61.46667
    population: 3633
    dem: -9999
    timezone: "America/Dominica"
- name: "Saint Peter"
  cities:
  - name: "Colihaut"
    latitude: 15.48478
    longitude: -61.46215
    population: 890
    dem: 11
    timezone: "America/Dominica"
- name: "Saint Mark"
  cities:
  - name: "Soufriere"
    latitude: 15.23374
    longitude: -61.35881
    population: 1416
    dem: 34
    timezone: "America/Dominica"
- name: "Saint Luke"
  cities:
  - name: "Pointe Michel"
    latitude: 15.25976
    longitude: -61.37452
    population: 1202
    dem: 57
    timezone: "America/Dominica"
- name: "Saint Paul"
  cities:
  - name: "Pont Casse"
    latitude: 15.36667
    longitude: -61.35
    population: 702
    dem: 595
    timezone: "America/Dominica"
- name: "Saint George"
  cities:
  - name: "Roseau"
    latitude: 15.30174
    longitude: -61.38808
    population: 16571
    dem: 11
    timezone: "America/Dominica"
- name: "Saint David"
  cities:
  - name: "Rosalie"
    latitude: 15.36667
    longitude: -61.26667
    population: 802
    dem: 75
    timezone: "America/Dominica"
- name: "Saint Joseph"
  cities:
  - name: "Saint Joseph"
    latitude: 15.4
    longitude: -61.43333
    population: 2184
    dem: 1
    timezone: "America/Dominica"
- name: "Saint Patrick"
  cities:
  - name: "Berekua"
    latitude: 15.23333
    longitude: -61.31667
    population: 2608
    dem: 288
    timezone: "America/Dominica"
