---
name: "Ecuador"
iso: "EC"
iso3: "ECU"
code: "218"
capital: "Quito"
area: 283560.0
population: 14790608
continent: "SA"
currencyCode: "USD"
currencyName: "Dollar"
phone: "593"
postalCodeFormat: "@####@"
postalCodeRegex: "^([a-zA-Z]\\d{4}[a-zA-Z])$"
languages: "es-EC"
neighbours: "PE,CO"
regions:
- name: "Provincia de Pichincha"
  cities:
  - name: "Sangolqui"
    latitude: -0.33405
    longitude: -78.45217
    population: 5114
    dem: 2513
    timezone: "America/Guayaquil"
  - name: "Quito"
    latitude: -0.22985
    longitude: -78.52495
    population: 1399814
    dem: 2854
    timezone: "America/Guayaquil"
  - name: "Machachi"
    latitude: -0.51011
    longitude: -78.56712
    population: 25742
    dem: 2933
    timezone: "America/Guayaquil"
  - name: "Cayambe"
    latitude: 0.04084
    longitude: -78.14524
    population: 26582
    dem: 2814
    timezone: "America/Guayaquil"
  - name: "Tutamandahostel"
    latitude: -0.19727
    longitude: -78.4975
    population: 140000
    elevation: 2000
    dem: 2804
    timezone: "America/Guayaquil"
- name: "Provincia de Francisco de Orellana"
  cities:
  - name: "Puerto Francisco de Orellana"
    latitude: -0.46645
    longitude: -76.98719
    population: 48144
    dem: 255
    timezone: "America/Guayaquil"
  - name: "Boca Suno"
    latitude: -0.69832
    longitude: -77.14083
    population: 20313
    dem: 280
    timezone: "America/Guayaquil"
- name: "Provincia del Chimborazo"
  cities:
  - name: "Riobamba"
    latitude: -1.67098
    longitude: -78.64712
    population: 124478
    dem: 2758
    timezone: "America/Guayaquil"
  - name: "Guano"
    latitude: -1.60789
    longitude: -78.63105
    population: 12659
    dem: 2666
    timezone: "America/Guayaquil"
  - name: "Alausi"
    latitude: -2.20329
    longitude: -78.84714
    population: 14294
    dem: 2345
    timezone: "America/Guayaquil"
- name: "Provincia de Loja"
  cities:
  - name: "Macara"
    latitude: -4.38181
    longitude: -79.9437
    population: 13035
    dem: 450
    timezone: "America/Guayaquil"
  - name: "Loja"
    latitude: -3.99313
    longitude: -79.20422
    population: 117796
    dem: 2060
    timezone: "America/Guayaquil"
  - name: "Celica"
    latitude: -4.10266
    longitude: -79.95665
    population: 5499
    dem: 2003
    timezone: "America/Guayaquil"
  - name: "Catamayo"
    latitude: -3.98652
    longitude: -79.35912
    population: 18565
    dem: 1268
    timezone: "America/Guayaquil"
  - name: "Catacocha"
    latitude: -4.04974
    longitude: -79.64944
    population: 10872
    dem: 1874
    timezone: "America/Guayaquil"
  - name: "Cariamanga"
    latitude: -4.32796
    longitude: -79.55554
    population: 16862
    dem: 1946
    timezone: "America/Guayaquil"
- name: "Provincia de Morona-Santiago"
  cities:
  - name: "Sucua"
    latitude: -2.45866
    longitude: -78.17171
    population: 7413
    dem: 831
    timezone: "America/Guayaquil"
  - name: "Palora"
    latitude: -1.70131
    longitude: -77.96516
    population: 6472
    dem: 880
    timezone: "America/Guayaquil"
  - name: "Macas"
    latitude: -2.30868
    longitude: -78.11135
    population: 23687
    dem: 914
    timezone: "America/Guayaquil"
- name: "Provincia de Esmeraldas"
  cities:
  - name: "Valdez"
    latitude: 1.24917
    longitude: -78.98306
    population: 11441
    dem: 7
    timezone: "America/Guayaquil"
  - name: "San Lorenzo de Esmeraldas"
    latitude: 1.28626
    longitude: -78.83514
    population: 20209
    dem: 14
    timezone: "America/Guayaquil"
  - name: "Rosa Zarate"
    latitude: 0.32779
    longitude: -79.47407
    population: 42121
    dem: 88
    timezone: "America/Guayaquil"
  - name: "Muisne"
    latitude: 0.61129
    longitude: -80.01863
    population: 13393
    dem: 4
    timezone: "America/Guayaquil"
  - name: "Esmeraldas"
    latitude: 0.9592
    longitude: -79.65397
    population: 165216
    dem: 18
    timezone: "America/Guayaquil"
- name: "Provincia de Bolivar"
  cities:
  - name: "San Miguel"
    latitude: -1.70884
    longitude: -79.04311
    population: 12575
    dem: 2444
    timezone: "America/Guayaquil"
  - name: "Guaranda"
    latitude: -1.59263
    longitude: -79.00098
    population: 22199
    dem: 2680
    timezone: "America/Guayaquil"
- name: "Provincia de Zamora-Chinchipe"
  cities:
  - name: "Zamora"
    latitude: -4.06685
    longitude: -78.95488
    population: 15276
    dem: 918
    timezone: "America/Guayaquil"
  - name: "Yantzaza"
    latitude: -3.83261
    longitude: -78.76076
    population: 9970
    dem: 826
    timezone: "America/Guayaquil"
- name: "Provincia del Azuay"
  cities:
  - name: "Gualaceo"
    latitude: -2.89264
    longitude: -78.77814
    population: 17122
    dem: 2233
    timezone: "America/Guayaquil"
  - name: "Cuenca"
    latitude: -2.90055
    longitude: -79.00453
    population: 276964
    dem: 2543
    timezone: "America/Guayaquil"
- name: "Provincia de Napo"
  cities:
  - name: "Tena"
    latitude: -0.9938
    longitude: -77.81286
    population: 17172
    dem: 504
    timezone: "America/Guayaquil"
  - name: "Archidona"
    latitude: -0.9095
    longitude: -77.80772
    population: 7309
    dem: 576
    timezone: "America/Guayaquil"
- name: "Provincia del Pastaza"
  cities:
  - name: "Puyo"
    latitude: -1.48369
    longitude: -78.00257
    population: 24881
    dem: 925
    timezone: "America/Guayaquil"
- name: "Provincia de Imbabura"
  cities:
  - name: "Pimampiro"
    latitude: 0.39116
    longitude: -77.94068
    population: 7408
    dem: 2149
    timezone: "America/Guayaquil"
  - name: "Otavalo"
    latitude: 0.23457
    longitude: -78.26248
    population: 32330
    dem: 2532
    timezone: "America/Guayaquil"
  - name: "Ibarra"
    latitude: 0.35171
    longitude: -78.12233
    population: 132977
    dem: 2208
    timezone: "America/Guayaquil"
  - name: "Cotacachi"
    latitude: 0.30107
    longitude: -78.26428
    population: 8238
    dem: 2442
    timezone: "America/Guayaquil"
  - name: "Atuntaqui"
    latitude: 0.33247
    longitude: -78.21371
    population: 17456
    dem: 2413
    timezone: "America/Guayaquil"
- name: "Provincia de Santo Domingo de los Tsachilas"
  cities:
  - name: "Santo Domingo de los Colorados"
    latitude: -0.25305
    longitude: -79.17536
    population: 200421
    dem: 554
    timezone: "America/Guayaquil"
- name: "Provincia del Carchi"
  cities:
  - name: "Tulcan"
    latitude: 0.81187
    longitude: -77.71727
    population: 86498
    dem: 2962
    timezone: "America/Guayaquil"
  - name: "San Gabriel"
    latitude: 0.59318
    longitude: -77.83078
    population: 15112
    dem: 2860
    timezone: "America/Guayaquil"
- name: "Provincia de Manabi"
  cities:
  - name: "Tosagua"
    latitude: -0.78679
    longitude: -80.23473
    population: 14680
    dem: 15
    timezone: "America/Guayaquil"
  - name: "Sucre"
    latitude: -1.27974
    longitude: -80.41885
    population: 15286
    dem: 121
    timezone: "America/Guayaquil"
  - name: "Santa Ana"
    latitude: -1.20726
    longitude: -80.37132
    population: 12833
    dem: 61
    timezone: "America/Guayaquil"
  - name: "Rocafuerte"
    latitude: -0.9236
    longitude: -80.44946
    population: 10274
    dem: 25
    timezone: "America/Guayaquil"
  - name: "Portoviejo"
    latitude: -1.05458
    longitude: -80.45445
    population: 170326
    dem: 44
    timezone: "America/Guayaquil"
  - name: "Pedernales"
    latitude: 0.07167
    longitude: -80.0525
    population: 5983
    dem: 32
    timezone: "America/Guayaquil"
  - name: "Pajan"
    latitude: -1.55238
    longitude: -80.42958
    population: 9183
    dem: 125
    timezone: "America/Guayaquil"
  - name: "Montecristi"
    latitude: -1.04576
    longitude: -80.65889
    population: 18351
    dem: 135
    timezone: "America/Guayaquil"
  - name: "Manta"
    latitude: -0.96212
    longitude: -80.71271
    population: 183166
    dem: 23
    timezone: "America/Guayaquil"
  - name: "Junin"
    latitude: -0.92777
    longitude: -80.20583
    population: 9128
    dem: 49
    timezone: "America/Guayaquil"
  - name: "Jipijapa"
    latitude: -1.34872
    longitude: -80.57875
    population: 35901
    dem: 287
    timezone: "America/Guayaquil"
  - name: "Chone"
    latitude: -0.69819
    longitude: -80.09361
    population: 44751
    dem: 16
    timezone: "America/Guayaquil"
  - name: "Calceta"
    latitude: -0.84582
    longitude: -80.16389
    population: 17286
    dem: 23
    timezone: "America/Guayaquil"
  - name: "Bahia de Caraquez"
    latitude: -0.59792
    longitude: -80.42367
    population: 37056
    dem: 8
    timezone: "America/Guayaquil"
- name: "Provincia de El Oro"
  cities:
  - name: "Zaruma"
    latitude: -3.69132
    longitude: -79.61174
    population: 12505
    dem: 1198
    timezone: "America/Guayaquil"
  - name: "Santa Rosa"
    latitude: -3.44882
    longitude: -79.95952
    population: 41816
    dem: 11
    timezone: "America/Guayaquil"
  - name: "Puerto Bolivar"
    latitude: -3.26649
    longitude: -79.99749
    population: 8300
    dem: 6
    timezone: "America/Guayaquil"
  - name: "Portovelo"
    latitude: -3.72145
    longitude: -79.62187
    population: 9708
    dem: 621
    timezone: "America/Guayaquil"
  - name: "Pinas"
    latitude: -3.68107
    longitude: -79.68083
    population: 16981
    dem: 1017
    timezone: "America/Guayaquil"
  - name: "Pasaje"
    latitude: -3.32561
    longitude: -79.80697
    population: 44860
    dem: 30
    timezone: "America/Guayaquil"
  - name: "Machala"
    latitude: -3.25861
    longitude: -79.96053
    population: 198123
    dem: 15
    timezone: "America/Guayaquil"
  - name: "Huaquillas"
    latitude: -3.47523
    longitude: -80.23084
    population: 39757
    dem: 9
    timezone: "America/Guayaquil"
- name: "Provincia de Santa Elena"
  cities:
  - name: "Santa Elena"
    latitude: -2.22622
    longitude: -80.85873
    population: 42214
    dem: 43
    timezone: "America/Guayaquil"
  - name: "Salinas"
    latitude: -2.21452
    longitude: -80.95151
    population: 43862
    dem: 12
    timezone: "America/Guayaquil"
- name: "Provincia de Cotopaxi"
  cities:
  - name: "San Miguel de Salcedo"
    latitude: -1.04547
    longitude: -78.59063
    population: 10838
    dem: 2650
    timezone: "America/Guayaquil"
  - name: "Pujili"
    latitude: -0.95759
    longitude: -78.69636
    population: 16168
    dem: 2944
    timezone: "America/Guayaquil"
  - name: "Latacunga"
    latitude: -0.93521
    longitude: -78.61554
    population: 51717
    dem: 2769
    timezone: "America/Guayaquil"
  - name: "La Mana"
    latitude: -0.94094
    longitude: -79.22506
    population: 16450
    dem: 212
    timezone: "America/Guayaquil"
- name: "Provincia de Los Rios"
  cities:
  - name: "Vinces"
    latitude: -1.55611
    longitude: -79.75191
    population: 32497
    dem: 17
    timezone: "America/Guayaquil"
  - name: "Ventanas"
    latitude: -1.44158
    longitude: -79.45943
    population: 46708
    dem: 24
    timezone: "America/Guayaquil"
  - name: "Quevedo"
    latitude: -1.02863
    longitude: -79.46352
    population: 119436
    dem: 51
    timezone: "America/Guayaquil"
  - name: "Palenque"
    latitude: -1.43795
    longitude: -79.75647
    population: 9083
    dem: 31
    timezone: "America/Guayaquil"
  - name: "Montalvo"
    latitude: -1.79008
    longitude: -79.28759
    population: 15547
    dem: 65
    timezone: "America/Guayaquil"
  - name: "Catarama"
    latitude: -1.57504
    longitude: -79.45998
    population: 9723
    dem: 17
    timezone: "America/Guayaquil"
  - name: "Babahoyo"
    latitude: -1.80217
    longitude: -79.53443
    population: 76279
    dem: 10
    timezone: "America/Guayaquil"
- name: "Provincia de Galapagos"
  cities:
  - name: "Puerto Baquerizo Moreno"
    latitude: -0.90172
    longitude: -89.61021
    population: 4214
    dem: 54
    timezone: "Pacific/Galapagos"
  - name: "Puerto Ayora"
    latitude: -0.74018
    longitude: -90.3138
    population: 8996
    dem: 15
    timezone: "Pacific/Galapagos"
- name: "Provincia de Sucumbios"
  cities:
  - name: "Nueva Loja"
    latitude: 0.086
    longitude: -76.89528
    population: 24211
    dem: 303
    timezone: "America/Guayaquil"
- name: "Provincia del Tungurahua"
  cities:
  - name: "Pillaro"
    latitude: -1.17414
    longitude: -78.54676
    population: 7462
    dem: 2787
    timezone: "America/Guayaquil"
  - name: "Pelileo"
    latitude: -1.3299
    longitude: -78.54341
    population: 16572
    dem: 2589
    timezone: "America/Guayaquil"
  - name: "Banos"
    latitude: -1.39699
    longitude: -78.42289
    population: 9501
    dem: 1805
    timezone: "America/Guayaquil"
  - name: "Ambato"
    latitude: -1.24908
    longitude: -78.61675
    population: 154369
    dem: 2597
    timezone: "America/Guayaquil"
- name: "Provincia del Guayas"
  cities:
  - name: "Yaguachi Nuevo"
    latitude: -2.0968
    longitude: -79.69485
    population: 27947
    dem: 12
    timezone: "America/Guayaquil"
  - name: "Velasco Ibarra"
    latitude: -1.04376
    longitude: -79.63837
    population: 48754
    dem: 75
    timezone: "America/Guayaquil"
  - name: "Santa Lucia"
    latitude: -2.18333
    longitude: -80.0
    population: 12523
    dem: 15
    timezone: "America/Guayaquil"
  - name: "Samborondon"
    latitude: -1.96276
    longitude: -79.72402
    population: 24118
    dem: 9
    timezone: "America/Guayaquil"
  - name: "Playas"
    latitude: -2.63199
    longitude: -80.38808
    population: 30564
    dem: 10
    timezone: "America/Guayaquil"
  - name: "Pedro Carbo"
    latitude: -1.81563
    longitude: -80.23309
    population: 23372
    dem: 56
    timezone: "America/Guayaquil"
  - name: "Palestina"
    latitude: -1.93709
    longitude: -79.71396
    population: 9364
    dem: 9
    timezone: "America/Guayaquil"
  - name: "Naranjito"
    latitude: -2.16671
    longitude: -79.4654
    population: 34206
    dem: 28
    timezone: "America/Guayaquil"
  - name: "Naranjal"
    latitude: -2.67364
    longitude: -79.6183
    population: 32045
    dem: 25
    timezone: "America/Guayaquil"
  - name: "Milagro"
    latitude: -2.13404
    longitude: -79.59415
    population: 133508
    dem: 14
    timezone: "America/Guayaquil"
  - name: "Lomas de Sargentillo"
    latitude: -1.88333
    longitude: -80.08333
    population: 7542
    dem: 21
    timezone: "America/Guayaquil"
  - name: "La Libertad"
    latitude: -2.233
    longitude: -80.91039
    population: 75881
    dem: 28
    timezone: "America/Guayaquil"
  - name: "Guayaquil"
    latitude: -2.19616
    longitude: -79.88621
    population: 1952029
    dem: 1
    timezone: "America/Guayaquil"
  - name: "El Triunfo"
    latitude: -1.93333
    longitude: -79.96667
    population: 32282
    dem: 6
    timezone: "America/Guayaquil"
  - name: "Eloy Alfaro"
    latitude: -2.17579
    longitude: -79.85519
    population: 167784
    dem: 7
    timezone: "America/Guayaquil"
  - name: "Coronel Marcelino Mariduena"
    latitude: -2.20924
    longitude: -79.43248
    population: 7303
    dem: 43
    timezone: "America/Guayaquil"
  - name: "Colimes"
    latitude: -1.54553
    longitude: -80.01165
    population: 9384
    dem: 25
    timezone: "America/Guayaquil"
  - name: "Balzar"
    latitude: -1.36501
    longitude: -79.90494
    population: 40115
    dem: 41
    timezone: "America/Guayaquil"
  - name: "Balao"
    latitude: -2.911
    longitude: -79.81441
    population: 12205
    dem: 5
    timezone: "America/Guayaquil"
  - name: "Alfredo Baquerizo Moreno"
    latitude: -1.91667
    longitude: -79.51667
    population: 12617
    dem: 9
    timezone: "America/Guayaquil"
- name: "Provincia del Canar"
  cities:
  - name: "La Troncal"
    latitude: -2.42355
    longitude: -79.33977
    population: 36353
    dem: 82
    timezone: "America/Guayaquil"
  - name: "Canar"
    latitude: -2.56062
    longitude: -78.9394
    population: 9900
    dem: 3131
    timezone: "America/Guayaquil"
  - name: "Azogues"
    latitude: -2.73969
    longitude: -78.8486
    population: 34877
    dem: 2508
    timezone: "America/Guayaquil"
