---
name: "Estonia"
iso: "EE"
iso3: "EST"
code: "233"
capital: "Tallinn"
area: 45226.0
population: 1291170
continent: "EU"
currencyCode: "EUR"
currencyName: "Euro"
phone: "372"
postalCodeFormat: "#####"
postalCodeRegex: "^(\\d{5})$"
languages: "et,ru"
neighbours: "RU,LV"
regions:
- name: "Tartumaa"
  cities:
  - name: "Tartu"
    latitude: 58.38062
    longitude: 26.72509
    population: 101092
    dem: 39
    timezone: "Europe/Tallinn"
  - name: "Elva"
    latitude: 58.2225
    longitude: 26.42111
    population: 5819
    dem: 51
    timezone: "Europe/Tallinn"
- name: "Polvamaa"
  cities:
  - name: "Polva"
    latitude: 58.06028
    longitude: 27.06944
    population: 6504
    dem: 63
    timezone: "Europe/Tallinn"
- name: "Vorumaa"
  cities:
  - name: "Voru"
    latitude: 57.83389
    longitude: 27.01944
    population: 14631
    dem: 76
    timezone: "Europe/Tallinn"
- name: "Ida-Virumaa"
  cities:
  - name: "Sillamaee"
    latitude: 59.39697
    longitude: 27.76331
    population: 16672
    dem: 23
    timezone: "Europe/Tallinn"
  - name: "Narva"
    latitude: 59.37722
    longitude: 28.19028
    population: 66980
    dem: 30
    timezone: "Europe/Tallinn"
  - name: "Kohtla-Jaerve"
    latitude: 59.39861
    longitude: 27.27306
    population: 46060
    dem: 66
    timezone: "Europe/Tallinn"
  - name: "Kivioli"
    latitude: 59.35306
    longitude: 26.97111
    population: 6953
    dem: 53
    timezone: "Europe/Tallinn"
  - name: "Johvi"
    latitude: 59.35917
    longitude: 27.42111
    population: 11469
    dem: 61
    timezone: "Europe/Tallinn"
- name: "Viljandimaa"
  cities:
  - name: "Viljandi"
    latitude: 58.36389
    longitude: 25.59
    population: 20309
    dem: 82
    timezone: "Europe/Tallinn"
- name: "Saaremaa"
  cities:
  - name: "Kuressaare"
    latitude: 58.24806
    longitude: 22.50389
    population: 14921
    dem: 6
    timezone: "Europe/Tallinn"
- name: "Hiiumaa"
  cities:
  - name: "Kaerdla"
    latitude: 58.99778
    longitude: 22.74917
    population: 3763
    dem: 9
    timezone: "Europe/Tallinn"
- name: "Paernumaa"
  cities:
  - name: "Paernu"
    latitude: 58.38588
    longitude: 24.49711
    population: 44192
    dem: 6
    timezone: "Europe/Tallinn"
- name: "Jogevamaa"
  cities:
  - name: "Jogeva"
    latitude: 58.74667
    longitude: 26.39389
    population: 6396
    dem: 79
    timezone: "Europe/Tallinn"
- name: "Laane-Virumaa"
  cities:
  - name: "Tapa"
    latitude: 59.26056
    longitude: 25.95861
    population: 6551
    dem: 103
    timezone: "Europe/Tallinn"
  - name: "Rakvere"
    latitude: 59.34639
    longitude: 26.35583
    population: 16736
    dem: 84
    timezone: "Europe/Tallinn"
- name: "Raplamaa"
  cities:
  - name: "Rapla"
    latitude: 59.00722
    longitude: 24.79278
    population: 5684
    dem: 67
    timezone: "Europe/Tallinn"
- name: "Laeaenemaa"
  cities:
  - name: "Haapsalu"
    latitude: 58.94306
    longitude: 23.54139
    population: 11805
    dem: 11
    timezone: "Europe/Tallinn"
- name: "Harjumaa"
  cities:
  - name: "Tallinn"
    latitude: 59.43696
    longitude: 24.75353
    population: 394024
    dem: 12
    timezone: "Europe/Tallinn"
  - name: "Saue"
    latitude: 59.32258
    longitude: 24.54967
    population: 5022
    dem: 41
    timezone: "Europe/Tallinn"
  - name: "Maardu"
    latitude: 59.46529
    longitude: 24.98215
    population: 16630
    dem: 25
    timezone: "Europe/Tallinn"
  - name: "Keila"
    latitude: 59.30361
    longitude: 24.41306
    population: 9411
    dem: 41
    timezone: "Europe/Tallinn"
- name: "Jarvamaa"
  cities:
  - name: "Tueri"
    latitude: 58.80861
    longitude: 25.4325
    population: 6138
    dem: 67
    timezone: "Europe/Tallinn"
  - name: "Paide"
    latitude: 58.88556
    longitude: 25.55722
    population: 9735
    dem: 66
    timezone: "Europe/Tallinn"
- name: "Valgamaa"
  cities:
  - name: "Valga"
    latitude: 57.77781
    longitude: 26.0473
    population: 13945
    dem: 64
    timezone: "Europe/Tallinn"
