---
name: "Fiji"
iso: "FJ"
iso3: "FJI"
code: "242"
capital: "Suva"
area: 18270.0
population: 875983
continent: "OC"
currencyCode: "FJD"
currencyName: "Dollar"
phone: "679"
languages: "en-FJ,fj"
regions:
- name: "Western Division"
  cities:
  - name: "Nadi"
    latitude: -17.80309
    longitude: 177.41617
    population: 42284
    dem: 9
    timezone: "Pacific/Fiji"
  - name: "Lautoka"
    latitude: -17.61686
    longitude: 177.45049
    population: 52500
    dem: 47
    timezone: "Pacific/Fiji"
  - name: "Ba"
    latitude: -17.5343
    longitude: 177.67407
    population: 14596
    dem: 11
    timezone: "Pacific/Fiji"
- name: "Eastern Division"
  cities:
  - name: "Levuka"
    latitude: -18.06667
    longitude: 179.31667
    population: 8360
    dem: 49
    timezone: "Pacific/Fiji"
- name: "Rotuma"
  cities:
  - name: "Ahau"
    latitude: -12.5
    longitude: 177.05
    population: 0
    dem: 53
    timezone: "Pacific/Fiji"
- name: "Central Division"
  cities:
  - name: "Suva"
    latitude: -18.14161
    longitude: 178.44149
    population: 77366
    dem: 57
    timezone: "Pacific/Fiji"
- name: "Northern Division"
  cities:
  - name: "Labasa"
    latitude: -16.4332
    longitude: 179.36451
    population: 27949
    dem: 5
    timezone: "Pacific/Fiji"
