---
name: "Guinea"
iso: "GN"
iso3: "GIN"
code: "324"
capital: "Conakry"
area: 245857.0
population: 10324025
continent: "AF"
currencyCode: "GNF"
currencyName: "Franc"
phone: "224"
languages: "fr-GN"
neighbours: "LR,SN,SL,CI,GW,ML"
regions:
- name: "Labe Region"
  cities:
  - name: "Tougue"
    latitude: 11.44503
    longitude: -11.66422
    population: 25531
    dem: 805
    timezone: "Africa/Conakry"
  - name: "Mali"
    latitude: 12.079
    longitude: -12.2982
    population: 5479
    dem: 1440
    timezone: "Africa/Conakry"
  - name: "Labe"
    latitude: 11.31823
    longitude: -12.28332
    population: 58649
    dem: 1026
    timezone: "Africa/Conakry"
  - name: "Koubia"
    latitude: 11.58632
    longitude: -11.89485
    population: 9909
    dem: 750
    timezone: "Africa/Conakry"
- name: "Faranah Region"
  cities:
  - name: "Kissidougou"
    latitude: 9.1848
    longitude: -10.09987
    population: 47099
    dem: 530
    timezone: "Africa/Conakry"
  - name: "Faranah"
    latitude: 10.04036
    longitude: -10.74343
    population: 9350
    dem: 433
    timezone: "Africa/Conakry"
  - name: "Dinguiraye"
    latitude: 11.29062
    longitude: -10.7121
    population: 6062
    dem: 432
    timezone: "Africa/Conakry"
  - name: "Dabola"
    latitude: 10.7433
    longitude: -11.10778
    population: 13057
    dem: 434
    timezone: "Africa/Conakry"
- name: "Kankan Region"
  cities:
  - name: "Tokonou"
    latitude: 9.65
    longitude: -9.78333
    population: 6729
    dem: 562
    timezone: "Africa/Conakry"
  - name: "Siguiri"
    latitude: 11.42282
    longitude: -9.16852
    population: 43601
    dem: 368
    timezone: "Africa/Conakry"
  - name: "Mandiana"
    latitude: 10.62577
    longitude: -8.69413
    population: 10609
    dem: 373
    timezone: "Africa/Conakry"
  - name: "Kouroussa"
    latitude: 10.65
    longitude: -9.88333
    population: 14223
    dem: 383
    timezone: "Africa/Conakry"
  - name: "Kerouane"
    latitude: 9.26667
    longitude: -9.01667
    population: 7228
    dem: 533
    timezone: "Africa/Conakry"
  - name: "Kankan"
    latitude: 10.38542
    longitude: -9.30568
    population: 114009
    dem: 381
    timezone: "Africa/Conakry"
- name: "Boke Region"
  cities:
  - name: "Youkounkoun"
    latitude: 12.5311
    longitude: -13.1224
    population: 7952
    dem: 76
    timezone: "Africa/Conakry"
  - name: "Sangueya"
    latitude: 10.7
    longitude: -14.36667
    population: 6117
    dem: 18
    timezone: "Africa/Conakry"
  - name: "Koundara"
    latitude: 12.48333
    longitude: -13.3
    population: 13990
    dem: 77
    timezone: "Africa/Conakry"
  - name: "Kimbo"
    latitude: 10.4
    longitude: -13.55
    population: 9326
    dem: 262
    timezone: "Africa/Conakry"
  - name: "Gaoual"
    latitude: 11.75
    longitude: -13.2
    population: 7461
    dem: 79
    timezone: "Africa/Conakry"
  - name: "Fria"
    latitude: 10.36676
    longitude: -13.58253
    population: 44369
    dem: 210
    timezone: "Africa/Conakry"
  - name: "Boke"
    latitude: 10.93217
    longitude: -14.29055
    population: 15460
    dem: 49
    timezone: "Africa/Conakry"
- name: "Nzerekore Region"
  cities:
  - name: "Nzerekore"
    latitude: 7.75624
    longitude: -8.8179
    population: 132728
    dem: 482
    timezone: "Africa/Conakry"
  - name: "Macenta"
    latitude: 8.54351
    longitude: -9.47099
    population: 43102
    dem: 546
    timezone: "Africa/Conakry"
  - name: "Gueckedou"
    latitude: 8.56744
    longitude: -10.1336
    population: 79140
    dem: 430
    timezone: "Africa/Conakry"
  - name: "Beyla"
    latitude: 8.69011
    longitude: -8.64869
    population: 11566
    dem: 684
    timezone: "Africa/Conakry"
- name: "Mamou Region"
  cities:
  - name: "Pita"
    latitude: 11.05915
    longitude: -12.39498
    population: 20052
    dem: 973
    timezone: "Africa/Conakry"
  - name: "Mamou"
    latitude: 10.37546
    longitude: -12.09148
    population: 41619
    dem: 720
    timezone: "Africa/Conakry"
  - name: "Dalaba"
    latitude: 10.69249
    longitude: -12.24967
    population: 7036
    dem: 1240
    timezone: "Africa/Conakry"
- name: "Kindia Region"
  cities:
  - name: "Tondon"
    latitude: 10.36667
    longitude: -13.35
    population: 12235
    dem: 113
    timezone: "Africa/Conakry"
  - name: "Telimele"
    latitude: 10.9
    longitude: -13.03333
    population: 30311
    dem: 610
    timezone: "Africa/Conakry"
  - name: "Kindia"
    latitude: 10.05692
    longitude: -12.86576
    population: 117062
    dem: 415
    timezone: "Africa/Conakry"
  - name: "Forecariah"
    latitude: 9.43056
    longitude: -13.08806
    population: 12358
    dem: 32
    timezone: "Africa/Conakry"
  - name: "Dubreka"
    latitude: 9.79111
    longitude: -13.52333
    population: 10363
    dem: 19
    timezone: "Africa/Conakry"
  - name: "Coyah"
    latitude: 9.70643
    longitude: -13.38465
    population: 77103
    dem: 13
    timezone: "Africa/Conakry"
- name: "Conakry Region"
  cities:
  - name: "Conakry"
    latitude: 9.53795
    longitude: -13.67729
    population: 1767200
    dem: 13
    timezone: "Africa/Conakry"
  - name: "Camayenne"
    latitude: 9.535
    longitude: -13.68778
    population: 1871242
    dem: 6
    timezone: "Africa/Conakry"
