---
name: "Indonesia"
iso: "ID"
iso3: "IDN"
code: "360"
capital: "Jakarta"
area: 1919440.0
population: 242968342
continent: "AS"
currencyCode: "IDR"
currencyName: "Rupiah"
phone: "62"
postalCodeFormat: "#####"
postalCodeRegex: "^(\\d{5})$"
languages: "id,en,nl,jv"
neighbours: "PG,TL,MY"
regions:
- name: "Kepulauan Bangka Belitung"
  cities:
  - name: "Tanjung Pandan"
    latitude: -2.73353
    longitude: 107.63477
    population: 62374
    dem: 8
    timezone: "Asia/Jakarta"
  - name: "Sungailiat"
    latitude: -1.85442
    longitude: 106.12215
    population: 74719
    dem: 4
    timezone: "Asia/Jakarta"
  - name: "Pangkalpinang"
    latitude: -2.12914
    longitude: 106.11377
    population: 125933
    dem: 10
    timezone: "Asia/Jakarta"
  - name: "Muntok"
    latitude: -2.06719
    longitude: 105.16228
    population: 26709
    dem: 8
    timezone: "Asia/Jakarta"
  - name: "Manggar"
    latitude: -2.88333
    longitude: 108.26667
    population: 34520
    dem: 2
    timezone: "Asia/Jakarta"
- name: "Provinsi Kalimantan Timur"
  cities:
  - name: "Samarinda"
    latitude: -0.49167
    longitude: 117.14583
    population: 355160
    dem: 24
    timezone: "Asia/Makassar"
  - name: "Loa Janan"
    latitude: -0.58295
    longitude: 117.09503
    population: 212816
    dem: 9
    timezone: "Asia/Makassar"
  - name: "Bontang"
    latitude: 0.1324
    longitude: 117.4854
    population: 101691
    dem: 10
    timezone: "Asia/Makassar"
  - name: "Balikpapan"
    latitude: -1.26753
    longitude: 116.82887
    population: 433866
    dem: 67
    timezone: "Asia/Makassar"
  - name: "City of Balikpapan"
    latitude: -1.24204
    longitude: 116.89419
    population: 700000
    dem: 11
    timezone: "Asia/Makassar"
- name: "Provinsi Sulawesi Barat"
  cities:
  - name: "Polewali"
    latitude: -3.4324
    longitude: 119.3435
    population: 58190
    dem: 6
    timezone: "Asia/Makassar"
  - name: "Mamuju"
    latitude: -2.68056
    longitude: 118.88611
    population: 15000
    dem: 8
    timezone: "Asia/Makassar"
  - name: "Majene"
    latitude: -3.5403
    longitude: 118.9707
    population: 37715
    dem: 8
    timezone: "Asia/Makassar"
- name: "North Maluku"
  cities:
  - name: "Tobelo"
    latitude: 1.72837
    longitude: 128.00948
    population: 10000
    dem: 11
    timezone: "Asia/Jayapura"
  - name: "Ternate"
    latitude: 0.79065
    longitude: 127.38424
    population: 101731
    dem: 23
    timezone: "Asia/Jayapura"
  - name: "Sofifi"
    latitude: 0.73729
    longitude: 127.5588
    population: 36197
    dem: 9
    timezone: "Asia/Jayapura"
- name: "Provinsi Sulawesi Selatan"
  cities:
  - name: "Watampone"
    latitude: -4.5386
    longitude: 120.3279
    population: 81629
    dem: 34
    timezone: "Asia/Makassar"
  - name: "Makassar"
    latitude: -5.14861
    longitude: 119.43194
    population: 1321717
    dem: 6
    timezone: "Asia/Makassar"
  - name: "Sinjai"
    latitude: -5.1241
    longitude: 120.253
    population: 40797
    dem: 6
    timezone: "Asia/Makassar"
  - name: "Sengkang"
    latitude: -4.1279
    longitude: 120.0297
    population: 59523
    dem: 23
    timezone: "Asia/Makassar"
  - name: "Rantepao"
    latitude: -2.9701
    longitude: 119.8978
    population: 40438
    dem: 784
    timezone: "Asia/Makassar"
  - name: "Parepare"
    latitude: -4.0135
    longitude: 119.6255
    population: 140000
    dem: 22
    timezone: "Asia/Makassar"
  - name: "Palopo"
    latitude: -2.9925
    longitude: 120.19694
    population: 129273
    dem: 8
    timezone: "Asia/Makassar"
  - name: "Maros"
    latitude: -5.006
    longitude: 119.5727
    population: 30000
    dem: 9
    timezone: "Asia/Makassar"
  - name: "Galesong"
    latitude: -5.3166
    longitude: 119.3661
    population: 83050
    dem: 12
    timezone: "Asia/Makassar"
- name: "West Nusa Tenggara"
  cities:
  - name: "Sumbawa Besar"
    latitude: -8.49317
    longitude: 117.42024
    population: 52654
    dem: 14
    timezone: "Asia/Makassar"
  - name: "Praya"
    latitude: -8.70536
    longitude: 116.27036
    population: 35183
    dem: 108
    timezone: "Asia/Makassar"
  - name: "Mataram"
    latitude: -8.58333
    longitude: 116.11667
    population: 318674
    dem: 24
    timezone: "Asia/Makassar"
  - name: "Labuan Lombok"
    latitude: -8.5
    longitude: 116.66667
    population: 10000
    dem: 5
    timezone: "Asia/Makassar"
  - name: "Lembar"
    latitude: -8.7264
    longitude: 116.0744
    population: 10000
    dem: 7
    timezone: "Asia/Makassar"
  - name: "Dompu"
    latitude: -8.5365
    longitude: 118.4634
    population: 49000
    dem: 32
    timezone: "Asia/Makassar"
  - name: "Bima"
    latitude: -8.46006
    longitude: 118.72667
    population: 66970
    dem: 15
    timezone: "Asia/Makassar"
- name: "Provinsi Bali"
  cities:
  - name: "Ubud"
    latitude: -8.5098
    longitude: 115.2654
    population: 28373
    dem: 210
    timezone: "Asia/Makassar"
  - name: "Tabanan"
    latitude: -8.5413
    longitude: 115.12522
    population: 33667
    dem: 126
    timezone: "Asia/Makassar"
  - name: "Singaraja"
    latitude: -8.112
    longitude: 115.08818
    population: 133784
    dem: 11
    timezone: "Asia/Makassar"
  - name: "Negara"
    latitude: -8.35694
    longitude: 114.61694
    population: 33191
    dem: 12
    timezone: "Asia/Makassar"
  - name: "Munduk"
    latitude: -8.26866
    longitude: 115.07947
    population: 6200
    dem: 1163
    timezone: "Asia/Makassar"
  - name: "Kuta"
    latitude: -8.72332
    longitude: 115.17234
    population: 30012
    dem: 8
    timezone: "Asia/Makassar"
  - name: "Klungkung"
    latitude: -8.53333
    longitude: 115.4
    population: 27836
    dem: 95
    timezone: "Asia/Makassar"
  - name: "Amlapura"
    latitude: -8.45
    longitude: 115.61667
    population: 31869
    dem: 86
    timezone: "Asia/Makassar"
  - name: "Denpasar"
    latitude: -8.65
    longitude: 115.21667
    population: 834881
    dem: 33
    timezone: "Asia/Makassar"
  - name: "Banjar"
    latitude: -8.19
    longitude: 114.9675
    population: 89040
    dem: 15
    timezone: "Asia/Makassar"
  - name: "Seririt"
    latitude: -8.1928
    longitude: 114.9388
    population: 25000
    dem: 17
    timezone: "Asia/Makassar"
  - name: "Bedugul"
    latitude: -8.4504
    longitude: 115.5925
    population: 20000
    dem: 155
    timezone: "Asia/Makassar"
  - name: "Legian"
    latitude: -8.70415
    longitude: 115.17028
    population: 10000
    dem: 8
    timezone: "Asia/Makassar"
  - name: "Lovina"
    latitude: -8.14927
    longitude: 115.03999
    population: 10000
    dem: 5
    timezone: "Asia/Makassar"
  - name: "Amlapura city"
    latitude: -8.44869
    longitude: 115.60621
    population: 31869
    dem: 152
    timezone: "Asia/Makassar"
- name: "Provinsi Kalimantan Barat"
  cities:
  - name: "Sungai Raya"
    latitude: 0.7
    longitude: 108.9
    population: 47735
    dem: 9
    timezone: "Asia/Pontianak"
  - name: "Singkawang"
    latitude: 0.90925
    longitude: 108.98463
    population: 101838
    dem: 2
    timezone: "Asia/Pontianak"
  - name: "Pontianak"
    latitude: -0.03194
    longitude: 109.325
    population: 455173
    dem: 2
    timezone: "Asia/Pontianak"
  - name: "Pemangkat"
    latitude: 1.16667
    longitude: 108.96667
    population: 34029
    dem: 1
    timezone: "Asia/Pontianak"
  - name: "Manismata"
    latitude: -2.46667
    longitude: 111.03333
    population: 18888
    dem: 29
    timezone: "Asia/Pontianak"
- name: "Sumatera Utara"
  cities:
  - name: "Tongging"
    latitude: 2.8985
    longitude: 98.5231
    population: 16000
    dem: 926
    timezone: "Asia/Jakarta"
  - name: "Tomok Bolon"
    latitude: 2.6521
    longitude: 98.8608
    population: 10000
    dem: 922
    timezone: "Asia/Jakarta"
  - name: "Teluk Nibung"
    latitude: 3.001
    longitude: 99.8164
    population: 25146
    dem: 3
    timezone: "Asia/Jakarta"
  - name: "Tebingtinggi"
    latitude: 3.3285
    longitude: 99.1625
    population: 117530
    dem: 24
    timezone: "Asia/Jakarta"
  - name: "Tanjungtiram"
    latitude: 4.0613
    longitude: 98.3699
    population: 25118
    dem: 2
    timezone: "Asia/Jakarta"
  - name: "Tanjungbalai"
    latitude: 2.96667
    longitude: 99.8
    population: 142506
    dem: 4
    timezone: "Asia/Jakarta"
  - name: "Sunggal"
    latitude: 3.5765
    longitude: 98.6151
    population: 157914
    dem: 32
    timezone: "Asia/Jakarta"
  - name: "Stabat"
    latitude: 3.73335
    longitude: 98.45025
    population: 26862
    dem: 12
    timezone: "Asia/Jakarta"
  - name: "Sibolga"
    latitude: 1.74016
    longitude: 98.78117
    population: 79714
    dem: 6
    timezone: "Asia/Jakarta"
  - name: "Rantauprapat"
    latitude: 2.1
    longitude: 99.83333
    population: 103009
    dem: 29
    timezone: "Asia/Jakarta"
  - name: "Parapat"
    latitude: 2.663
    longitude: 98.9349
    population: 10000
    dem: 940
    timezone: "Asia/Jakarta"
  - name: "Percut"
    latitude: 3.6253
    longitude: 98.864
    population: 311063
    dem: 11
    timezone: "Asia/Jakarta"
  - name: "Perbaungan"
    latitude: 3.5679
    longitude: 98.956
    population: 157174
    dem: 19
    timezone: "Asia/Jakarta"
  - name: "Pematangsiantar"
    latitude: 2.9595
    longitude: 99.0687
    population: 209614
    dem: 388
    timezone: "Asia/Jakarta"
  - name: "Pangkalan Brandan"
    latitude: 4.0238
    longitude: 98.2782
    population: 25542
    dem: 5
    timezone: "Asia/Jakarta"
  - name: "Padangsidempuan"
    latitude: 1.37952
    longitude: 99.27146
    population: 100561
    dem: 310
    timezone: "Asia/Jakarta"
  - name: "Medan"
    latitude: 3.58333
    longitude: 98.66667
    population: 1750971
    dem: 26
    timezone: "Asia/Jakarta"
  - name: "Labuhan Deli"
    latitude: 3.7278
    longitude: 98.6738
    population: 49668
    dem: 4
    timezone: "Asia/Jakarta"
  - name: "Kisaran"
    latitude: 2.9845
    longitude: 99.6158
    population: 129911
    dem: 20
    timezone: "Asia/Jakarta"
  - name: "Kabanjahe"
    latitude: 3.1001
    longitude: 98.4908
    population: 57159
    dem: 1196
    timezone: "Asia/Jakarta"
  - name: "Deli Tua"
    latitude: 3.5078
    longitude: 98.6839
    population: 27940
    dem: 56
    timezone: "Asia/Jakarta"
  - name: "Binjai"
    latitude: 3.6001
    longitude: 98.4854
    population: 228763
    dem: 34
    timezone: "Asia/Jakarta"
  - name: "Berastagi"
    latitude: 3.19468
    longitude: 98.50889
    population: 44765
    dem: 1402
    timezone: "Asia/Jakarta"
  - name: "Belawan"
    latitude: 3.7755
    longitude: 98.6832
    population: 102707
    dem: 5
    timezone: "Asia/Jakarta"
  - name: "Bandar"
    latitude: 2.05
    longitude: 99.75
    population: 31442
    dem: 73
    timezone: "Asia/Jakarta"
  - name: "Pekan Bahapal"
    latitude: 3.11313
    longitude: 99.17352
    population: 40000
    elevation: 1000
    dem: 128
    timezone: "Asia/Jakarta"
- name: "Provinsi Jambi"
  cities:
  - name: "Sungai Penuh"
    latitude: -2.0561
    longitude: 101.3913
    population: 95913
    dem: 811
    timezone: "Asia/Jakarta"
  - name: "Simpang"
    latitude: -1.26424
    longitude: 104.09701
    population: 36652
    dem: 5
    timezone: "Asia/Jakarta"
  - name: "Mendaha"
    latitude: -1.0163
    longitude: 103.59331
    population: 56268
    dem: 5
    timezone: "Asia/Jakarta"
  - name: "Kuala Tungkal"
    latitude: -0.81623
    longitude: 103.46111
    population: 33683
    dem: 6
    timezone: "Asia/Jakarta"
  - name: "Jambi City"
    latitude: -1.6
    longitude: 103.61667
    population: 420323
    dem: 21
    timezone: "Asia/Jakarta"
  - name: "Bejubang Dua"
    latitude: -1.7923
    longitude: 103.3167
    population: 7957
    dem: 65
    timezone: "Asia/Jakarta"
- name: "Jawa Timur"
  cities:
  - name: "Wongsorejo"
    latitude: -7.9908
    longitude: 114.4009
    population: 29193
    dem: 32
    timezone: "Asia/Jakarta"
  - name: "Tulungagung"
    latitude: -8.0657
    longitude: 111.9025
    population: 65262
    dem: 89
    timezone: "Asia/Jakarta"
  - name: "Tulangan Utara"
    latitude: -7.4737
    longitude: 112.6505
    population: 63889
    dem: 8
    timezone: "Asia/Jakarta"
  - name: "Tuban"
    latitude: -6.8976
    longitude: 112.0649
    population: 76242
    dem: 13
    timezone: "Asia/Jakarta"
  - name: "Trenggalek"
    latitude: -8.0764
    longitude: 111.70641
    population: 29083
    dem: 113
    timezone: "Asia/Jakarta"
  - name: "Tanggulangin"
    latitude: -7.49958
    longitude: 112.69992
    population: 32866
    dem: 6
    timezone: "Asia/Jakarta"
  - name: "Surabaya"
    latitude: -7.24917
    longitude: 112.75083
    population: 2374658
    dem: 8
    timezone: "Asia/Jakarta"
  - name: "Sumenep"
    latitude: -7.01667
    longitude: 113.86667
    population: 84656
    dem: 4
    timezone: "Asia/Jakarta"
  - name: "Sumberpucung"
    latitude: -8.15856
    longitude: 112.48292
    population: 35285
    dem: 302
    timezone: "Asia/Jakarta"
  - name: "Srono"
    latitude: -8.40003
    longitude: 114.26661
    population: 36260
    dem: 60
    timezone: "Asia/Jakarta"
  - name: "Soko"
    latitude: -7.48315
    longitude: 112.42704
    population: 25494
    dem: 28
    timezone: "Asia/Jakarta"
  - name: "Situbondo"
    latitude: -7.70623
    longitude: 114.00976
    population: 600000
    dem: 36
    timezone: "Asia/Jakarta"
  - name: "Singosari"
    latitude: -7.8924
    longitude: 112.6658
    population: 57793
    dem: 501
    timezone: "Asia/Jakarta"
  - name: "Singojuruh"
    latitude: -8.31667
    longitude: 114.23333
    population: 29418
    dem: 157
    timezone: "Asia/Jakarta"
  - name: "Sidoarjo"
    latitude: -7.4478
    longitude: 112.7183
    population: 139189
    dem: 5
    timezone: "Asia/Jakarta"
  - name: "Sampang"
    latitude: -7.1872
    longitude: 113.2394
    population: 53269
    dem: 5
    timezone: "Asia/Jakarta"
  - name: "Probolinggo"
    latitude: -7.7543
    longitude: 113.2159
    population: 181656
    dem: 15
    timezone: "Asia/Jakarta"
  - name: "Prigen"
    latitude: -7.68333
    longitude: 112.61667
    population: 24164
    dem: 823
    timezone: "Asia/Jakarta"
  - name: "Ponorogo"
    latitude: -7.8685
    longitude: 111.462
    population: 79026
    dem: 103
    timezone: "Asia/Jakarta"
  - name: "Pasuruan"
    latitude: -7.6453
    longitude: 112.9075
    population: 158600
    dem: 9
    timezone: "Asia/Jakarta"
  - name: "Pare"
    latitude: -7.7679
    longitude: 112.198
    population: 56699
    dem: 141
    timezone: "Asia/Jakarta"
  - name: "Panji"
    latitude: -7.72528
    longitude: 114.09954
    population: 42789
    dem: 32
    timezone: "Asia/Jakarta"
  - name: "Pandaan"
    latitude: -7.65268
    longitude: 112.6875
    population: 34184
    dem: 196
    timezone: "Asia/Jakarta"
  - name: "Panarukan"
    latitude: -7.70181
    longitude: 113.91844
    population: 30749
    dem: 9
    timezone: "Asia/Jakarta"
  - name: "Pamekasan"
    latitude: -7.1568
    longitude: 113.4746
    population: 92447
    dem: 18
    timezone: "Asia/Jakarta"
  - name: "Pakisaji"
    latitude: -8.0665
    longitude: 112.5981
    population: 30213
    dem: 393
    timezone: "Asia/Jakarta"
  - name: "Paciran"
    latitude: -6.87666
    longitude: 112.37606
    population: 27072
    dem: 5
    timezone: "Asia/Jakarta"
  - name: "Ngunut"
    latitude: -8.1058
    longitude: 112.01591
    population: 26297
    dem: 110
    timezone: "Asia/Jakarta"
  - name: "Ngoro"
    latitude: -7.68386
    longitude: 112.25804
    population: 22871
    dem: 93
    timezone: "Asia/Jakarta"
  - name: "Nganjuk"
    latitude: -7.6051
    longitude: 111.9035
    population: 69011
    dem: 59
    timezone: "Asia/Jakarta"
  - name: "Muncar"
    latitude: -8.43333
    longitude: 114.33333
    population: 64537
    dem: 6
    timezone: "Asia/Jakarta"
  - name: "Mojokerto"
    latitude: -7.4664
    longitude: 112.4338
    population: 112557
    dem: 25
    timezone: "Asia/Jakarta"
  - name: "Mojoagung"
    latitude: -7.56667
    longitude: 112.35
    population: 23534
    dem: 37
    timezone: "Asia/Jakarta"
  - name: "Malang"
    latitude: -7.9797
    longitude: 112.6304
    population: 746716
    dem: 452
    timezone: "Asia/Jakarta"
  - name: "Madiun"
    latitude: -7.6298
    longitude: 111.5239
    population: 186099
    dem: 69
    timezone: "Asia/Jakarta"
  - name: "Lumajang"
    latitude: -8.1335
    longitude: 113.2248
    population: 123626
    dem: 56
    timezone: "Asia/Jakarta"
  - name: "Lawang"
    latitude: -7.8353
    longitude: 112.6947
    population: 159380
    dem: 509
    timezone: "Asia/Jakarta"
  - name: "Lamongan"
    latitude: -7.11667
    longitude: 112.41667
    population: 59224
    dem: 8
    timezone: "Asia/Jakarta"
  - name: "Krian"
    latitude: -7.4104
    longitude: 112.5792
    population: 38603
    dem: 17
    timezone: "Asia/Jakarta"
  - name: "Kraksaan"
    latitude: -7.75845
    longitude: 113.39624
    population: 28248
    dem: 1
    timezone: "Asia/Jakarta"
  - name: "Kertosono"
    latitude: -7.58333
    longitude: 112.1
    population: 60782
    dem: 43
    timezone: "Asia/Jakarta"
  - name: "Kepanjen"
    latitude: -8.1303
    longitude: 112.5727
    population: 51919
    dem: 341
    timezone: "Asia/Jakarta"
  - name: "Kencong"
    latitude: -8.28333
    longitude: 113.36667
    population: 43046
    dem: 11
    timezone: "Asia/Jakarta"
  - name: "Kedungwaru"
    latitude: -8.06667
    longitude: 111.91667
    population: 80257
    dem: 90
    timezone: "Asia/Jakarta"
  - name: "Kediri"
    latitude: -7.81667
    longitude: 112.01667
    population: 235143
    dem: 74
    timezone: "Asia/Jakarta"
  - name: "Kebomas"
    latitude: -7.16667
    longitude: 112.6333
    population: 75982
    dem: 36
    timezone: "Asia/Jakarta"
  - name: "Kamal"
    latitude: -7.16778
    longitude: 112.71917
    population: 22515
    dem: 7
    timezone: "Asia/Jakarta"
  - name: "Kalianget"
    latitude: -7.0537
    longitude: 113.94244
    population: 23897
    dem: 14
    timezone: "Asia/Jakarta"
  - name: "Jombang"
    latitude: -7.54595
    longitude: 112.23307
    population: 126465
    dem: 43
    timezone: "Asia/Jakarta"
  - name: "Jember"
    latitude: -8.17211
    longitude: 113.69953
    population: 298585
    dem: 86
    timezone: "Asia/Jakarta"
  - name: "Gresik"
    latitude: -7.15389
    longitude: 112.65611
    population: 73629
    dem: 10
    timezone: "Asia/Jakarta"
  - name: "Gongdanglegi Kulon"
    latitude: -8.17529
    longitude: 112.63594
    population: 22468
    dem: 360
    timezone: "Asia/Jakarta"
  - name: "Genteng"
    latitude: -8.36667
    longitude: 114.15
    population: 79652
    dem: 172
    timezone: "Asia/Jakarta"
  - name: "Gedangan"
    latitude: -7.39083
    longitude: 112.72667
    population: 79230
    dem: 5
    timezone: "Asia/Jakarta"
  - name: "Gampengrejo"
    latitude: -7.76667
    longitude: 112.01667
    population: 49118
    dem: 59
    timezone: "Asia/Jakarta"
  - name: "Gambiran Satu"
    latitude: -8.3939
    longitude: 114.1464
    population: 22525
    dem: 143
    timezone: "Asia/Jakarta"
  - name: "Driyorejo"
    latitude: -7.3659
    longitude: 112.6219
    population: 26827
    dem: 13
    timezone: "Asia/Jakarta"
  - name: "Diwek"
    latitude: -7.57897
    longitude: 112.23109
    population: 41719
    dem: 53
    timezone: "Asia/Jakarta"
  - name: "Dampit"
    latitude: -8.21162
    longitude: 112.74934
    population: 23094
    dem: 430
    timezone: "Asia/Jakarta"
  - name: "Buduran"
    latitude: -7.4281
    longitude: 112.7234
    population: 48152
    dem: 6
    timezone: "Asia/Jakarta"
  - name: "Boyolangu"
    latitude: -8.1181
    longitude: 111.8935
    population: 32287
    dem: 94
    timezone: "Asia/Jakarta"
  - name: "Bondowoso"
    latitude: -7.91346
    longitude: 113.82145
    population: 69783
    dem: 258
    timezone: "Asia/Jakarta"
  - name: "Bojonegoro"
    latitude: -7.1502
    longitude: 111.8817
    population: 86568
    dem: 24
    timezone: "Asia/Jakarta"
  - name: "Blitar"
    latitude: -8.0983
    longitude: 112.1681
    population: 132416
    dem: 180
    timezone: "Asia/Jakarta"
  - name: "Besuki"
    latitude: -7.73379
    longitude: 113.69785
    population: 55465
    dem: 6
    timezone: "Asia/Jakarta"
  - name: "Batu"
    latitude: -7.87
    longitude: 112.52833
    population: 75631
    dem: 881
    timezone: "Asia/Jakarta"
  - name: "Banyuwangi"
    latitude: -8.2325
    longitude: 114.35755
    population: 108166
    dem: 24
    timezone: "Asia/Jakarta"
  - name: "Bangkalan"
    latitude: -7.0455
    longitude: 112.7351
    population: 62178
    dem: 4
    timezone: "Asia/Jakarta"
  - name: "Bangil"
    latitude: -7.59939
    longitude: 112.8186
    population: 120000
    dem: 2
    timezone: "Asia/Jakarta"
  - name: "Balung"
    latitude: -7.73333
    longitude: 113.91667
    population: 47631
    dem: 27
    timezone: "Asia/Jakarta"
  - name: "Babat"
    latitude: -7.11282
    longitude: 112.16354
    population: 27038
    dem: 12
    timezone: "Asia/Jakarta"
- name: "Sulawesi Utara"
  cities:
  - name: "Tondano"
    latitude: 1.3054
    longitude: 124.91261
    population: 33317
    dem: 693
    timezone: "Asia/Makassar"
  - name: "Tomohon"
    latitude: 1.31678
    longitude: 124.80379
    population: 27624
    dem: 734
    timezone: "Asia/Makassar"
  - name: "Manado"
    latitude: 1.48218
    longitude: 124.84892
    population: 451893
    dem: 10
    timezone: "Asia/Makassar"
  - name: "Laikit, Laikit II"
    latitude: 1.48833
    longitude: 124.97444
    population: 8000
    dem: 288
    timezone: "Asia/Makassar"
- name: "Provinsi Gorontalo"
  cities:
  - name: "Gorontalo"
    latitude: 0.5375
    longitude: 123.0625
    population: 144195
    dem: 11
    timezone: "Asia/Makassar"
- name: "Provinsi Kepulauan Riau"
  cities:
  - name: "Tanjung Pinang"
    latitude: 0.91667
    longitude: 104.45833
    population: 192493
    dem: 39
    timezone: "Asia/Pontianak"
  - name: "Kijang"
    latitude: 0.9
    longitude: 104.63333
    population: 41344
    dem: 6
    timezone: "Asia/Jakarta"
- name: "Provinsi Jawa Tengah"
  cities:
  - name: "Wonosobo"
    latitude: -7.35889
    longitude: 109.90306
    population: 92990
    dem: 794
    timezone: "Asia/Jakarta"
  - name: "Wonopringgo"
    latitude: -6.98333
    longitude: 109.61667
    population: 38429
    dem: 45
    timezone: "Asia/Jakarta"
  - name: "Wiradesa"
    latitude: -6.8922
    longitude: 109.619
    population: 39407
    dem: 10
    timezone: "Asia/Jakarta"
  - name: "Weleri"
    latitude: -6.9713
    longitude: 110.0666
    population: 58448
    dem: 17
    timezone: "Asia/Jakarta"
  - name: "Welahan"
    latitude: -6.8
    longitude: 110.71667
    population: 26163
    dem: 4
    timezone: "Asia/Jakarta"
  - name: "Wedi"
    latitude: -7.74306
    longitude: 110.57944
    population: 55300
    dem: 148
    timezone: "Asia/Jakarta"
  - name: "Wangon"
    latitude: -7.51611
    longitude: 109.05389
    population: 35530
    dem: 32
    timezone: "Asia/Jakarta"
  - name: "Ungaran"
    latitude: -7.13972
    longitude: 110.405
    population: 127812
    dem: 351
    timezone: "Asia/Jakarta"
  - name: "Trucuk"
    latitude: -7.71833
    longitude: 110.65889
    population: 23584
    dem: 123
    timezone: "Asia/Jakarta"
  - name: "Tegal"
    latitude: -6.8694
    longitude: 109.1402
    population: 237084
    dem: 7
    timezone: "Asia/Jakarta"
  - name: "Tayu"
    latitude: -6.5397
    longitude: 111.0518
    population: 26413
    dem: 9
    timezone: "Asia/Jakarta"
  - name: "Tarub"
    latitude: -6.93333
    longitude: 109.16667
    population: 75739
    dem: 22
    timezone: "Asia/Jakarta"
  - name: "Surakarta"
    latitude: -7.55611
    longitude: 110.83167
    population: 555308
    dem: 100
    timezone: "Asia/Jakarta"
  - name: "Sokaraja"
    latitude: -7.45806
    longitude: 109.28806
    population: 66482
    dem: 48
    timezone: "Asia/Jakarta"
  - name: "Sragen"
    latitude: -7.42639
    longitude: 111.02222
    population: 71522
    dem: 90
    timezone: "Asia/Jakarta"
  - name: "Slawi"
    latitude: -6.9816
    longitude: 109.1407
    population: 61206
    dem: 43
    timezone: "Asia/Jakarta"
  - name: "Sidareja"
    latitude: -7.4846
    longitude: 108.7923
    population: 30313
    dem: 8
    timezone: "Asia/Jakarta"
  - name: "Semarang"
    latitude: -6.99306
    longitude: 110.42083
    population: 1288084
    dem: 18
    timezone: "Asia/Jakarta"
  - name: "Selogiri"
    latitude: -7.78333
    longitude: 110.86667
    population: 30180
    dem: 117
    timezone: "Asia/Jakarta"
  - name: "Salatiga"
    latitude: -7.33194
    longitude: 110.49278
    population: 172645
    dem: 571
    timezone: "Asia/Jakarta"
  - name: "Rembangan"
    latitude: -6.7036
    longitude: 111.3416
    population: 44030
    dem: 11
    timezone: "Asia/Jakarta"
  - name: "Randudongkal"
    latitude: -7.0981
    longitude: 109.3243
    population: 28532
    dem: 216
    timezone: "Asia/Jakarta"
  - name: "Purwokerto"
    latitude: -7.42139
    longitude: 109.23444
    population: 217222
    dem: 81
    timezone: "Asia/Jakarta"
  - name: "Purwodadi"
    latitude: -7.0868
    longitude: 110.9158
    population: 150206
    dem: 29
    timezone: "Asia/Jakarta"
  - name: "Purbalingga"
    latitude: -7.38806
    longitude: 109.36389
    population: 56903
    dem: 61
    timezone: "Asia/Jakarta"
  - name: "Candi Prambanan"
    latitude: -7.75
    longitude: 110.49417
    population: 44925
    dem: 157
    timezone: "Asia/Jakarta"
  - name: "Pemalang"
    latitude: -6.89193
    longitude: 109.38263
    population: 184149
    dem: 19
    timezone: "Asia/Jakarta"
  - name: "Pekalongan"
    latitude: -6.8886
    longitude: 109.6753
    population: 257945
    dem: 10
    timezone: "Asia/Jakarta"
  - name: "Pecangaan"
    latitude: -6.6978
    longitude: 110.7107
    population: 61046
    dem: 18
    timezone: "Asia/Jakarta"
  - name: "Pati"
    latitude: -6.7559
    longitude: 111.038
    population: 122785
    dem: 13
    timezone: "Asia/Jakarta"
  - name: "Muntilan"
    latitude: -7.58111
    longitude: 110.29278
    population: 44859
    dem: 377
    timezone: "Asia/Jakarta"
  - name: "Mranggen"
    latitude: -7.0268
    longitude: 110.5158
    population: 28026
    dem: 20
    timezone: "Asia/Jakarta"
  - name: "Mlonggo"
    latitude: -6.53333
    longitude: 110.7
    population: 33542
    dem: 18
    timezone: "Asia/Jakarta"
  - name: "Mertoyudan"
    latitude: -7.52
    longitude: 110.22639
    population: 69871
    dem: 351
    timezone: "Asia/Jakarta"
  - name: "Margasari"
    latitude: -7.1
    longitude: 109.01667
    population: 27814
    dem: 46
    timezone: "Asia/Jakarta"
  - name: "Majenang"
    latitude: -7.2975
    longitude: 108.7642
    population: 38897
    dem: 40
    timezone: "Asia/Jakarta"
  - name: "Magelang"
    latitude: -7.47056
    longitude: 110.21778
    population: 111461
    dem: 379
    timezone: "Asia/Jakarta"
  - name: "Lebaksiu"
    latitude: -7.0496
    longitude: 109.1441
    population: 33606
    dem: 149
    timezone: "Asia/Jakarta"
  - name: "Lasem"
    latitude: -6.6922
    longitude: 111.4527
    population: 28948
    dem: 12
    timezone: "Asia/Jakarta"
  - name: "Kutoarjo"
    latitude: -7.71694
    longitude: 109.91278
    population: 31352
    dem: 20
    timezone: "Asia/Jakarta"
  - name: "Kudus"
    latitude: -6.8048
    longitude: 110.8405
    population: 92156
    dem: 27
    timezone: "Asia/Jakarta"
  - name: "Kroya"
    latitude: -7.63306
    longitude: 109.24611
    population: 23255
    dem: 18
    timezone: "Asia/Jakarta"
  - name: "Klaten"
    latitude: -7.70583
    longitude: 110.60639
    population: 126831
    dem: 159
    timezone: "Asia/Jakarta"
  - name: "Ketanggungan"
    latitude: -6.9383
    longitude: 108.891
    population: 44288
    dem: 16
    timezone: "Asia/Jakarta"
  - name: "Kedungwuni"
    latitude: -6.97038
    longitude: 109.64794
    population: 117249
    dem: 17
    timezone: "Asia/Jakarta"
  - name: "Kebonarun"
    latitude: -7.70028
    longitude: 110.56306
    population: 21745
    dem: 193
    timezone: "Asia/Jakarta"
  - name: "Karanganom"
    latitude: -7.64889
    longitude: 110.625
    population: 50670
    dem: 217
    timezone: "Asia/Jakarta"
  - name: "Juwana"
    latitude: -6.715
    longitude: 111.1514
    population: 40177
    dem: 8
    timezone: "Asia/Jakarta"
  - name: "Jogonalan"
    latitude: -7.70361
    longitude: 110.53611
    population: 28114
    dem: 223
    timezone: "Asia/Jakarta"
  - name: "Jekulo"
    latitude: -6.8057
    longitude: 110.9262
    population: 37521
    dem: 15
    timezone: "Asia/Jakarta"
  - name: "Jatiroto"
    latitude: -7.88333
    longitude: 111.11667
    population: 50059
    dem: 265
    timezone: "Asia/Jakarta"
  - name: "Jaten"
    latitude: -7.57722
    longitude: 110.8975
    population: 32378
    dem: 113
    timezone: "Asia/Jakarta"
  - name: "Grogol"
    latitude: -7.60111
    longitude: 110.81861
    population: 100613
    dem: 93
    timezone: "Asia/Jakarta"
  - name: "Gombong"
    latitude: -7.60722
    longitude: 109.51417
    population: 31965
    dem: 26
    timezone: "Asia/Jakarta"
  - name: "Gebog"
    latitude: -6.735
    longitude: 110.8444
    population: 43756
    dem: 127
    timezone: "Asia/Jakarta"
  - name: "Dukuhturi"
    latitude: -6.9
    longitude: 109.08333
    population: 98074
    dem: 4
    timezone: "Asia/Jakarta"
  - name: "Demak"
    latitude: -6.8909
    longitude: 110.6396
    population: 27251
    dem: 9
    timezone: "Asia/Jakarta"
  - name: "Delanggu"
    latitude: -7.61667
    longitude: 110.68333
    population: 24440
    dem: 153
    timezone: "Asia/Jakarta"
  - name: "Comal"
    latitude: -6.9053
    longitude: 109.5347
    population: 51092
    dem: 13
    timezone: "Asia/Jakarta"
  - name: "Colomadu"
    latitude: -7.53333
    longitude: 110.75
    population: 26274
    dem: 128
    timezone: "Asia/Jakarta"
  - name: "Cepu"
    latitude: -7.1475
    longitude: 111.5906
    population: 55055
    dem: 36
    timezone: "Asia/Jakarta"
  - name: "Ceper"
    latitude: -7.67417
    longitude: 110.67889
    population: 28646
    dem: 130
    timezone: "Asia/Jakarta"
  - name: "Bulakamba"
    latitude: -6.8748
    longitude: 108.9559
    population: 27367
    dem: 5
    timezone: "Asia/Jakarta"
  - name: "Buaran"
    latitude: -7.05
    longitude: 109.55
    population: 38770
    dem: 21
    timezone: "Asia/Jakarta"
  - name: "Boyolali"
    latitude: -7.53306
    longitude: 110.59583
    population: 59851
    dem: 438
    timezone: "Asia/Jakarta"
  - name: "Blora"
    latitude: -6.9698
    longitude: 111.4186
    population: 51811
    dem: 89
    timezone: "Asia/Jakarta"
  - name: "Baturaden"
    latitude: -7.3
    longitude: 109.21667
    population: 42394
    dem: 980
    timezone: "Asia/Jakarta"
  - name: "Batang"
    latitude: -6.4846
    longitude: 110.7083
    population: 115537
    dem: 14
    timezone: "Asia/Jakarta"
  - name: "Banyumas"
    latitude: -7.51417
    longitude: 109.29417
    population: 48378
    dem: 28
    timezone: "Asia/Jakarta"
  - name: "Balapulang"
    latitude: -7.04858
    longitude: 109.10056
    population: 28483
    dem: 128
    timezone: "Asia/Jakarta"
  - name: "Baki"
    latitude: -7.61278
    longitude: 110.78389
    population: 58909
    dem: 104
    timezone: "Asia/Jakarta"
  - name: "Baekrajan"
    latitude: -6.7674
    longitude: 110.8541
    population: 57920
    dem: 68
    timezone: "Asia/Jakarta"
  - name: "Ambarawa"
    latitude: -7.26333
    longitude: 110.3975
    population: 84379
    dem: 481
    timezone: "Asia/Jakarta"
  - name: "Adiwerna"
    latitude: -6.9375
    longitude: 109.1325
    population: 134188
    dem: 23
    timezone: "Asia/Jakarta"
  - name: "Ngemplak"
    latitude: -7.54972
    longitude: 110.71639
    population: 23750
    dem: 143
    timezone: "Asia/Jakarta"
  - name: "Kartasura"
    latitude: -7.55194
    longitude: 110.73778
    population: 88927
    dem: 134
    timezone: "Asia/Jakarta"
  - name: "Gatak"
    latitude: -7.59083
    longitude: 110.70444
    population: 48959
    dem: 144
    timezone: "Asia/Jakarta"
- name: "Provinsi Maluku"
  cities:
  - name: "Tual"
    latitude: -5.62878
    longitude: 132.75229
    population: 39502
    dem: 169
    timezone: "Asia/Jayapura"
  - name: "Ambon"
    latitude: -3.69583
    longitude: 128.18333
    population: 355596
    dem: 12
    timezone: "Asia/Jayapura"
  - name: "Amahai"
    latitude: -3.33984
    longitude: 128.91975
    population: 47653
    dem: 6
    timezone: "Asia/Jayapura"
- name: "Provinsi Kalimantan Tengah"
  cities:
  - name: "Sampit"
    latitude: -2.5315
    longitude: 112.9496
    population: 66053
    dem: 5
    timezone: "Asia/Pontianak"
  - name: "Pangkalanbuun"
    latitude: -2.6832
    longitude: 111.6259
    population: 38057
    dem: 16
    timezone: "Asia/Pontianak"
  - name: "Palangkaraya"
    latitude: -2.20833
    longitude: 113.91667
    population: 148139
    dem: 16
    timezone: "Asia/Pontianak"
  - name: "Kualakapuas"
    latitude: -3.00913
    longitude: 114.38759
    population: 35632
    dem: 9
    timezone: "Asia/Pontianak"
- name: "Sulawesi Tenggara"
  cities:
  - name: "Kendari"
    latitude: -3.9778
    longitude: 122.51507
    population: 195006
    dem: 2
    timezone: "Asia/Makassar"
  - name: "Katabu"
    latitude: -4.9333
    longitude: 122.5167
    population: 42750
    dem: 63
    timezone: "Asia/Makassar"
- name: "Nanggroe Aceh Darussalam Province"
  cities:
  - name: "Singkil"
    latitude: 2.2874
    longitude: 97.7884
    population: 46800
    dem: 5
    timezone: "Asia/Jakarta"
  - name: "Sinabang"
    latitude: 2.4803
    longitude: 96.3801
    population: 15000
    dem: 6
    timezone: "Asia/Jakarta"
  - name: "Sigli"
    latitude: 5.3848
    longitude: 95.9609
    population: 17504
    dem: 9
    timezone: "Asia/Jakarta"
  - name: "Sabang"
    latitude: 5.88969
    longitude: 95.31644
    population: 24519
    dem: 16
    timezone: "Asia/Jakarta"
  - name: "Reuleuet"
    latitude: 5.21667
    longitude: 96.28333
    population: 40393
    dem: 9
    timezone: "Asia/Jakarta"
  - name: "Meulaboh"
    latitude: 4.14402
    longitude: 96.12664
    population: 35062
    dem: 7
    timezone: "Asia/Jakarta"
  - name: "Lhokseumawe"
    latitude: 5.1801
    longitude: 97.1507
    population: 88974
    dem: 6
    timezone: "Asia/Jakarta"
  - name: "Langsa"
    latitude: 4.4683
    longitude: 97.9683
    population: 54465
    dem: 10
    timezone: "Asia/Jakarta"
  - name: "Bireun"
    latitude: 5.203
    longitude: 96.7009
    population: 25793
    dem: 19
    timezone: "Asia/Jakarta"
  - name: "Banda Aceh"
    latitude: 5.54167
    longitude: 95.33333
    population: 250757
    dem: 9
    timezone: "Asia/Jakarta"
- name: "Provinsi Riau"
  cities:
  - name: "Pekanbaru"
    latitude: 0.51667
    longitude: 101.44167
    population: 703956
    dem: 19
    timezone: "Asia/Jakarta"
  - name: "Dumai"
    latitude: 1.66711
    longitude: 101.44316
    population: 143760
    dem: 7
    timezone: "Asia/Jakarta"
  - name: "Balaipungut"
    latitude: 1.05949
    longitude: 101.29054
    population: 56452
    dem: 16
    timezone: "Asia/Jakarta"
  - name: "Batam"
    latitude: 1.14937
    longitude: 104.02491
    population: 1164352
    dem: 38
    timezone: "Asia/Jakarta"
- name: "Daerah Istimewa Yogyakarta"
  cities:
  - name: "Yogyakarta"
    latitude: -7.80139
    longitude: 110.36472
    population: 636660
    dem: 110
    timezone: "Asia/Jakarta"
  - name: "Srandakan"
    latitude: -7.93861
    longitude: 110.25056
    population: 29529
    dem: 23
    timezone: "Asia/Jakarta"
  - name: "Sleman"
    latitude: -7.71556
    longitude: 110.35556
    population: 56215
    dem: 210
    timezone: "Asia/Jakarta"
  - name: "Sewon"
    latitude: -7.87639
    longitude: 110.35889
    population: 73585
    dem: 57
    timezone: "Asia/Jakarta"
  - name: "Pundong"
    latitude: -7.95222
    longitude: 110.34861
    population: 24081
    dem: 26
    timezone: "Asia/Jakarta"
  - name: "Pandak"
    latitude: -7.91306
    longitude: 110.29361
    population: 56043
    dem: 34
    timezone: "Asia/Jakarta"
  - name: "Melati"
    latitude: -7.73333
    longitude: 110.36667
    population: 67090
    dem: 187
    timezone: "Asia/Jakarta"
  - name: "Godean"
    latitude: -7.76972
    longitude: 110.29389
    population: 63164
    dem: 121
    timezone: "Asia/Jakarta"
  - name: "Depok"
    latitude: -7.7625
    longitude: 110.43167
    population: 104527
    dem: 154
    timezone: "Asia/Jakarta"
  - name: "Bantul"
    latitude: -7.88806
    longitude: 110.32889
    population: 58653
    dem: 49
    timezone: "Asia/Jakarta"
  - name: "Bambanglipuro"
    latitude: -7.95
    longitude: 110.28333
    population: 44713
    dem: 37
    timezone: "Asia/Jakarta"
  - name: "Gamping Lor"
    latitude: -7.79556
    longitude: 110.32639
    population: 66110
    dem: 105
    timezone: "Asia/Jakarta"
  - name: "Kasihan"
    latitude: -7.82694
    longitude: 110.32917
    population: 86234
    dem: 86
    timezone: "Asia/Jakarta"
- name: "Daerah Khusus Ibukota Jakarta"
  cities:
  - name: "Jakarta"
    latitude: -6.21462
    longitude: 106.84513
    population: 8540121
    dem: 16
    timezone: "Asia/Jakarta"
- name: "North Kalimantan"
  cities:
  - name: "Tarakan"
    latitude: 3.31332
    longitude: 117.59152
    population: 97478
    dem: 29
    timezone: "Asia/Makassar"
  - name: "Tanjung Selor"
    latitude: 2.8375
    longitude: 117.36528
    population: 0
    dem: 9
    timezone: "Asia/Makassar"
- name: "Provinsi Papua"
  cities:
  - name: "Nabire"
    latitude: -3.35989
    longitude: 135.50074
    population: 43898
    dem: 8
    timezone: "Asia/Jayapura"
  - name: "Jayapura"
    latitude: -2.53371
    longitude: 140.71813
    population: 134895
    dem: 11
    timezone: "Asia/Jayapura"
  - name: "Abepura"
    latitude: -2.5964
    longitude: 140.6324
    population: 62248
    dem: 85
    timezone: "Asia/Jayapura"
- name: "Provinsi Nusa Tenggara Timur"
  cities:
  - name: "Waingapu"
    latitude: -9.6567
    longitude: 120.2641
    population: 48828
    dem: 26
    timezone: "Asia/Makassar"
  - name: "Soe"
    latitude: -9.86071
    longitude: 124.28395
    population: 27717
    dem: 852
    timezone: "Asia/Makassar"
  - name: "Ruteng"
    latitude: -8.61139
    longitude: 120.46444
    population: 34569
    dem: 1173
    timezone: "Asia/Makassar"
  - name: "Maumere"
    latitude: -8.6199
    longitude: 122.2111
    population: 47598
    dem: 18
    timezone: "Asia/Makassar"
  - name: "Labuan Bajo"
    latitude: -8.4964
    longitude: 119.8877
    population: 188724
    dem: 63
    timezone: "Asia/Makassar"
  - name: "Kefamenanu"
    latitude: -9.44667
    longitude: 124.47806
    population: 29490
    dem: 409
    timezone: "Asia/Makassar"
  - name: "Ende"
    latitude: -8.8432
    longitude: 121.6623
    population: 77205
    dem: 31
    timezone: "Asia/Makassar"
  - name: "Atambua"
    latitude: -9.10611
    longitude: 124.8925
    population: 35793
    dem: 336
    timezone: "Asia/Makassar"
  - name: "Kupang"
    latitude: -10.17083
    longitude: 123.60694
    population: 282396
    dem: 94
    timezone: "Asia/Makassar"
- name: "Jawa Barat"
  cities:
  - name: "Weru"
    latitude: -6.711
    longitude: 108.5037
    population: 139004
    dem: 19
    timezone: "Asia/Jakarta"
  - name: "Wanaraja"
    latitude: -7.1749
    longitude: 107.9808
    population: 26240
    dem: 724
    timezone: "Asia/Jakarta"
  - name: "Tasikmalaya"
    latitude: -7.3274
    longitude: 108.2207
    population: 271143
    dem: 354
    timezone: "Asia/Jakarta"
  - name: "Sumedang Utara"
    latitude: -6.85
    longitude: 107.91667
    population: 100000
    dem: 467
    timezone: "Asia/Jakarta"
  - name: "Sumedang"
    latitude: -6.85861
    longitude: 107.91639
    population: 200000
    dem: 460
    timezone: "Asia/Jakarta"
  - name: "Sumber"
    latitude: -6.76028
    longitude: 108.48306
    population: 93420
    dem: 72
    timezone: "Asia/Jakarta"
  - name: "Sukabumi"
    latitude: -6.91806
    longitude: 106.92667
    population: 276414
    dem: 613
    timezone: "Asia/Jakarta"
  - name: "Soreang"
    latitude: -7.03306
    longitude: 107.51833
    population: 150932
    dem: 744
    timezone: "Asia/Jakarta"
  - name: "Singaparna"
    latitude: -7.3515
    longitude: 108.111
    population: 48882
    dem: 430
    timezone: "Asia/Jakarta"
  - name: "Serpong"
    latitude: -6.31694
    longitude: 106.66417
    population: 80193
    dem: 49
    timezone: "Asia/Jakarta"
  - name: "Sepatan"
    latitude: -6.11889
    longitude: 106.575
    population: 118439
    dem: 11
    timezone: "Asia/Jakarta"
  - name: "Sawangan"
    latitude: -6.40278
    longitude: 106.77444
    population: 114069
    dem: 88
    timezone: "Asia/Jakarta"
  - name: "Rengasdengklok"
    latitude: -6.15917
    longitude: 107.29806
    population: 201463
    dem: 10
    timezone: "Asia/Jakarta"
  - name: "Rajapolah"
    latitude: -7.221
    longitude: 108.1896
    population: 39840
    dem: 467
    timezone: "Asia/Jakarta"
  - name: "Purwakarta"
    latitude: -6.55694
    longitude: 107.44333
    population: 215803
    dem: 86
    timezone: "Asia/Jakarta"
  - name: "Plumbon"
    latitude: -6.705
    longitude: 108.47278
    population: 167105
    dem: 22
    timezone: "Asia/Jakarta"
  - name: "Pelabuhanratu"
    latitude: -6.9875
    longitude: 106.55139
    population: 43001
    dem: 21
    timezone: "Asia/Jakarta"
  - name: "Paseh"
    latitude: -7.1026
    longitude: 107.7641
    population: 126181
    dem: 918
    timezone: "Asia/Jakarta"
  - name: "Pasarkemis"
    latitude: -6.17028
    longitude: 106.53028
    population: 154234
    dem: 20
    timezone: "Asia/Jakarta"
  - name: "Parung"
    latitude: -6.42139
    longitude: 106.73306
    population: 193898
    dem: 101
    timezone: "Asia/Jakarta"
  - name: "Pamulang"
    latitude: -6.34278
    longitude: 106.73833
    population: 174557
    dem: 65
    timezone: "Asia/Jakarta"
  - name: "Pameungpeuk"
    latitude: -7.01833
    longitude: 107.60389
    population: 48294
    dem: 665
    timezone: "Asia/Jakarta"
  - name: "Pamanukan"
    latitude: -6.28417
    longitude: 107.81056
    population: 114290
    dem: 10
    timezone: "Asia/Jakarta"
  - name: "Palimanan"
    latitude: -6.70694
    longitude: 108.42417
    population: 92600
    dem: 26
    timezone: "Asia/Jakarta"
  - name: "Ngawi"
    latitude: -7.4038
    longitude: 111.4461
    population: 22412
    dem: 57
    timezone: "Asia/Jakarta"
  - name: "Margahayukencana"
    latitude: -6.97083
    longitude: 107.5675
    population: 83119
    dem: 668
    timezone: "Asia/Jakarta"
  - name: "Majalengka"
    latitude: -6.83611
    longitude: 108.22778
    population: 87732
    dem: 126
    timezone: "Asia/Jakarta"
  - name: "Lembang"
    latitude: -6.81167
    longitude: 107.6175
    population: 183130
    dem: 1252
    timezone: "Asia/Jakarta"
  - name: "Kuningan"
    latitude: -6.97583
    longitude: 108.48306
    population: 72085
    dem: 537
    timezone: "Asia/Jakarta"
  - name: "Kresek"
    latitude: -6.13139
    longitude: 106.37972
    population: 110182
    dem: 16
    timezone: "Asia/Jakarta"
  - name: "Klangenan"
    latitude: -6.70944
    longitude: 108.44
    population: 88378
    dem: 25
    timezone: "Asia/Jakarta"
  - name: "Kawalu"
    latitude: -7.3817
    longitude: 108.2082
    population: 50541
    dem: 325
    timezone: "Asia/Jakarta"
  - name: "Karangsembung"
    latitude: -6.8487
    longitude: 108.6422
    population: 75856
    dem: 14
    timezone: "Asia/Jakarta"
  - name: "Karangampel"
    latitude: -6.46222
    longitude: 108.45194
    population: 31234
    dem: 7
    timezone: "Asia/Jakarta"
  - name: "Jatiwangi"
    latitude: -6.73361
    longitude: 108.26278
    population: 57973
    dem: 47
    timezone: "Asia/Jakarta"
  - name: "Jatibarang"
    latitude: -6.47472
    longitude: 108.31528
    population: 73010
    dem: 12
    timezone: "Asia/Jakarta"
  - name: "Indramayu"
    latitude: -6.32639
    longitude: 108.32
    population: 123263
    dem: 5
    timezone: "Asia/Jakarta"
  - name: "Depok"
    latitude: -6.4
    longitude: 106.81861
    population: 1198129
    dem: 92
    timezone: "Asia/Jakarta"
  - name: "Citeureup"
    latitude: -6.48556
    longitude: 106.88194
    population: 110155
    dem: 136
    timezone: "Asia/Jakarta"
  - name: "Cirebon"
    latitude: -6.7063
    longitude: 108.557
    population: 254298
    dem: 8
    timezone: "Asia/Jakarta"
  - name: "Ciputat"
    latitude: -6.2375
    longitude: 106.69556
    population: 207858
    dem: 23
    timezone: "Asia/Jakarta"
  - name: "Cimahi"
    latitude: -6.87222
    longitude: 107.5425
    population: 493698
    dem: 764
    timezone: "Asia/Jakarta"
  - name: "Cileunyi"
    latitude: -6.93889
    longitude: 107.75278
    population: 111476
    dem: 703
    timezone: "Asia/Jakarta"
  - name: "Cileungsir"
    latitude: -6.39472
    longitude: 106.95917
    population: 202190
    dem: 78
    timezone: "Asia/Jakarta"
  - name: "Cikarang"
    latitude: -6.26111
    longitude: 107.15278
    population: 106479
    dem: 17
    timezone: "Asia/Jakarta"
  - name: "Cikampek"
    latitude: -6.41972
    longitude: 107.45583
    population: 145620
    dem: 61
    timezone: "Asia/Jakarta"
  - name: "Cicurug"
    latitude: -6.78139
    longitude: 106.7825
    population: 88965
    dem: 502
    timezone: "Asia/Jakarta"
  - name: "Cibinong"
    latitude: -6.48167
    longitude: 106.85417
    population: 188663
    dem: 137
    timezone: "Asia/Jakarta"
  - name: "Ciamis"
    latitude: -7.3257
    longitude: 108.3534
    population: 123637
    dem: 207
    timezone: "Asia/Jakarta"
  - name: "Caringin"
    latitude: -6.70611
    longitude: 106.82139
    population: 91845
    dem: 444
    timezone: "Asia/Jakarta"
  - name: "Ciampea"
    latitude: -6.55472
    longitude: 106.70083
    population: 207212
    dem: 147
    timezone: "Asia/Jakarta"
  - name: "Bogor"
    latitude: -6.59444
    longitude: 106.78917
    population: 800000
    dem: 245
    timezone: "Asia/Jakarta"
  - name: "Bekasi"
    latitude: -6.2349
    longitude: 106.9896
    population: 1520119
    dem: 18
    timezone: "Asia/Jakarta"
  - name: "Banjaran"
    latitude: -7.04528
    longitude: 107.58778
    population: 164952
    dem: 674
    timezone: "Asia/Jakarta"
  - name: "Banjar"
    latitude: -7.1955
    longitude: 107.4313
    population: 37263
    dem: 1874
    timezone: "Asia/Jakarta"
  - name: "Bandung"
    latitude: -6.92222
    longitude: 107.60694
    population: 1699719
    dem: 714
    timezone: "Asia/Jakarta"
  - name: "Astanajapura"
    latitude: -6.8017
    longitude: 108.6311
    population: 148047
    dem: 6
    timezone: "Asia/Jakarta"
  - name: "Arjawinangun"
    latitude: -6.64528
    longitude: 108.41028
    population: 105845
    dem: 14
    timezone: "Asia/Jakarta"
  - name: "Padalarang"
    latitude: -6.83778
    longitude: 107.47278
    population: 124946
    dem: 703
    timezone: "Asia/Jakarta"
  - name: "Ciranjang-hilir"
    latitude: -6.82
    longitude: 107.25722
    population: 77758
    dem: 266
    timezone: "Asia/Jakarta"
  - name: "Cikupa"
    latitude: -6.23639
    longitude: 106.50833
    population: 174041
    dem: 30
    timezone: "Asia/Jakarta"
  - name: "Teluknaga"
    latitude: -6.09889
    longitude: 106.63806
    population: 128275
    dem: 8
    timezone: "Asia/Jakarta"
- name: "Provinsi Sumatera Barat"
  cities:
  - name: "Solok"
    latitude: -0.8006
    longitude: 100.6571
    population: 48372
    dem: 392
    timezone: "Asia/Jakarta"
  - name: "Sijunjung"
    latitude: -0.7005
    longitude: 100.9774
    population: 27786
    dem: 167
    timezone: "Asia/Jakarta"
  - name: "Payakumbuh"
    latitude: -0.2159
    longitude: 100.6334
    population: 121572
    dem: 517
    timezone: "Asia/Jakarta"
  - name: "Pariaman"
    latitude: -0.61898
    longitude: 100.11997
    population: 92183
    dem: 4
    timezone: "Asia/Jakarta"
  - name: "Padang"
    latitude: -0.94924
    longitude: 100.35427
    population: 840352
    dem: 6
    timezone: "Asia/Jakarta"
  - name: "Bukittinggi"
    latitude: -0.30907
    longitude: 100.37055
    population: 98746
    dem: 927
    timezone: "Asia/Jakarta"
- name: "Provinsi Papua Barat"
  cities:
  - name: "Sorong"
    latitude: -0.87956
    longitude: 131.26104
    population: 125535
    dem: 7
    timezone: "Asia/Jayapura"
  - name: "Manokwari"
    latitude: -0.86291
    longitude: 134.06402
    population: 53190
    dem: 15
    timezone: "Asia/Jayapura"
- name: "Banten"
  cities:
  - name: "Tangerang"
    latitude: -6.17806
    longitude: 106.63
    population: 1372124
    dem: 18
    timezone: "Asia/Jakarta"
  - name: "Serang"
    latitude: -6.11528
    longitude: 106.15417
    population: 164767
    dem: 29
    timezone: "Asia/Jakarta"
  - name: "Rangkasbitung"
    latitude: -6.3591
    longitude: 106.2494
    population: 126910
    dem: 27
    timezone: "Asia/Jakarta"
  - name: "Pandeglang"
    latitude: -6.3084
    longitude: 106.1067
    population: 92316
    dem: 253
    timezone: "Asia/Jakarta"
  - name: "Labuan"
    latitude: -6.3784
    longitude: 105.83
    population: 33576
    dem: 12
    timezone: "Asia/Jakarta"
  - name: "Curug"
    latitude: -6.26583
    longitude: 106.55639
    population: 191406
    dem: 39
    timezone: "Asia/Jakarta"
  - name: "South Tangerang"
    latitude: -6.28862
    longitude: 106.71789
    population: 1303569
    dem: 39
    timezone: "Asia/Jakarta"
- name: "Provinsi Kalimantan Selatan"
  cities:
  - name: "Martapura"
    latitude: -3.4109
    longitude: 114.8642
    population: 131449
    dem: 6
    timezone: "Asia/Makassar"
  - name: "Barabai"
    latitude: -2.58333
    longitude: 115.38333
    population: 60192
    dem: 16
    timezone: "Asia/Makassar"
  - name: "Banjarmasin"
    latitude: -3.31987
    longitude: 114.59075
    population: 572837
    dem: 8
    timezone: "Asia/Makassar"
  - name: "Amuntai"
    latitude: -2.41773
    longitude: 115.24941
    population: 55560
    dem: 10
    timezone: "Asia/Makassar"
- name: "Sulawesi Tengah"
  cities:
  - name: "Poso"
    latitude: -1.3959
    longitude: 120.7524
    population: 47110
    dem: 10
    timezone: "Asia/Makassar"
  - name: "Palu"
    latitude: -0.90833
    longitude: 119.87083
    population: 282431
    dem: 9
    timezone: "Asia/Makassar"
  - name: "Luwuk"
    latitude: -0.9516
    longitude: 122.7875
    population: 47778
    dem: 17
    timezone: "Asia/Makassar"
- name: "Provinsi Lampung"
  cities:
  - name: "Terbanggi Besar"
    latitude: -4.87898
    longitude: 105.21818
    population: 52566
    dem: 29
    timezone: "Asia/Jakarta"
  - name: "Bandar Lampung"
    latitude: -5.42917
    longitude: 105.26111
    population: 800348
    dem: 95
    timezone: "Asia/Jakarta"
  - name: "Metro"
    latitude: -5.11306
    longitude: 105.30667
    population: 149526
    dem: 62
    timezone: "Asia/Jakarta"
  - name: "Kotabumi"
    latitude: -4.82505
    longitude: 104.8817
    population: 42366
    dem: 37
    timezone: "Asia/Jakarta"
- name: "Propinsi Bengkulu"
  cities:
  - name: "Curup"
    latitude: -3.4703
    longitude: 102.5207
    population: 46245
    dem: 630
    timezone: "Asia/Jakarta"
  - name: "Bengkulu"
    latitude: -3.80044
    longitude: 102.26554
    population: 309712
    dem: 19
    timezone: "Asia/Jakarta"
- name: "Sumatera Selatan"
  cities:
  - name: "Tanjungagung"
    latitude: -3.93728
    longitude: 103.80465
    population: 53117
    dem: 129
    timezone: "Asia/Jakarta"
  - name: "Prabumulih"
    latitude: -3.43447
    longitude: 104.23056
    population: 103470
    dem: 51
    timezone: "Asia/Jakarta"
  - name: "Palembang"
    latitude: -2.91673
    longitude: 104.7458
    population: 1441500
    dem: 5
    timezone: "Asia/Jakarta"
  - name: "Pagar Alam"
    latitude: -4.02506
    longitude: 103.24694
    population: 70386
    dem: 720
    timezone: "Asia/Jakarta"
  - name: "Lubuklinggau"
    latitude: -3.2945
    longitude: 102.8614
    population: 148243
    dem: 140
    timezone: "Asia/Jakarta"
  - name: "Lahat"
    latitude: -3.78514
    longitude: 103.54279
    population: 65906
    dem: 115
    timezone: "Asia/Jakarta"
  - name: "Baturaja"
    latitude: -4.12891
    longitude: 104.16695
    population: 134759
    dem: 69
    timezone: "Asia/Jakarta"
