---
name: "Japan"
iso: "JP"
iso3: "JPN"
code: "392"
capital: "Tokyo"
area: 377835.0
population: 127288000
continent: "AS"
currencyCode: "JPY"
currencyName: "Yen"
phone: "81"
postalCodeFormat: "###-####"
postalCodeRegex: "^\\d{3}-\\d{4}$"
languages: "ja"
regions:
- name: "Kagoshima-ken"
  cities:
  - name: "Tarumizu"
    latitude: 31.48333
    longitude: 130.7
    population: 19146
    dem: 10
    timezone: "Asia/Tokyo"
  - name: "Sueyoshicho-ninokata"
    latitude: 31.65
    longitude: 131.01667
    population: 19986
    dem: 188
    timezone: "Asia/Tokyo"
  - name: "Shibushi"
    latitude: 31.476
    longitude: 131.10114
    population: 18349
    dem: 11
    timezone: "Asia/Tokyo"
  - name: "Satsumasendai"
    latitude: 31.81667
    longitude: 130.3
    population: 73132
    dem: 5
    timezone: "Asia/Tokyo"
  - name: "Okuchi-shinohara"
    latitude: 32.06779
    longitude: 130.62439
    population: 22425
    dem: 182
    timezone: "Asia/Tokyo"
  - name: "Nishinoomote"
    latitude: 30.73333
    longitude: 131.0
    population: 17832
    dem: 38
    timezone: "Asia/Tokyo"
  - name: "Naze"
    latitude: 28.36667
    longitude: 129.48333
    population: 41365
    dem: 192
    timezone: "Asia/Tokyo"
  - name: "Miyanoura"
    latitude: 30.4269
    longitude: 130.57151
    population: 6544
    dem: 8
    timezone: "Asia/Tokyo"
  - name: "Makurazaki"
    latitude: 31.26667
    longitude: 130.31667
    population: 24971
    dem: 153
    timezone: "Asia/Tokyo"
  - name: "Kushikino"
    latitude: 31.71667
    longitude: 130.26667
    population: 25744
    dem: 6
    timezone: "Asia/Tokyo"
  - name: "Kokubu-matsuki"
    latitude: 31.73333
    longitude: 130.76667
    population: 57896
    dem: 0
    timezone: "Asia/Tokyo"
  - name: "Kaseda-shirakame"
    latitude: 31.41667
    longitude: 130.31667
    population: 23710
    dem: 22
    timezone: "Asia/Tokyo"
  - name: "Kanoya"
    latitude: 31.38333
    longitude: 130.85
    population: 82335
    dem: 23
    timezone: "Asia/Tokyo"
  - name: "Kajiki"
    latitude: 31.73333
    longitude: 130.66667
    population: 22997
    dem: 3
    timezone: "Asia/Tokyo"
  - name: "Kagoshima"
    latitude: 31.56667
    longitude: 130.55
    population: 555352
    dem: 6
    timezone: "Asia/Tokyo"
  - name: "Izumi"
    latitude: 32.08333
    longitude: 130.36667
    population: 39217
    dem: 37
    timezone: "Asia/Tokyo"
  - name: "Ijuin"
    latitude: 31.61667
    longitude: 130.4
    population: 25217
    dem: 93
    timezone: "Asia/Tokyo"
  - name: "Ibusuki"
    latitude: 31.23333
    longitude: 130.65
    population: 29710
    dem: 2
    timezone: "Asia/Tokyo"
  - name: "Hamanoichi"
    latitude: 31.71667
    longitude: 130.73333
    population: 39475
    dem: -1
    timezone: "Asia/Tokyo"
  - name: "Akune"
    latitude: 32.01667
    longitude: 130.2
    population: 25089
    dem: 6
    timezone: "Asia/Tokyo"
- name: "Aomori-ken"
  cities:
  - name: "Mutsu"
    latitude: 41.28944
    longitude: 141.21694
    population: 49220
    dem: 6
    timezone: "Asia/Tokyo"
  - name: "Namioka"
    latitude: 40.71069
    longitude: 140.59048
    population: 20681
    dem: 28
    timezone: "Asia/Tokyo"
  - name: "Misawa"
    latitude: 40.68682
    longitude: 141.38969
    population: 42805
    dem: 37
    timezone: "Asia/Tokyo"
  - name: "Kuroishi"
    latitude: 40.64581
    longitude: 140.58354
    population: 38615
    dem: 45
    timezone: "Asia/Tokyo"
  - name: "Shimokizukuri"
    latitude: 40.81609
    longitude: 140.37539
    population: 18907
    dem: 3
    timezone: "Asia/Tokyo"
  - name: "Hirosaki"
    latitude: 40.59306
    longitude: 140.4725
    population: 174972
    dem: 45
    timezone: "Asia/Tokyo"
  - name: "Hachinohe"
    latitude: 40.5
    longitude: 141.5
    population: 239046
    dem: 20
    timezone: "Asia/Tokyo"
  - name: "Aomori"
    latitude: 40.81667
    longitude: 140.73333
    population: 298394
    dem: 7
    timezone: "Asia/Tokyo"
  - name: "Goshogawara"
    latitude: 40.80444
    longitude: 140.44139
    population: 49110
    dem: 9
    timezone: "Asia/Tokyo"
- name: "Shiga"
  cities:
  - name: "Youkaichi"
    latitude: 35.11626
    longitude: 136.19768
    population: 45338
    dem: 124
    timezone: "Asia/Tokyo"
  - name: "Otsu"
    latitude: 35.0
    longitude: 135.86667
    population: 298164
    dem: 131
    timezone: "Asia/Tokyo"
  - name: "Nagahama"
    latitude: 35.38333
    longitude: 136.26667
    population: 62089
    dem: 86
    timezone: "Asia/Tokyo"
  - name: "Moriyama"
    latitude: 35.06667
    longitude: 135.98333
    population: 68584
    dem: 92
    timezone: "Asia/Tokyo"
  - name: "Minakuchicho-matoba"
    latitude: 34.96667
    longitude: 136.16667
    population: 38986
    dem: 171
    timezone: "Asia/Tokyo"
  - name: "Kusatsu"
    latitude: 35.01667
    longitude: 135.96667
    population: 127680
    dem: 102
    timezone: "Asia/Tokyo"
  - name: "Kitahama"
    latitude: 35.16667
    longitude: 135.91667
    population: 23836
    dem: 97
    timezone: "Asia/Tokyo"
  - name: "Hino"
    latitude: 35.0
    longitude: 136.25
    population: 22767
    dem: 182
    timezone: "Asia/Tokyo"
  - name: "Hikone"
    latitude: 35.25
    longitude: 136.25
    population: 110925
    dem: 95
    timezone: "Asia/Tokyo"
  - name: "Omihachiman"
    latitude: 35.12861
    longitude: 136.0976
    population: 69189
    dem: 91
    timezone: "Asia/Tokyo"
- name: "Tottori"
  cities:
  - name: "Yonago"
    latitude: 35.43333
    longitude: 133.33333
    population: 141368
    dem: 9
    timezone: "Asia/Tokyo"
  - name: "Tottori"
    latitude: 35.5
    longitude: 134.23333
    population: 154098
    dem: 6
    timezone: "Asia/Tokyo"
  - name: "Sakaiminato"
    latitude: 35.53774
    longitude: 133.23094
    population: 36324
    dem: 1
    timezone: "Asia/Tokyo"
  - name: "Kurayoshi"
    latitude: 35.43333
    longitude: 133.81667
    population: 48347
    dem: 20
    timezone: "Asia/Tokyo"
- name: "Mie-ken"
  cities:
  - name: "Yokkaichi"
    latitude: 34.96667
    longitude: 136.61667
    population: 295841
    dem: 8
    timezone: "Asia/Tokyo"
  - name: "Ueno-ebisumachi"
    latitude: 34.75856
    longitude: 136.13108
    population: 61598
    dem: 149
    timezone: "Asia/Tokyo"
  - name: "Tsu"
    latitude: 34.73333
    longitude: 136.51667
    population: 163461
    dem: 1
    timezone: "Asia/Tokyo"
  - name: "Toba"
    latitude: 34.4833
    longitude: 136.84186
    population: 23303
    dem: 6
    timezone: "Asia/Tokyo"
  - name: "Suzuka"
    latitude: 34.88333
    longitude: 136.58333
    population: 191477
    dem: 10
    timezone: "Asia/Tokyo"
  - name: "Owase"
    latitude: 34.06667
    longitude: 136.2
    population: 22038
    dem: 4
    timezone: "Asia/Tokyo"
  - name: "Nabari"
    latitude: 34.61667
    longitude: 136.08333
    population: 88128
    dem: 192
    timezone: "Asia/Tokyo"
  - name: "Komono"
    latitude: 35.0
    longitude: 136.51667
    population: 40740
    dem: 84
    timezone: "Asia/Tokyo"
  - name: "Kameyama"
    latitude: 34.85
    longitude: 136.45
    population: 39899
    dem: 54
    timezone: "Asia/Tokyo"
  - name: "Ise"
    latitude: 34.48333
    longitude: 136.7
    population: 97314
    dem: 56
    timezone: "Asia/Tokyo"
  - name: "Hisai-motomachi"
    latitude: 34.66667
    longitude: 136.46667
    population: 41642
    dem: 20
    timezone: "Asia/Tokyo"
  - name: "Kawage"
    latitude: 34.80447
    longitude: 136.54645
    population: 17948
    elevation: 20
    dem: 14
    timezone: "Asia/Tokyo"
  - name: "Kuwana"
    latitude: 35.05192
    longitude: 136.66958
    population: 140051
    dem: 8
    timezone: "Asia/Tokyo"
- name: "Kagawa-ken"
  cities:
  - name: "Tonosho"
    latitude: 34.48047
    longitude: 134.17017
    population: 16514
    dem: 49
    timezone: "Asia/Tokyo"
  - name: "Takamatsu"
    latitude: 34.33333
    longitude: 134.05
    population: 334223
    dem: 17
    timezone: "Asia/Tokyo"
  - name: "Tadotsu"
    latitude: 34.275
    longitude: 133.75
    population: 23514
    dem: 4
    timezone: "Asia/Tokyo"
  - name: "Shido"
    latitude: 34.32333
    longitude: 134.17333
    population: 22859
    dem: 6
    timezone: "Asia/Tokyo"
  - name: "Sakaidecho"
    latitude: 34.32278
    longitude: 133.8356
    population: 57090
    dem: 11
    timezone: "Asia/Tokyo"
  - name: "Marugame"
    latitude: 34.28333
    longitude: 133.78333
    population: 82090
    dem: 5
    timezone: "Asia/Tokyo"
  - name: "Kanonjicho"
    latitude: 34.1276
    longitude: 133.64598
    population: 44363
    dem: 4
    timezone: "Asia/Tokyo"
- name: "Yamagata-ken"
  cities:
  - name: "Yuza"
    latitude: 39.01573
    longitude: 139.92909
    population: 17082
    dem: 25
    timezone: "Asia/Tokyo"
  - name: "Tsuruoka"
    latitude: 38.72167
    longitude: 139.82167
    population: 99820
    dem: 13
    timezone: "Asia/Tokyo"
  - name: "Sakata"
    latitude: 38.91667
    longitude: 139.855
    population: 100446
    dem: 0
    timezone: "Asia/Tokyo"
  - name: "Yonezawa"
    latitude: 37.91
    longitude: 140.11667
    population: 94486
    dem: 249
    timezone: "Asia/Tokyo"
  - name: "Yamagata"
    latitude: 38.23333
    longitude: 140.36667
    population: 254538
    dem: 321
    timezone: "Asia/Tokyo"
  - name: "Tendo"
    latitude: 38.35361
    longitude: 140.36972
    population: 65393
    dem: 108
    timezone: "Asia/Tokyo"
  - name: "Takahata"
    latitude: 38.0025
    longitude: 140.19111
    population: 26347
    dem: 223
    timezone: "Asia/Tokyo"
  - name: "Shinjo"
    latitude: 38.75861
    longitude: 140.30083
    population: 41140
    dem: 99
    timezone: "Asia/Tokyo"
  - name: "Sagae"
    latitude: 38.3725
    longitude: 140.2725
    population: 43544
    dem: 102
    timezone: "Asia/Tokyo"
  - name: "Obanazawa"
    latitude: 38.60333
    longitude: 140.40194
    population: 20821
    dem: 93
    timezone: "Asia/Tokyo"
  - name: "Nagai"
    latitude: 38.10361
    longitude: 140.035
    population: 31026
    dem: 204
    timezone: "Asia/Tokyo"
  - name: "Kaminoyama"
    latitude: 38.15389
    longitude: 140.27361
    population: 35593
    dem: 177
    timezone: "Asia/Tokyo"
  - name: "Higashine"
    latitude: 38.43889
    longitude: 140.40056
    population: 45779
    dem: 119
    timezone: "Asia/Tokyo"
- name: "Tochigi"
  cities:
  - name: "Yaita"
    latitude: 36.8
    longitude: 139.93333
    population: 36275
    dem: 191
    timezone: "Asia/Tokyo"
  - name: "Utsunomiya"
    latitude: 36.56667
    longitude: 139.88333
    population: 449865
    dem: 137
    timezone: "Asia/Tokyo"
  - name: "Ujiie"
    latitude: 36.68333
    longitude: 139.96667
    population: 30366
    dem: 164
    timezone: "Asia/Tokyo"
  - name: "Tochigi"
    latitude: 36.38333
    longitude: 139.73333
    population: 82133
    dem: 51
    timezone: "Asia/Tokyo"
  - name: "Tanuma"
    latitude: 36.36667
    longitude: 139.58333
    population: 28723
    dem: 66
    timezone: "Asia/Tokyo"
  - name: "Sano"
    latitude: 36.31667
    longitude: 139.58333
    population: 82535
    dem: 36
    timezone: "Asia/Tokyo"
  - name: "Oyama"
    latitude: 36.3
    longitude: 139.8
    population: 159936
    dem: 41
    timezone: "Asia/Tokyo"
  - name: "Nikko"
    latitude: 36.75
    longitude: 139.61667
    population: 16041
    dem: 555
    timezone: "Asia/Tokyo"
  - name: "Mibu"
    latitude: 36.41667
    longitude: 139.8
    population: 39728
    dem: 59
    timezone: "Asia/Tokyo"
  - name: "Kanuma"
    latitude: 36.55
    longitude: 139.73333
    population: 94903
    dem: 162
    timezone: "Asia/Tokyo"
  - name: "Kaminokawa"
    latitude: 36.43333
    longitude: 139.91667
    population: 30827
    dem: 65
    timezone: "Asia/Tokyo"
  - name: "Imaichi"
    latitude: 36.71667
    longitude: 139.68333
    population: 64323
    dem: 391
    timezone: "Asia/Tokyo"
  - name: "Fujioka"
    latitude: 36.25
    longitude: 139.65
    population: 18335
    dem: 21
    timezone: "Asia/Tokyo"
  - name: "Ashikaga"
    latitude: 36.33333
    longitude: 139.45
    population: 159671
    dem: 45
    timezone: "Asia/Tokyo"
  - name: "Otawara"
    latitude: 36.86667
    longitude: 140.03333
    population: 58888
    dem: 205
    timezone: "Asia/Tokyo"
  - name: "Motegi"
    latitude: 36.51667
    longitude: 140.18333
    population: 19575
    dem: 105
    timezone: "Asia/Tokyo"
  - name: "Mooka"
    latitude: 36.43333
    longitude: 140.01667
    population: 65717
    dem: 67
    timezone: "Asia/Tokyo"
  - name: "Mashiko"
    latitude: 36.46667
    longitude: 140.1
    population: 26045
    dem: 79
    timezone: "Asia/Tokyo"
  - name: "Kuroiso"
    latitude: 36.96667
    longitude: 140.05
    population: 61230
    dem: 301
    timezone: "Asia/Tokyo"
  - name: "Karasuyama"
    latitude: 36.65
    longitude: 140.15
    population: 18488
    dem: 119
    timezone: "Asia/Tokyo"
- name: "Okinawa"
  cities:
  - name: "Tomigusuku"
    latitude: 26.18583
    longitude: 127.68192
    population: 55715
    dem: 47
    timezone: "Asia/Tokyo"
  - name: "Naha"
    latitude: 26.21667
    longitude: 127.68333
    population: 300795
    dem: 12
    timezone: "Asia/Tokyo"
  - name: "Nago"
    latitude: 26.61502
    longitude: 127.98543
    population: 59587
    dem: 32
    timezone: "Asia/Tokyo"
  - name: "Itoman"
    latitude: 26.12647
    longitude: 127.66918
    population: 57184
    dem: 5
    timezone: "Asia/Tokyo"
  - name: "Ishikawa"
    latitude: 26.42333
    longitude: 127.82139
    population: 22412
    dem: 11
    timezone: "Asia/Tokyo"
  - name: "Ishigaki"
    latitude: 24.34478
    longitude: 124.15717
    population: 44802
    dem: 18
    timezone: "Asia/Tokyo"
  - name: "Hirara"
    latitude: 24.80379
    longitude: 125.30222
    population: 34354
    dem: 31
    timezone: "Asia/Tokyo"
  - name: "Katsuren-haebaru"
    latitude: 26.33294
    longitude: 127.87403
    population: 34239
    dem: 9
    timezone: "Asia/Tokyo"
  - name: "Gushikawa"
    latitude: 26.35937
    longitude: 127.86735
    population: 65251
    dem: 61
    timezone: "Asia/Tokyo"
  - name: "Ginowan"
    latitude: 26.26265
    longitude: 127.76147
    population: 91800
    dem: 105
    timezone: "Asia/Tokyo"
  - name: "Chatan"
    latitude: 26.30948
    longitude: 127.77024
    population: 27844
    dem: 27
    timezone: "Asia/Tokyo"
  - name: "Okinawa"
    latitude: 26.33583
    longitude: 127.80139
    population: 125483
    dem: 112
    timezone: "Asia/Tokyo"
- name: "Ehime"
  cities:
  - name: "Niihama"
    latitude: 33.96047
    longitude: 133.30522
    population: 123059
    dem: 13
    timezone: "Asia/Tokyo"
  - name: "Iyo"
    latitude: 33.75139
    longitude: 132.70139
    population: 30760
    dem: 14
    timezone: "Asia/Tokyo"
  - name: "Uwajima"
    latitude: 33.22375
    longitude: 132.56001
    population: 58971
    dem: 6
    timezone: "Asia/Tokyo"
  - name: "Saijo"
    latitude: 33.91667
    longitude: 133.18333
    population: 58823
    dem: 8
    timezone: "Asia/Tokyo"
  - name: "Ozu"
    latitude: 33.5
    longitude: 132.55
    population: 38833
    dem: 27
    timezone: "Asia/Tokyo"
  - name: "Matsuyama"
    latitude: 33.83916
    longitude: 132.76574
    population: 443322
    dem: 28
    timezone: "Asia/Tokyo"
  - name: "Masaki-cho"
    latitude: 33.78757
    longitude: 132.71124
    population: 30548
    dem: 7
    timezone: "Asia/Tokyo"
  - name: "Kawanoecho"
    latitude: 34.01654
    longitude: 133.57844
    population: 37641
    dem: 13
    timezone: "Asia/Tokyo"
  - name: "Hojo"
    latitude: 33.97661
    longitude: 132.77767
    population: 27992
    dem: 7
    timezone: "Asia/Tokyo"
  - name: "Kihoku-cho"
    latitude: 33.25592
    longitude: 132.68343
    population: 11712
    dem: 121
    timezone: "Asia/Tokyo"
- name: "Osaka-fu"
  cities:
  - name: "Yao"
    latitude: 34.61667
    longitude: 135.6
    population: 273213
    dem: 13
    timezone: "Asia/Tokyo"
  - name: "Toyonaka"
    latitude: 34.78244
    longitude: 135.46932
    population: 384459
    dem: 31
    timezone: "Asia/Tokyo"
  - name: "Tondabayashicho"
    latitude: 34.50065
    longitude: 135.60211
    population: 132873
    dem: 66
    timezone: "Asia/Tokyo"
  - name: "Takatsuki"
    latitude: 34.84833
    longitude: 135.61678
    population: 354468
    dem: 14
    timezone: "Asia/Tokyo"
  - name: "Takaishi"
    latitude: 34.51667
    longitude: 135.43333
    population: 60511
    dem: 7
    timezone: "Asia/Tokyo"
  - name: "Suita"
    latitude: 34.76143
    longitude: 135.51567
    population: 351630
    dem: 4
    timezone: "Asia/Tokyo"
  - name: "Sakai"
    latitude: 34.58333
    longitude: 135.46667
    population: 782339
    dem: 7
    timezone: "Asia/Tokyo"
  - name: "Osaka"
    latitude: 34.69374
    longitude: 135.50218
    population: 2592413
    dem: 24
    timezone: "Asia/Tokyo"
  - name: "Moriguchi"
    latitude: 34.73333
    longitude: 135.56667
    population: 148350
    dem: 3
    timezone: "Asia/Tokyo"
  - name: "Mino"
    latitude: 34.82691
    longitude: 135.47057
    population: 129127
    dem: 76
    timezone: "Asia/Tokyo"
  - name: "Matsubara"
    latitude: 34.56667
    longitude: 135.55
    population: 130855
    dem: 24
    timezone: "Asia/Tokyo"
  - name: "Kishiwada"
    latitude: 34.46667
    longitude: 135.36667
    population: 205561
    dem: 8
    timezone: "Asia/Tokyo"
  - name: "Kashihara"
    latitude: 34.58333
    longitude: 135.61667
    population: 79058
    dem: 18
    timezone: "Asia/Tokyo"
  - name: "Kaizuka"
    latitude: 34.45
    longitude: 135.35
    population: 92632
    dem: 4
    timezone: "Asia/Tokyo"
  - name: "Kadoma"
    latitude: 34.7381
    longitude: 135.57442
    population: 131727
    dem: 8
    timezone: "Asia/Tokyo"
  - name: "Izumisano"
    latitude: 34.41667
    longitude: 135.31667
    population: 100595
    dem: 6
    timezone: "Asia/Tokyo"
  - name: "Izumiotsu"
    latitude: 34.5
    longitude: 135.4
    population: 80772
    dem: 3
    timezone: "Asia/Tokyo"
  - name: "Izumi"
    latitude: 34.48333
    longitude: 135.43333
    population: 189085
    dem: 24
    timezone: "Asia/Tokyo"
  - name: "Ikeda"
    latitude: 34.82208
    longitude: 135.4298
    population: 99476
    dem: 26
    timezone: "Asia/Tokyo"
  - name: "Ibaraki"
    latitude: 34.81641
    longitude: 135.56828
    population: 273992
    dem: 18
    timezone: "Asia/Tokyo"
  - name: "Hirakata"
    latitude: 34.81352
    longitude: 135.64914
    population: 406331
    dem: 17
    timezone: "Asia/Tokyo"
  - name: "Daitocho"
    latitude: 34.71378
    longitude: 135.62033
    population: 129521
    dem: 4
    timezone: "Asia/Tokyo"
  - name: "Neyagawa"
    latitude: 34.76615
    longitude: 135.62759
    population: 238549
    elevation: 4
    dem: 9
    timezone: "Asia/Tokyo"
  - name: "Tajiri"
    latitude: 34.42695
    longitude: 135.24552
    population: 8943
    dem: 0
    timezone: "Asia/Tokyo"
- name: "Hiroshima-ken"
  cities:
  - name: "Takehara"
    latitude: 34.33833
    longitude: 132.91667
    population: 30506
    dem: 19
    timezone: "Asia/Tokyo"
  - name: "Shobara"
    latitude: 34.85
    longitude: 133.01667
    population: 20527
    dem: 253
    timezone: "Asia/Tokyo"
  - name: "Shinichi"
    latitude: 34.55543
    longitude: 133.27297
    population: 21030
    dem: 23
    timezone: "Asia/Tokyo"
  - name: "Otake"
    latitude: 34.20754
    longitude: 132.22063
    population: 30151
    dem: 72
    timezone: "Asia/Tokyo"
  - name: "Onomichi"
    latitude: 34.41667
    longitude: 133.2
    population: 90936
    dem: 52
    timezone: "Asia/Tokyo"
  - name: "Ono-hara"
    latitude: 34.28333
    longitude: 132.26667
    population: 26190
    dem: 3
    timezone: "Asia/Tokyo"
  - name: "Miyoshi"
    latitude: 34.8
    longitude: 132.85
    population: 39257
    dem: 154
    timezone: "Asia/Tokyo"
  - name: "Mihara"
    latitude: 34.4
    longitude: 133.08333
    population: 80387
    dem: 11
    timezone: "Asia/Tokyo"
  - name: "Kure"
    latitude: 34.23222
    longitude: 132.56658
    population: 196624
    dem: 102
    timezone: "Asia/Tokyo"
  - name: "Kannabecho-yahiro"
    latitude: 34.55808
    longitude: 133.41796
    population: 40766
    dem: 17
    timezone: "Asia/Tokyo"
  - name: "Innoshima"
    latitude: 34.28333
    longitude: 133.18333
    population: 26141
    dem: 33
    timezone: "Asia/Tokyo"
  - name: "Hiroshima"
    latitude: 34.4
    longitude: 132.45
    population: 1143841
    dem: 16
    timezone: "Asia/Tokyo"
  - name: "Hatsukaichi"
    latitude: 34.35
    longitude: 132.33333
    population: 77341
    dem: 4
    timezone: "Asia/Tokyo"
  - name: "Fukuyama"
    latitude: 34.48333
    longitude: 133.36667
    population: 383298
    dem: 7
    timezone: "Asia/Tokyo"
  - name: "Fuchucho"
    latitude: 34.5735
    longitude: 133.23513
    population: 50746
    dem: 33
    timezone: "Asia/Tokyo"
- name: "Nagano-ken"
  cities:
  - name: "Ueda"
    latitude: 36.40265
    longitude: 138.28161
    population: 126606
    dem: 536
    timezone: "Asia/Tokyo"
  - name: "Toyoshina"
    latitude: 36.29991
    longitude: 137.90108
    population: 27834
    dem: 553
    timezone: "Asia/Tokyo"
  - name: "Tatsuno"
    latitude: 35.98426
    longitude: 137.99721
    population: 21499
    dem: 726
    timezone: "Asia/Tokyo"
  - name: "Suzaka"
    latitude: 36.65
    longitude: 138.31667
    population: 54022
    dem: 401
    timezone: "Asia/Tokyo"
  - name: "Suwa"
    latitude: 36.03799
    longitude: 138.11308
    population: 54735
    dem: 762
    timezone: "Asia/Tokyo"
  - name: "Shiojiri"
    latitude: 36.1
    longitude: 137.96667
    population: 67159
    dem: 729
    timezone: "Asia/Tokyo"
  - name: "Saku"
    latitude: 36.21667
    longitude: 138.48333
    population: 68885
    dem: 684
    timezone: "Asia/Tokyo"
  - name: "Omachi"
    latitude: 36.5
    longitude: 137.86667
    population: 30599
    dem: 714
    timezone: "Asia/Tokyo"
  - name: "Okaya"
    latitude: 36.05659
    longitude: 138.0451
    population: 54286
    dem: 773
    timezone: "Asia/Tokyo"
  - name: "Nakano"
    latitude: 36.75
    longitude: 138.36667
    population: 42708
    dem: 380
    timezone: "Asia/Tokyo"
  - name: "Nagano"
    latitude: 36.65
    longitude: 138.18333
    population: 360176
    dem: 372
    timezone: "Asia/Tokyo"
  - name: "Matsumoto"
    latitude: 36.23333
    longitude: 137.96667
    population: 210667
    dem: 593
    timezone: "Asia/Tokyo"
  - name: "Kamimaruko"
    latitude: 36.31865
    longitude: 138.27329
    population: 25403
    dem: 563
    timezone: "Asia/Tokyo"
  - name: "Komoro"
    latitude: 36.31667
    longitude: 138.43333
    population: 46272
    dem: 686
    timezone: "Asia/Tokyo"
  - name: "Ina"
    latitude: 35.82756
    longitude: 137.95378
    population: 62104
    dem: 638
    timezone: "Asia/Tokyo"
  - name: "Iiyama"
    latitude: 36.85
    longitude: 138.36667
    population: 25281
    dem: 311
    timezone: "Asia/Tokyo"
  - name: "Iida"
    latitude: 35.51965
    longitude: 137.82074
    population: 107111
    dem: 517
    timezone: "Asia/Tokyo"
  - name: "Hotaka"
    latitude: 36.3396
    longitude: 137.88254
    population: 33195
    dem: 547
    timezone: "Asia/Tokyo"
  - name: "Chino"
    latitude: 35.9944
    longitude: 138.15428
    population: 56567
    dem: 801
    timezone: "Asia/Tokyo"
  - name: "Hakuba"
    latitude: 36.69818
    longitude: 137.86185
    population: 9246
    dem: 702
    timezone: "Asia/Tokyo"
- name: "Ibaraki"
  cities:
  - name: "Yuki"
    latitude: 36.3
    longitude: 139.88333
    population: 51574
    dem: 40
    timezone: "Asia/Tokyo"
  - name: "Shimodate"
    latitude: 36.3
    longitude: 139.98333
    population: 63666
    dem: 34
    timezone: "Asia/Tokyo"
  - name: "Sakai"
    latitude: 36.1
    longitude: 139.8
    population: 26918
    dem: 15
    timezone: "Asia/Tokyo"
  - name: "Mitsukaido"
    latitude: 36.01667
    longitude: 139.98333
    population: 41147
    dem: 23
    timezone: "Asia/Tokyo"
  - name: "Koga"
    latitude: 36.18333
    longitude: 139.71667
    population: 58004
    dem: 17
    timezone: "Asia/Tokyo"
  - name: "Kashima-shi"
    latitude: 35.96536
    longitude: 140.64474
    population: 65814
    dem: 38
    timezone: "Asia/Tokyo"
  - name: "Iwai"
    latitude: 36.05
    longitude: 139.9
    population: 42497
    dem: 5
    timezone: "Asia/Tokyo"
  - name: "Ishige"
    latitude: 36.11667
    longitude: 139.96667
    population: 24948
    dem: 19
    timezone: "Asia/Tokyo"
  - name: "Ushiku"
    latitude: 35.96667
    longitude: 140.13333
    population: 80020
    dem: 26
    timezone: "Asia/Tokyo"
  - name: "Tsukuba"
    latitude: 36.2
    longitude: 140.1
    population: 175589
    dem: 33
    timezone: "Asia/Tokyo"
  - name: "Toride"
    latitude: 35.9
    longitude: 140.08333
    population: 80716
    dem: 8
    timezone: "Asia/Tokyo"
  - name: "Tomobe"
    latitude: 36.35
    longitude: 140.3
    population: 37146
    dem: 45
    timezone: "Asia/Tokyo"
  - name: "Takahagi"
    latitude: 36.71667
    longitude: 140.71667
    population: 33576
    dem: 6
    timezone: "Asia/Tokyo"
  - name: "Ryugasaki"
    latitude: 35.9
    longitude: 140.18333
    population: 85761
    dem: 8
    timezone: "Asia/Tokyo"
  - name: "Omiya"
    latitude: 36.55
    longitude: 140.41667
    population: 27588
    dem: 56
    timezone: "Asia/Tokyo"
  - name: "Okunoya"
    latitude: 36.28333
    longitude: 140.41667
    population: 34627
    dem: 22
    timezone: "Asia/Tokyo"
  - name: "Oarai"
    latitude: 36.31409
    longitude: 140.58389
    population: 19326
    dem: 22
    timezone: "Asia/Tokyo"
  - name: "Naka"
    latitude: 36.05
    longitude: 140.16667
    population: 46760
    dem: 28
    timezone: "Asia/Tokyo"
  - name: "Moriya"
    latitude: 35.93333
    longitude: 140.0
    population: 56566
    dem: 19
    timezone: "Asia/Tokyo"
  - name: "Mito"
    latitude: 36.35
    longitude: 140.45
    population: 246538
    dem: 28
    timezone: "Asia/Tokyo"
  - name: "Makabe"
    latitude: 36.26667
    longitude: 140.1
    population: 19293
    dem: 42
    timezone: "Asia/Tokyo"
  - name: "Kitaibaraki"
    latitude: 36.78671
    longitude: 140.74901
    population: 50843
    dem: 5
    timezone: "Asia/Tokyo"
  - name: "Katsuta"
    latitude: 36.38333
    longitude: 140.53333
    population: 155968
    dem: 21
    timezone: "Asia/Tokyo"
  - name: "Kasama"
    latitude: 36.38333
    longitude: 140.26667
    population: 29477
    dem: 177
    timezone: "Asia/Tokyo"
  - name: "Iwase"
    latitude: 36.35
    longitude: 140.1
    population: 21980
    dem: 49
    timezone: "Asia/Tokyo"
  - name: "Itako"
    latitude: 35.93333
    longitude: 140.55
    population: 25791
    dem: 0
    timezone: "Asia/Tokyo"
  - name: "Ishioka"
    latitude: 36.18333
    longitude: 140.26667
    population: 52304
    dem: 4
    timezone: "Asia/Tokyo"
  - name: "Hitachi"
    latitude: 36.6
    longitude: 140.65
    population: 186307
    dem: 51
    timezone: "Asia/Tokyo"
  - name: "Funaishikawa"
    latitude: 36.46667
    longitude: 140.56667
    population: 35318
    dem: 32
    timezone: "Asia/Tokyo"
  - name: "Fujishiro"
    latitude: 35.91667
    longitude: 140.11667
    population: 33148
    dem: 4
    timezone: "Asia/Tokyo"
  - name: "Edosaki"
    latitude: 35.95
    longitude: 140.31667
    population: 20800
    dem: 4
    timezone: "Asia/Tokyo"
  - name: "Daigo"
    latitude: 36.76667
    longitude: 140.35
    population: 22310
    dem: 195
    timezone: "Asia/Tokyo"
  - name: "Ami"
    latitude: 36.03333
    longitude: 140.2
    population: 48256
    dem: 30
    timezone: "Asia/Tokyo"
  - name: "Hitachi-Naka"
    latitude: 36.39659
    longitude: 140.53479
    population: 156811
    dem: 31
    timezone: "Asia/Tokyo"
  - name: "Inashiki"
    latitude: 35.95633
    longitude: 140.32356
    population: 46994
    dem: 5
    timezone: "Asia/Tokyo"
- name: "Fukushima-ken"
  cities:
  - name: "Kitakata"
    latitude: 37.65
    longitude: 139.86667
    population: 37140
    dem: 207
    timezone: "Asia/Tokyo"
  - name: "Yanagawamachi-saiwaicho"
    latitude: 37.85
    longitude: 140.6
    population: 20807
    dem: 44
    timezone: "Asia/Tokyo"
  - name: "Sukagawa"
    latitude: 37.28333
    longitude: 140.38333
    population: 68790
    dem: 261
    timezone: "Asia/Tokyo"
  - name: "Nihommatsu"
    latitude: 37.58333
    longitude: 140.43333
    population: 36287
    dem: 224
    timezone: "Asia/Tokyo"
  - name: "Namie"
    latitude: 37.48333
    longitude: 141.0
    population: 21866
    dem: 15
    timezone: "Asia/Tokyo"
  - name: "Motomiya"
    latitude: 37.51391
    longitude: 140.40063
    population: 22705
    dem: 213
    timezone: "Asia/Tokyo"
  - name: "Miharu"
    latitude: 37.43333
    longitude: 140.48333
    population: 19708
    dem: 352
    timezone: "Asia/Tokyo"
  - name: "Koriyama"
    latitude: 37.4
    longitude: 140.38333
    population: 340560
    dem: 236
    timezone: "Asia/Tokyo"
  - name: "Iwaki"
    latitude: 37.05
    longitude: 140.88333
    population: 357309
    dem: 9
    timezone: "Asia/Tokyo"
  - name: "Ishikawa"
    latitude: 37.15
    longitude: 140.45
    population: 18817
    dem: 330
    timezone: "Asia/Tokyo"
  - name: "Inawashiro"
    latitude: 37.56667
    longitude: 140.11667
    population: 17413
    dem: 532
    timezone: "Asia/Tokyo"
  - name: "Hobaramachi"
    latitude: 37.81667
    longitude: 140.55
    population: 24515
    dem: 51
    timezone: "Asia/Tokyo"
  - name: "Funehikimachi-funehiki"
    latitude: 37.44722
    longitude: 140.5771
    population: 23524
    dem: 441
    timezone: "Asia/Tokyo"
  - name: "Fukushima"
    latitude: 37.75
    longitude: 140.46667
    population: 294237
    dem: 77
    timezone: "Asia/Tokyo"
- name: "Kochi Prefecture"
  cities:
  - name: "Susaki"
    latitude: 33.39471
    longitude: 133.29128
    population: 26195
    dem: 6
    timezone: "Asia/Tokyo"
  - name: "Sukumo"
    latitude: 32.93333
    longitude: 132.73333
    population: 25784
    dem: 12
    timezone: "Asia/Tokyo"
  - name: "Nakamura"
    latitude: 32.98333
    longitude: 132.93333
    population: 34559
    dem: 7
    timezone: "Asia/Tokyo"
  - name: "Muroto-misakicho"
    latitude: 33.28662
    longitude: 134.16832
    population: 17601
    dem: 99
    timezone: "Asia/Tokyo"
  - name: "Kochi"
    latitude: 33.55
    longitude: 133.53333
    population: 335570
    dem: 58
    timezone: "Asia/Tokyo"
  - name: "Ino"
    latitude: 33.55
    longitude: 133.43333
    population: 24123
    dem: 29
    timezone: "Asia/Tokyo"
  - name: "Aki"
    latitude: 33.5
    longitude: 133.9
    population: 20117
    dem: 13
    timezone: "Asia/Tokyo"
- name: "Niigata-ken"
  cities:
  - name: "Yoshida-kasugacho"
    latitude: 37.68333
    longitude: 138.88333
    population: 25500
    dem: 7
    timezone: "Asia/Tokyo"
  - name: "Tsubame"
    latitude: 37.6645
    longitude: 138.92518
    population: 44284
    dem: 8
    timezone: "Asia/Tokyo"
  - name: "Tokamachi"
    latitude: 37.13333
    longitude: 138.76667
    population: 41136
    dem: 154
    timezone: "Asia/Tokyo"
  - name: "Tochio-honcho"
    latitude: 37.47642
    longitude: 138.99513
    population: 23045
    dem: 65
    timezone: "Asia/Tokyo"
  - name: "Suibara"
    latitude: 37.84608
    longitude: 139.23039
    population: 20392
    dem: 6
    timezone: "Asia/Tokyo"
  - name: "Shirone"
    latitude: 37.76354
    longitude: 139.02199
    population: 41406
    dem: -1
    timezone: "Asia/Tokyo"
  - name: "Shiozawa"
    latitude: 37.03757
    longitude: 138.84867
    population: 20178
    dem: 180
    timezone: "Asia/Tokyo"
  - name: "Shibata"
    latitude: 37.95
    longitude: 139.33333
    population: 80793
    dem: 10
    timezone: "Asia/Tokyo"
  - name: "Sanjo"
    latitude: 37.61667
    longitude: 138.95
    population: 82893
    dem: 9
    timezone: "Asia/Tokyo"
  - name: "Ryotsu-minato"
    latitude: 38.07817
    longitude: 138.43939
    population: 16359
    dem: 4
    timezone: "Asia/Tokyo"
  - name: "Ojiya"
    latitude: 37.3
    longitude: 138.8
    population: 40549
    dem: 72
    timezone: "Asia/Tokyo"
  - name: "Niitsu-honcho"
    latitude: 37.80024
    longitude: 139.1224
    population: 65910
    dem: 8
    timezone: "Asia/Tokyo"
  - name: "Niigata"
    latitude: 37.88637
    longitude: 139.00589
    population: 505272
    dem: -2
    timezone: "Asia/Tokyo"
  - name: "Nagaoka"
    latitude: 37.45
    longitude: 138.85
    population: 195318
    dem: 23
    timezone: "Asia/Tokyo"
  - name: "Muramatsu"
    latitude: 37.69257
    longitude: 139.17127
    population: 19712
    dem: 21
    timezone: "Asia/Tokyo"
  - name: "Murakami"
    latitude: 38.23333
    longitude: 139.48333
    population: 31334
    dem: 4
    timezone: "Asia/Tokyo"
  - name: "Muikamachi"
    latitude: 37.06667
    longitude: 138.88333
    population: 29123
    dem: 162
    timezone: "Asia/Tokyo"
  - name: "Mitsuke"
    latitude: 37.53333
    longitude: 138.93333
    population: 43180
    dem: 48
    timezone: "Asia/Tokyo"
  - name: "Maki"
    latitude: 37.75
    longitude: 138.88333
    population: 29041
    dem: 4
    timezone: "Asia/Tokyo"
  - name: "Kashiwazaki"
    latitude: 37.36667
    longitude: 138.55
    population: 86183
    dem: 4
    timezone: "Asia/Tokyo"
  - name: "Kamo"
    latitude: 37.66442
    longitude: 139.03502
    population: 32129
    dem: 3
    timezone: "Asia/Tokyo"
  - name: "Kameda-honcho"
    latitude: 37.87214
    longitude: 139.1099
    population: 32765
    dem: 0
    timezone: "Asia/Tokyo"
  - name: "Itoigawa"
    latitude: 37.03333
    longitude: 137.85
    population: 30865
    dem: 15
    timezone: "Asia/Tokyo"
  - name: "Gosen"
    latitude: 37.73333
    longitude: 139.16667
    population: 37360
    dem: 9
    timezone: "Asia/Tokyo"
  - name: "Arai"
    latitude: 37.00059
    longitude: 138.2259
    population: 27481
    dem: 175
    timezone: "Asia/Tokyo"
  - name: "Joetsu"
    latitude: 37.14828
    longitude: 138.23642
    population: 204137
    dem: 10
    timezone: "Asia/Tokyo"
- name: "Akita"
  cities:
  - name: "Tenno"
    latitude: 39.9
    longitude: 139.96667
    population: 22740
    dem: 6
    timezone: "Asia/Tokyo"
  - name: "Yuzawa"
    latitude: 39.16667
    longitude: 140.5
    population: 33536
    dem: 100
    timezone: "Asia/Tokyo"
  - name: "Yokote"
    latitude: 39.31691
    longitude: 140.55034
    population: 39178
    dem: 61
    timezone: "Asia/Tokyo"
  - name: "Omagari"
    latitude: 39.45
    longitude: 140.48333
    population: 38805
    dem: 28
    timezone: "Asia/Tokyo"
  - name: "Kakunodatemachi"
    latitude: 39.58926
    longitude: 140.56724
    population: 14138
    dem: 70
    timezone: "Asia/Tokyo"
  - name: "Akita"
    latitude: 39.71667
    longitude: 140.11667
    population: 320069
    dem: 14
    timezone: "Asia/Tokyo"
  - name: "Takanosu"
    latitude: 40.22268
    longitude: 140.36611
    population: 20542
    dem: 27
    timezone: "Asia/Tokyo"
  - name: "Odate"
    latitude: 40.27178
    longitude: 140.55756
    population: 64543
    dem: 66
    timezone: "Asia/Tokyo"
  - name: "Noshiro"
    latitude: 40.20838
    longitude: 140.0274
    population: 51079
    dem: 13
    timezone: "Asia/Tokyo"
  - name: "Hanawa"
    latitude: 40.18361
    longitude: 140.78722
    population: 36925
    dem: 144
    timezone: "Asia/Tokyo"
- name: "Okayama-ken"
  cities:
  - name: "Tsuyama"
    latitude: 35.05215
    longitude: 133.99885
    population: 89717
    dem: 97
    timezone: "Asia/Tokyo"
  - name: "Tamano"
    latitude: 34.51745
    longitude: 133.94574
    population: 67786
    dem: 9
    timezone: "Asia/Tokyo"
  - name: "Takahashi"
    latitude: 34.78333
    longitude: 133.61667
    population: 24819
    dem: 66
    timezone: "Asia/Tokyo"
  - name: "Soja"
    latitude: 34.67534
    longitude: 133.75091
    population: 57469
    dem: 19
    timezone: "Asia/Tokyo"
  - name: "Okayama"
    latitude: 34.65
    longitude: 133.93333
    population: 639652
    dem: 5
    timezone: "Asia/Tokyo"
  - name: "Niimi"
    latitude: 34.98333
    longitude: 133.46667
    population: 23787
    dem: 193
    timezone: "Asia/Tokyo"
  - name: "Kurashiki"
    latitude: 34.58333
    longitude: 133.76667
    population: 437581
    dem: 4
    timezone: "Asia/Tokyo"
  - name: "Kasaoka"
    latitude: 34.50597
    longitude: 133.50391
    population: 58461
    dem: 9
    timezone: "Asia/Tokyo"
  - name: "Kamogatacho-kamogata"
    latitude: 34.53745
    longitude: 133.58967
    population: 18412
    dem: 17
    timezone: "Asia/Tokyo"
  - name: "Ibara"
    latitude: 34.6
    longitude: 133.46667
    population: 34424
    dem: 44
    timezone: "Asia/Tokyo"
- name: "Yamanashi"
  cities:
  - name: "Uenohara"
    latitude: 35.61667
    longitude: 139.11667
    population: 27840
    dem: 165
    timezone: "Asia/Tokyo"
  - name: "Ryuo"
    latitude: 35.65
    longitude: 138.5
    population: 43180
    dem: 288
    timezone: "Asia/Tokyo"
  - name: "Otsuki"
    latitude: 35.61851
    longitude: 138.97396
    population: 31226
    dem: 360
    timezone: "Asia/Tokyo"
  - name: "Nirasaki"
    latitude: 35.7
    longitude: 138.45
    population: 33263
    dem: 349
    timezone: "Asia/Tokyo"
  - name: "Kofu"
    latitude: 35.66667
    longitude: 138.56667
    population: 190000
    dem: 275
    timezone: "Asia/Tokyo"
  - name: "Isawa"
    latitude: 35.65
    longitude: 138.63333
    population: 29616
    dem: 269
    timezone: "Asia/Tokyo"
  - name: "Enzan"
    latitude: 35.7
    longitude: 138.73333
    population: 25142
    dem: 393
    timezone: "Asia/Tokyo"
  - name: "Fujikawaguchiko"
    latitude: 35.48933
    longitude: 138.68832
    population: 23097
    dem: 1086
    timezone: "Asia/Tokyo"
  - name: "Fujiyoshida"
    latitude: 35.44032
    longitude: 138.79586
    population: 49055
    dem: 1055
    timezone: "Asia/Tokyo"
  - name: "Hokuto"
    latitude: 35.83458
    longitude: 138.39606
    population: 45000
    dem: 715
    timezone: "Asia/Tokyo"
- name: "Saitama-ken"
  cities:
  - name: "Yoshikawa"
    latitude: 35.89232
    longitude: 139.84184
    population: 60510
    dem: 4
    timezone: "Asia/Tokyo"
  - name: "Yorii"
    latitude: 36.11567
    longitude: 139.19429
    population: 38717
    dem: 102
    timezone: "Asia/Tokyo"
  - name: "Yono"
    latitude: 35.88333
    longitude: 139.63333
    population: 1077730
    dem: 14
    timezone: "Asia/Tokyo"
  - name: "Yashio"
    latitude: 35.82255
    longitude: 139.83905
    population: 81345
    dem: 8
    timezone: "Asia/Tokyo"
  - name: "Tokorozawa"
    latitude: 35.79916
    longitude: 139.46903
    population: 339435
    dem: 82
    timezone: "Asia/Tokyo"
  - name: "Sugito"
    latitude: 36.03107
    longitude: 139.72636
    population: 49817
    dem: 10
    timezone: "Asia/Tokyo"
  - name: "Soka"
    latitude: 35.83643
    longitude: 139.79957
    population: 231445
    dem: 6
    timezone: "Asia/Tokyo"
  - name: "Shobu"
    latitude: 36.06667
    longitude: 139.6
    population: 22156
    dem: 13
    timezone: "Asia/Tokyo"
  - name: "Shiraoka"
    latitude: 36.01839
    longitude: 139.66034
    population: 50974
    dem: 13
    timezone: "Asia/Tokyo"
  - name: "Shiki"
    latitude: 35.83333
    longitude: 139.58333
    population: 65411
    dem: 10
    timezone: "Asia/Tokyo"
  - name: "Satte"
    latitude: 36.07254
    longitude: 139.72615
    population: 55286
    dem: 9
    timezone: "Asia/Tokyo"
  - name: "Sakado"
    latitude: 35.95694
    longitude: 139.38889
    population: 96656
    dem: 33
    timezone: "Asia/Tokyo"
  - name: "Okegawa"
    latitude: 36.0
    longitude: 139.55722
    population: 75062
    dem: 22
    timezone: "Asia/Tokyo"
  - name: "Oi"
    latitude: 35.85091
    longitude: 139.51998
    population: 50593
    dem: 21
    timezone: "Asia/Tokyo"
  - name: "Ogawa"
    latitude: 36.05342
    longitude: 139.26612
    population: 37443
    dem: 90
    timezone: "Asia/Tokyo"
  - name: "Morohongo"
    latitude: 35.93556
    longitude: 139.30444
    population: 39693
    dem: 125
    timezone: "Asia/Tokyo"
  - name: "Menuma"
    latitude: 36.22245
    longitude: 139.38205
    population: 27684
    dem: 29
    timezone: "Asia/Tokyo"
  - name: "Kurihashi"
    latitude: 36.13333
    longitude: 139.7
    population: 27813
    dem: 14
    timezone: "Asia/Tokyo"
  - name: "Kumagaya"
    latitude: 36.13497
    longitude: 139.39004
    population: 155813
    dem: 32
    timezone: "Asia/Tokyo"
  - name: "Kukichuo"
    latitude: 36.06739
    longitude: 139.67498
    population: 73373
    dem: 14
    timezone: "Asia/Tokyo"
  - name: "Koshigaya"
    latitude: 35.89035
    longitude: 139.78916
    population: 317437
    dem: 7
    timezone: "Asia/Tokyo"
  - name: "Konosu"
    latitude: 36.06868
    longitude: 139.51684
    population: 88493
    dem: 19
    timezone: "Asia/Tokyo"
  - name: "Kodamacho-kodamaminami"
    latitude: 36.18497
    longitude: 139.13191
    population: 21544
    dem: 106
    timezone: "Asia/Tokyo"
  - name: "Kisai"
    latitude: 36.1
    longitude: 139.58333
    population: 20850
    dem: 16
    timezone: "Asia/Tokyo"
  - name: "Kazo"
    latitude: 36.11667
    longitude: 139.6
    population: 71291
    dem: 12
    timezone: "Asia/Tokyo"
  - name: "Kawaguchi"
    latitude: 35.80521
    longitude: 139.71072
    population: 468565
    dem: 6
    timezone: "Asia/Tokyo"
  - name: "Kawagoe"
    latitude: 35.90861
    longitude: 139.48528
    population: 337931
    dem: 26
    timezone: "Asia/Tokyo"
  - name: "Kasukabe"
    latitude: 35.98308
    longitude: 139.74966
    population: 206915
    dem: 8
    timezone: "Asia/Tokyo"
  - name: "Iwatsuki"
    latitude: 35.96474
    longitude: 139.69644
    population: 108833
    dem: 9
    timezone: "Asia/Tokyo"
  - name: "Honjo"
    latitude: 36.2378
    longitude: 139.19023
    population: 61868
    dem: 59
    timezone: "Asia/Tokyo"
  - name: "Hatogaya-honcho"
    latitude: 35.83314
    longitude: 139.7425
    population: 53062
    dem: 18
    timezone: "Asia/Tokyo"
  - name: "Hanyu"
    latitude: 36.16667
    longitude: 139.53333
    population: 58686
    dem: 18
    timezone: "Asia/Tokyo"
  - name: "Hanno"
    latitude: 35.85194
    longitude: 139.31806
    population: 86262
    dem: 113
    timezone: "Asia/Tokyo"
  - name: "Gyoda"
    latitude: 36.14074
    longitude: 139.46011
    population: 86343
    dem: 25
    timezone: "Asia/Tokyo"
  - name: "Fukiage-fujimi"
    latitude: 36.1
    longitude: 139.45
    population: 28334
    dem: 20
    timezone: "Asia/Tokyo"
  - name: "Fukayacho"
    latitude: 36.2
    longitude: 139.28333
    population: 106595
    dem: 35
    timezone: "Asia/Tokyo"
  - name: "Chichibu"
    latitude: 35.99028
    longitude: 139.07639
    population: 58507
    dem: 236
    timezone: "Asia/Tokyo"
  - name: "Ageoshimo"
    latitude: 35.97145
    longitude: 139.61382
    population: 219401
    dem: 17
    timezone: "Asia/Tokyo"
  - name: "Hasuda"
    latitude: 35.97113
    longitude: 139.6491
    population: 65161
    dem: 13
    timezone: "Asia/Tokyo"
  - name: "Kamifukuoka"
    latitude: 35.87266
    longitude: 139.51369
    population: 52323
    dem: 25
    timezone: "Asia/Tokyo"
  - name: "Sayama"
    latitude: 35.85295
    longitude: 139.41212
    population: 160843
    dem: 81
    timezone: "Asia/Tokyo"
  - name: "Asaka"
    latitude: 35.80472
    longitude: 139.60194
    population: 128058
    dem: 25
    timezone: "Asia/Tokyo"
  - name: "Wako"
    latitude: 35.78944
    longitude: 139.62333
    population: 77435
    dem: 24
    timezone: "Asia/Tokyo"
  - name: "Shimotoda"
    latitude: 35.815
    longitude: 139.6853
    population: 118731
    dem: 5
    timezone: "Asia/Tokyo"
  - name: "Saitama"
    latitude: 35.90807
    longitude: 139.65657
    population: 1193350
    dem: 16
    timezone: "Asia/Tokyo"
- name: "Tokyo Prefecture"
  cities:
  - name: "Urayasu"
    latitude: 35.67056
    longitude: 139.88861
    population: 143758
    dem: 6
    timezone: "Asia/Tokyo"
  - name: "Tokyo"
    latitude: 35.6895
    longitude: 139.69171
    population: 8336599
    dem: 44
    timezone: "Asia/Tokyo"
  - name: "Nishi-Tokyo-shi"
    latitude: 35.72526
    longitude: 139.5383
    population: 195164
    dem: 58
    timezone: "Asia/Tokyo"
  - name: "Tanashicho"
    latitude: 35.72922
    longitude: 139.53813
    population: 82112
    dem: 68
    timezone: "Asia/Tokyo"
  - name: "Ome"
    latitude: 35.78389
    longitude: 139.24306
    population: 149323
    dem: 189
    timezone: "Asia/Tokyo"
  - name: "Musashino"
    latitude: 35.70611
    longitude: 139.55944
    population: 137479
    dem: 62
    timezone: "Asia/Tokyo"
  - name: "Machida"
    latitude: 35.54028
    longitude: 139.45083
    population: 399969
    dem: 103
    timezone: "Asia/Tokyo"
  - name: "Kokubunji"
    latitude: 35.70222
    longitude: 139.47556
    population: 118682
    dem: 78
    timezone: "Asia/Tokyo"
  - name: "Kamirenjaku"
    latitude: 35.69423
    longitude: 139.55495
    population: 178739
    dem: 59
    timezone: "Asia/Tokyo"
  - name: "Itsukaichi"
    latitude: 35.72528
    longitude: 139.21778
    population: 24954
    dem: 184
    timezone: "Asia/Tokyo"
  - name: "Hino"
    latitude: 35.67306
    longitude: 139.40028
    population: 171777
    dem: 85
    timezone: "Asia/Tokyo"
  - name: "Hachioji"
    latitude: 35.65583
    longitude: 139.32389
    population: 579399
    dem: 127
    timezone: "Asia/Tokyo"
  - name: "Chofu"
    latitude: 35.65924
    longitude: 139.54837
    population: 212977
    dem: 44
    timezone: "Asia/Tokyo"
  - name: "Fussa"
    latitude: 35.73667
    longitude: 139.32361
    population: 62296
    dem: 117
    timezone: "Asia/Tokyo"
  - name: "Higashimurayama"
    latitude: 35.75459
    longitude: 139.46852
    population: 150556
    dem: 82
    timezone: "Asia/Tokyo"
- name: "Nara-ken"
  cities:
  - name: "Yoshino-cho"
    latitude: 34.39611
    longitude: 135.85768
    population: 8829
    dem: 165
    timezone: "Asia/Tokyo"
  - name: "Tenri"
    latitude: 34.58333
    longitude: 135.83333
    population: 71052
    dem: 56
    timezone: "Asia/Tokyo"
  - name: "Tawaramoto"
    latitude: 34.5542
    longitude: 135.79297
    population: 32659
    dem: 48
    timezone: "Asia/Tokyo"
  - name: "Sakurai"
    latitude: 34.5
    longitude: 135.85
    population: 62964
    dem: 108
    timezone: "Asia/Tokyo"
  - name: "Nara-shi"
    latitude: 34.68505
    longitude: 135.80485
    population: 367353
    dem: 68
    timezone: "Asia/Tokyo"
  - name: "Kashihara-shi"
    latitude: 34.50896
    longitude: 135.7929
    population: 124521
    dem: 65
    timezone: "Asia/Tokyo"
  - name: "Ikoma"
    latitude: 34.68333
    longitude: 135.7
    population: 117601
    dem: 146
    timezone: "Asia/Tokyo"
  - name: "Horyuji"
    latitude: 34.61234
    longitude: 135.73754
    population: 27431
    dem: 49
    timezone: "Asia/Tokyo"
  - name: "Haibara-akanedai"
    latitude: 34.53333
    longitude: 135.95
    population: 18472
    dem: 345
    timezone: "Asia/Tokyo"
  - name: "Gose"
    latitude: 34.45
    longitude: 135.73333
    population: 32870
    dem: 105
    timezone: "Asia/Tokyo"
  - name: "Gojo"
    latitude: 34.35
    longitude: 135.7
    population: 34342
    dem: 98
    timezone: "Asia/Tokyo"
- name: "Hyogo"
  cities:
  - name: "Akashi"
    latitude: 34.65524
    longitude: 135.00687
    population: 297279
    dem: 37
    timezone: "Asia/Tokyo"
  - name: "Yashiro"
    latitude: 34.91667
    longitude: 134.96667
    population: 21554
    dem: 67
    timezone: "Asia/Tokyo"
  - name: "Yamazakicho-nakabirose"
    latitude: 35.0
    longitude: 134.55
    population: 25115
    dem: 95
    timezone: "Asia/Tokyo"
  - name: "Toyooka"
    latitude: 35.54008
    longitude: 134.82038
    population: 46500
    dem: 29
    timezone: "Asia/Tokyo"
  - name: "Tatsunocho-tominaga"
    latitude: 34.86437
    longitude: 134.552
    population: 40011
    dem: 28
    timezone: "Asia/Tokyo"
  - name: "Takarazuka"
    latitude: 34.79936
    longitude: 135.35697
    population: 219789
    dem: 29
    timezone: "Asia/Tokyo"
  - name: "Sumoto"
    latitude: 34.34322
    longitude: 134.88911
    population: 39546
    dem: -1
    timezone: "Asia/Tokyo"
  - name: "Shirahamacho-usazakiminami"
    latitude: 34.78333
    longitude: 134.71667
    population: 23180
    dem: 2
    timezone: "Asia/Tokyo"
  - name: "Sasayama"
    latitude: 35.06667
    longitude: 135.21667
    population: 47204
    dem: 202
    timezone: "Asia/Tokyo"
  - name: "Sandacho"
    latitude: 34.88444
    longitude: 135.22694
    population: 132858
    dem: 147
    timezone: "Asia/Tokyo"
  - name: "Ono"
    latitude: 34.85
    longitude: 134.93333
    population: 50230
    dem: 53
    timezone: "Asia/Tokyo"
  - name: "Nishiwaki"
    latitude: 34.98419
    longitude: 134.97407
    population: 36953
    dem: 57
    timezone: "Asia/Tokyo"
  - name: "Nishinomiya-hama"
    latitude: 34.71562
    longitude: 135.33199
    population: 468925
    dem: 5
    timezone: "Asia/Tokyo"
  - name: "Miki"
    latitude: 34.8
    longitude: 134.98333
    population: 74701
    dem: 38
    timezone: "Asia/Tokyo"
  - name: "Kobe"
    latitude: 34.6913
    longitude: 135.183
    population: 1528478
    dem: 35
    timezone: "Asia/Tokyo"
  - name: "Kawanishi"
    latitude: 34.81667
    longitude: 135.41667
    population: 160520
    dem: 21
    timezone: "Asia/Tokyo"
  - name: "Kakogawacho-honmachi"
    latitude: 34.76943
    longitude: 134.82905
    population: 271634
    dem: 6
    timezone: "Asia/Tokyo"
  - name: "Itami"
    latitude: 34.78427
    longitude: 135.40126
    population: 193524
    dem: 22
    timezone: "Asia/Tokyo"
  - name: "Himeji"
    latitude: 34.81667
    longitude: 134.7
    population: 481493
    dem: 8
    timezone: "Asia/Tokyo"
  - name: "Fukura"
    latitude: 34.25765
    longitude: 134.71535
    population: 18721
    dem: 6
    timezone: "Asia/Tokyo"
  - name: "Ashiya"
    latitude: 34.72807
    longitude: 135.30264
    population: 88573
    dem: 14
    timezone: "Asia/Tokyo"
  - name: "Amagasaki"
    latitude: 34.71667
    longitude: 135.41667
    population: 442173
    dem: 1
    timezone: "Asia/Tokyo"
  - name: "Kariya"
    latitude: 34.75136
    longitude: 134.38734
    population: 52015
    dem: 5
    timezone: "Asia/Tokyo"
  - name: "Aioi"
    latitude: 34.80361
    longitude: 134.46806
    population: 32394
    dem: 8
    timezone: "Asia/Tokyo"
  - name: "Yonedacho Sendo"
    latitude: 34.7756
    longitude: 134.82551
    population: 6000
    dem: 6
    timezone: "Asia/Tokyo"
- name: "Wakayama"
  cities:
  - name: "Shingu"
    latitude: 33.73333
    longitude: 135.98333
    population: 31619
    dem: 7
    timezone: "Asia/Tokyo"
  - name: "Tanabe"
    latitude: 33.73333
    longitude: 135.36667
    population: 69563
    dem: 7
    timezone: "Asia/Tokyo"
  - name: "Minato"
    latitude: 34.2152
    longitude: 135.1501
    population: 375339
    dem: 5
    timezone: "Asia/Tokyo"
  - name: "Kainan"
    latitude: 34.15166
    longitude: 135.21398
    population: 43369
    dem: 3
    timezone: "Asia/Tokyo"
  - name: "Iwade"
    latitude: 34.25
    longitude: 135.31667
    population: 55633
    dem: 17
    timezone: "Asia/Tokyo"
  - name: "Hashimoto"
    latitude: 34.31667
    longitude: 135.61667
    population: 57115
    dem: 79
    timezone: "Asia/Tokyo"
  - name: "Gobo"
    latitude: 33.88153
    longitude: 135.1696
    population: 27169
    dem: 23
    timezone: "Asia/Tokyo"
  - name: "Wakayama"
    latitude: 34.23333
    longitude: 135.16667
    population: 351000
    dem: 8
    timezone: "Asia/Tokyo"
  - name: "Koya"
    latitude: 34.21294
    longitude: 135.62244
    population: 5013
    dem: 793
    timezone: "Asia/Tokyo"
- name: "Aichi-ken"
  cities:
  - name: "Tsushima"
    latitude: 35.16667
    longitude: 136.71667
    population: 67658
    dem: 2
    timezone: "Asia/Tokyo"
  - name: "Toyota"
    latitude: 35.08333
    longitude: 137.15
    population: 362383
    dem: 55
    timezone: "Asia/Tokyo"
  - name: "Toyokawa"
    latitude: 34.81667
    longitude: 137.4
    population: 120537
    dem: 4
    timezone: "Asia/Tokyo"
  - name: "Toyohashi"
    latitude: 34.76667
    longitude: 137.38333
    population: 378374
    dem: 12
    timezone: "Asia/Tokyo"
  - name: "Toyohama"
    latitude: 34.70933
    longitude: 136.93425
    population: 21917
    dem: 3
    timezone: "Asia/Tokyo"
  - name: "Tokoname"
    latitude: 34.88333
    longitude: 136.85
    population: 49554
    dem: 11
    timezone: "Asia/Tokyo"
  - name: "Taketoyo"
    latitude: 34.85
    longitude: 136.91667
    population: 41679
    dem: 4
    timezone: "Asia/Tokyo"
  - name: "Takahama"
    latitude: 34.91667
    longitude: 136.98333
    population: 40501
    dem: 7
    timezone: "Asia/Tokyo"
  - name: "Tahara"
    latitude: 34.66667
    longitude: 137.26667
    population: 38177
    dem: 6
    timezone: "Asia/Tokyo"
  - name: "Sobue"
    latitude: 35.25
    longitude: 136.71667
    population: 23372
    dem: 4
    timezone: "Asia/Tokyo"
  - name: "Shinshiro"
    latitude: 34.9
    longitude: 137.5
    population: 36069
    dem: 48
    timezone: "Asia/Tokyo"
  - name: "Seto"
    latitude: 35.23333
    longitude: 137.1
    population: 134246
    dem: 111
    timezone: "Asia/Tokyo"
  - name: "Okazaki"
    latitude: 34.95
    longitude: 137.16667
    population: 352361
    dem: 34
    timezone: "Asia/Tokyo"
  - name: "Obu"
    latitude: 35.01756
    longitude: 136.94947
    population: 77864
    dem: 14
    timezone: "Asia/Tokyo"
  - name: "Nishio"
    latitude: 34.86667
    longitude: 137.05
    population: 103337
    dem: 9
    timezone: "Asia/Tokyo"
  - name: "Nagoya"
    latitude: 35.18147
    longitude: 136.90641
    population: 2191279
    dem: 23
    timezone: "Asia/Tokyo"
  - name: "Kuroda"
    latitude: 35.35
    longitude: 136.78333
    population: 32586
    dem: 10
    timezone: "Asia/Tokyo"
  - name: "Kozakai-cho"
    latitude: 34.8
    longitude: 137.35889
    population: 22064
    dem: 7
    timezone: "Asia/Tokyo"
  - name: "Konan"
    latitude: 35.33165
    longitude: 136.87042
    population: 100389
    dem: 19
    timezone: "Asia/Tokyo"
  - name: "Komaki"
    latitude: 35.28333
    longitude: 136.91667
    population: 151025
    dem: 17
    timezone: "Asia/Tokyo"
  - name: "Kasugai"
    latitude: 35.24762
    longitude: 136.97229
    population: 298589
    dem: 30
    timezone: "Asia/Tokyo"
  - name: "Kariya"
    latitude: 34.98333
    longitude: 136.98333
    population: 139159
    dem: 2
    timezone: "Asia/Tokyo"
  - name: "Kanie"
    latitude: 35.13333
    longitude: 136.8
    population: 36592
    dem: 0
    timezone: "Asia/Tokyo"
  - name: "Iwakura"
    latitude: 35.28333
    longitude: 136.86667
    population: 48007
    dem: 11
    timezone: "Asia/Tokyo"
  - name: "Ishiki"
    latitude: 34.8
    longitude: 137.01667
    population: 23966
    dem: 0
    timezone: "Asia/Tokyo"
  - name: "Inuyama"
    latitude: 35.37995
    longitude: 136.94295
    population: 73995
    dem: 56
    timezone: "Asia/Tokyo"
  - name: "Inazawa"
    latitude: 35.25
    longitude: 136.78333
    population: 102130
    dem: 4
    timezone: "Asia/Tokyo"
  - name: "Ichinomiya"
    latitude: 35.3
    longitude: 136.8
    population: 280331
    dem: 11
    timezone: "Asia/Tokyo"
  - name: "Hekinan"
    latitude: 34.88333
    longitude: 136.98333
    population: 68872
    dem: 3
    timezone: "Asia/Tokyo"
  - name: "Handa"
    latitude: 34.88333
    longitude: 136.93333
    population: 116119
    dem: 1
    timezone: "Asia/Tokyo"
  - name: "Gamagori"
    latitude: 34.83333
    longitude: 137.23333
    population: 80786
    dem: 23
    timezone: "Asia/Tokyo"
  - name: "Chiryu"
    latitude: 35.0
    longitude: 137.03333
    population: 67062
    dem: 15
    timezone: "Asia/Tokyo"
  - name: "Anjo"
    latitude: 34.95828
    longitude: 137.08054
    population: 178402
    dem: 20
    timezone: "Asia/Tokyo"
- name: "Iwate"
  cities:
  - name: "Yamada"
    latitude: 39.46667
    longitude: 141.95
    population: 20144
    dem: 4
    timezone: "Asia/Tokyo"
  - name: "Tono"
    latitude: 39.31667
    longitude: 141.53333
    population: 26781
    dem: 328
    timezone: "Asia/Tokyo"
  - name: "Shizukuishi"
    latitude: 39.69414
    longitude: 140.98442
    population: 19866
    dem: 192
    timezone: "Asia/Tokyo"
  - name: "Otsuchi"
    latitude: 39.36667
    longitude: 141.9
    population: 16497
    dem: 5
    timezone: "Asia/Tokyo"
  - name: "Ofunato"
    latitude: 39.07167
    longitude: 141.71667
    population: 35418
    dem: 7
    timezone: "Asia/Tokyo"
  - name: "Morioka"
    latitude: 39.7
    longitude: 141.15
    population: 295172
    dem: 138
    timezone: "Asia/Tokyo"
  - name: "Mizusawa"
    latitude: 39.13333
    longitude: 141.13333
    population: 61281
    dem: 64
    timezone: "Asia/Tokyo"
  - name: "Miyako"
    latitude: 39.64691
    longitude: 141.94057
    population: 51721
    dem: 10
    timezone: "Asia/Tokyo"
  - name: "Kitakami"
    latitude: 39.28333
    longitude: 141.11667
    population: 93854
    dem: 63
    timezone: "Asia/Tokyo"
  - name: "Kamaishi"
    latitude: 39.27694
    longitude: 141.86801
    population: 43107
    dem: 25
    timezone: "Asia/Tokyo"
  - name: "Ichinoseki"
    latitude: 38.91667
    longitude: 141.13333
    population: 62970
    dem: 30
    timezone: "Asia/Tokyo"
  - name: "Hanamaki"
    latitude: 39.38333
    longitude: 141.11667
    population: 73115
    dem: 77
    timezone: "Asia/Tokyo"
  - name: "Ichinohe"
    latitude: 40.21965
    longitude: 141.28986
    population: 15825
    dem: 243
    timezone: "Asia/Tokyo"
- name: "Kyoto Prefecture"
  cities:
  - name: "Yawata"
    latitude: 34.87009
    longitude: 135.7027
    population: 71656
    dem: 17
    timezone: "Asia/Tokyo"
  - name: "Uji"
    latitude: 34.89044
    longitude: 135.80325
    population: 192925
    dem: 23
    timezone: "Asia/Tokyo"
  - name: "Tanabe"
    latitude: 34.82242
    longitude: 135.76604
    population: 65903
    dem: 31
    timezone: "Asia/Tokyo"
  - name: "Muko"
    latitude: 34.96545
    longitude: 135.70415
    population: 53222
    dem: 19
    timezone: "Asia/Tokyo"
  - name: "Miyazu"
    latitude: 35.53333
    longitude: 135.18333
    population: 21632
    dem: 146
    timezone: "Asia/Tokyo"
  - name: "Maizuru"
    latitude: 35.45
    longitude: 135.33333
    population: 92465
    dem: 6
    timezone: "Asia/Tokyo"
  - name: "Kyoto"
    latitude: 35.02107
    longitude: 135.75385
    population: 1459640
    dem: 50
    timezone: "Asia/Tokyo"
  - name: "Kameoka"
    latitude: 35.0
    longitude: 135.58333
    population: 97181
    dem: 129
    timezone: "Asia/Tokyo"
  - name: "Fukuchiyama"
    latitude: 35.3
    longitude: 135.11667
    population: 68735
    dem: 20
    timezone: "Asia/Tokyo"
  - name: "Ayabe"
    latitude: 35.3
    longitude: 135.25
    population: 37612
    dem: 46
    timezone: "Asia/Tokyo"
  - name: "Arashiyama"
    latitude: 35.01481
    longitude: 135.67755
    population: 50000
    dem: 36
    timezone: "Asia/Tokyo"
  - name: "Kamigyo-ku"
    latitude: 35.02954
    longitude: 135.75666
    population: 83000
    dem: 61
    timezone: "Asia/Tokyo"
- name: "Shizuoka"
  cities:
  - name: "Yaizu"
    latitude: 34.86877
    longitude: 138.31952
    population: 121057
    dem: 8
    timezone: "Asia/Tokyo"
  - name: "Shizuoka"
    latitude: 34.98333
    longitude: 138.38333
    population: 701561
    dem: 23
    timezone: "Asia/Tokyo"
  - name: "Shimoda"
    latitude: 34.67652
    longitude: 138.94456
    population: 26704
    dem: 11
    timezone: "Asia/Tokyo"
  - name: "Shimada"
    latitude: 34.81667
    longitude: 138.18333
    population: 75781
    dem: 105
    timezone: "Asia/Tokyo"
  - name: "Sagara"
    latitude: 34.68503
    longitude: 138.20461
    population: 25922
    dem: 10
    timezone: "Asia/Tokyo"
  - name: "Oyama"
    latitude: 34.60359
    longitude: 138.21719
    population: 21744
    dem: 50
    timezone: "Asia/Tokyo"
  - name: "Numazu"
    latitude: 35.1
    longitude: 138.86667
    population: 204318
    dem: 8
    timezone: "Asia/Tokyo"
  - name: "Mori"
    latitude: 34.83333
    longitude: 137.93333
    population: 20280
    dem: 56
    timezone: "Asia/Tokyo"
  - name: "Mishima"
    latitude: 35.11667
    longitude: 138.91667
    population: 113479
    dem: 24
    timezone: "Asia/Tokyo"
  - name: "Kanaya"
    latitude: 34.82022
    longitude: 138.12775
    population: 20286
    dem: 106
    timezone: "Asia/Tokyo"
  - name: "Kakegawa"
    latitude: 34.76667
    longitude: 138.01667
    population: 84004
    dem: 32
    timezone: "Asia/Tokyo"
  - name: "Iwata"
    latitude: 34.7
    longitude: 137.85
    population: 88509
    dem: 5
    timezone: "Asia/Tokyo"
  - name: "Ito"
    latitude: 34.96667
    longitude: 139.08333
    population: 71578
    dem: 92
    timezone: "Asia/Tokyo"
  - name: "Hamamatsu"
    latitude: 34.7
    longitude: 137.73333
    population: 605098
    dem: 3
    timezone: "Asia/Tokyo"
  - name: "Hamakita"
    latitude: 34.8
    longitude: 137.78333
    population: 86502
    dem: 21
    timezone: "Asia/Tokyo"
  - name: "Gotenba"
    latitude: 35.31859
    longitude: 138.94343
    population: 83794
    dem: 446
    timezone: "Asia/Tokyo"
  - name: "Fukuroi"
    latitude: 34.75
    longitude: 137.91667
    population: 63045
    dem: 11
    timezone: "Asia/Tokyo"
  - name: "Fujinomiya"
    latitude: 35.21667
    longitude: 138.61667
    population: 121515
    dem: 116
    timezone: "Asia/Tokyo"
  - name: "Fujieda"
    latitude: 34.86667
    longitude: 138.26667
    population: 132859
    dem: 22
    timezone: "Asia/Tokyo"
  - name: "Fuji"
    latitude: 35.16667
    longitude: 138.68333
    population: 240014
    dem: 9
    timezone: "Asia/Tokyo"
  - name: "Atami"
    latitude: 35.08834
    longitude: 139.05325
    population: 40687
    dem: 230
    timezone: "Asia/Tokyo"
- name: "Gunma-ken"
  cities:
  - name: "Yoshii"
    latitude: 36.25
    longitude: 138.98333
    population: 25655
    dem: 125
    timezone: "Asia/Tokyo"
  - name: "Tomioka"
    latitude: 36.25411
    longitude: 138.89813
    population: 49281
    dem: 158
    timezone: "Asia/Tokyo"
  - name: "Tatebayashi"
    latitude: 36.25
    longitude: 139.53333
    population: 81274
    dem: 28
    timezone: "Asia/Tokyo"
  - name: "Tamamura"
    latitude: 36.3
    longitude: 139.11667
    population: 42566
    dem: 68
    timezone: "Asia/Tokyo"
  - name: "Takasaki"
    latitude: 36.33333
    longitude: 139.01667
    population: 240857
    dem: 93
    timezone: "Asia/Tokyo"
  - name: "Shibukawa"
    latitude: 36.48333
    longitude: 139.0
    population: 48322
    dem: 202
    timezone: "Asia/Tokyo"
  - name: "Sakai-nakajima"
    latitude: 36.26667
    longitude: 139.25
    population: 31268
    dem: 43
    timezone: "Asia/Tokyo"
  - name: "Ota"
    latitude: 36.3
    longitude: 139.36667
    population: 152104
    dem: 50
    timezone: "Asia/Tokyo"
  - name: "Omamacho-omama"
    latitude: 36.43181
    longitude: 139.27534
    population: 21286
    dem: 182
    timezone: "Asia/Tokyo"
  - name: "Numata"
    latitude: 36.63333
    longitude: 139.05
    population: 45526
    dem: 376
    timezone: "Asia/Tokyo"
  - name: "Nakanojomachi"
    latitude: 36.58717
    longitude: 138.84083
    population: 17741
    dem: 371
    timezone: "Asia/Tokyo"
  - name: "Maebashi"
    latitude: 36.4
    longitude: 139.08333
    population: 282711
    dem: 107
    timezone: "Asia/Tokyo"
  - name: "Kiryu"
    latitude: 36.4
    longitude: 139.33333
    population: 110219
    dem: 108
    timezone: "Asia/Tokyo"
  - name: "Kanekomachi"
    latitude: 36.41097
    longitude: 138.99621
    population: 37107
    dem: 193
    timezone: "Asia/Tokyo"
  - name: "Isesaki"
    latitude: 36.31667
    longitude: 139.2
    population: 130692
    dem: 62
    timezone: "Asia/Tokyo"
  - name: "Fujioka"
    latitude: 36.24624
    longitude: 139.07204
    population: 63358
    dem: 94
    timezone: "Asia/Tokyo"
  - name: "Annaka"
    latitude: 36.33011
    longitude: 138.89585
    population: 48235
    dem: 170
    timezone: "Asia/Tokyo"
- name: "Chiba-ken"
  cities:
  - name: "Tateyama"
    latitude: 34.98333
    longitude: 139.86667
    population: 50064
    dem: 7
    timezone: "Asia/Tokyo"
  - name: "Noda"
    latitude: 35.94897
    longitude: 139.86793
    population: 121411
    dem: 17
    timezone: "Asia/Tokyo"
  - name: "Nagareyama"
    latitude: 35.8563
    longitude: 139.90266
    population: 156000
    dem: 15
    timezone: "Asia/Tokyo"
  - name: "Matsudo"
    latitude: 35.77995
    longitude: 139.90144
    population: 470277
    dem: 10
    timezone: "Asia/Tokyo"
  - name: "Kisarazu"
    latitude: 35.38329
    longitude: 139.93254
    population: 122524
    dem: 5
    timezone: "Asia/Tokyo"
  - name: "Kashiwa"
    latitude: 35.86224
    longitude: 139.97732
    population: 340221
    dem: 24
    timezone: "Asia/Tokyo"
  - name: "Futtsu"
    latitude: 35.3108
    longitude: 139.81877
    population: 51650
    dem: 5
    timezone: "Asia/Tokyo"
  - name: "Honcho"
    latitude: 35.70129
    longitude: 139.98648
    population: 560743
    dem: 11
    timezone: "Asia/Tokyo"
  - name: "Kimitsu"
    latitude: 35.35043
    longitude: 139.87029
    population: 92126
    dem: 4
    timezone: "Asia/Tokyo"
  - name: "Yotsukaido"
    latitude: 35.65
    longitude: 140.16667
    population: 86701
    dem: 25
    timezone: "Asia/Tokyo"
  - name: "Yokaichiba"
    latitude: 35.7
    longitude: 140.55
    population: 32651
    dem: 10
    timezone: "Asia/Tokyo"
  - name: "Yachimata"
    latitude: 35.65
    longitude: 140.31667
    population: 83322
    dem: 47
    timezone: "Asia/Tokyo"
  - name: "Togane"
    latitude: 35.55
    longitude: 140.36667
    population: 66332
    dem: 9
    timezone: "Asia/Tokyo"
  - name: "Shisui"
    latitude: 35.71667
    longitude: 140.26667
    population: 19903
    dem: 40
    timezone: "Asia/Tokyo"
  - name: "Shiroi"
    latitude: 35.8
    longitude: 140.06667
    population: 55314
    dem: 17
    timezone: "Asia/Tokyo"
  - name: "Sawara"
    latitude: 35.88333
    longitude: 140.5
    population: 47199
    dem: 8
    timezone: "Asia/Tokyo"
  - name: "Sakura"
    latitude: 35.71667
    longitude: 140.23333
    population: 182549
    dem: 15
    timezone: "Asia/Tokyo"
  - name: "Omigawa"
    latitude: 35.85
    longitude: 140.61667
    population: 25763
    dem: 0
    timezone: "Asia/Tokyo"
  - name: "Ohara"
    latitude: 35.24761
    longitude: 140.39289
    population: 20226
    dem: 9
    timezone: "Asia/Tokyo"
  - name: "Oami"
    latitude: 35.51667
    longitude: 140.31667
    population: 53239
    dem: 8
    timezone: "Asia/Tokyo"
  - name: "Naruto"
    latitude: 35.6
    longitude: 140.41667
    population: 25696
    dem: 6
    timezone: "Asia/Tokyo"
  - name: "Narita"
    latitude: 35.78333
    longitude: 140.31667
    population: 100641
    dem: 27
    timezone: "Asia/Tokyo"
  - name: "Mobara"
    latitude: 35.42583
    longitude: 140.29608
    population: 97315
    dem: 14
    timezone: "Asia/Tokyo"
  - name: "Kamogawa"
    latitude: 35.0969
    longitude: 140.1003
    population: 29119
    dem: 20
    timezone: "Asia/Tokyo"
  - name: "Katsuura"
    latitude: 35.14621
    longitude: 140.31507
    population: 22307
    dem: 23
    timezone: "Asia/Tokyo"
  - name: "Katori-shi"
    latitude: 35.89767
    longitude: 140.49943
    population: 83181
    dem: 6
    timezone: "Asia/Tokyo"
  - name: "Ichihara"
    latitude: 35.51667
    longitude: 140.08333
    population: 283531
    dem: 1
    timezone: "Asia/Tokyo"
  - name: "Hasaki"
    latitude: 35.73333
    longitude: 140.83333
    population: 39209
    dem: 5
    timezone: "Asia/Tokyo"
  - name: "Chiba"
    latitude: 35.6
    longitude: 140.11667
    population: 919729
    dem: 5
    timezone: "Asia/Tokyo"
  - name: "Asahi"
    latitude: 35.71667
    longitude: 140.65
    population: 41720
    dem: 5
    timezone: "Asia/Tokyo"
  - name: "Abiko"
    latitude: 35.86667
    longitude: 140.01667
    population: 131771
    dem: 10
    timezone: "Asia/Tokyo"
- name: "Kanagawa"
  cities:
  - name: "Atsugi"
    latitude: 35.44272
    longitude: 139.36931
    population: 229199
    dem: 26
    timezone: "Asia/Tokyo"
  - name: "Zushi"
    latitude: 35.29483
    longitude: 139.57812
    population: 60055
    dem: 9
    timezone: "Asia/Tokyo"
  - name: "Zama"
    latitude: 35.4879
    longitude: 139.39101
    population: 134671
    dem: 32
    timezone: "Asia/Tokyo"
  - name: "Yugawara"
    latitude: 35.15
    longitude: 139.06667
    population: 27567
    dem: 204
    timezone: "Asia/Tokyo"
  - name: "Yokosuka"
    latitude: 35.28361
    longitude: 139.66722
    population: 428992
    dem: 9
    timezone: "Asia/Tokyo"
  - name: "Yokohama"
    latitude: 35.43333
    longitude: 139.65
    population: 3574443
    dem: 21
    timezone: "Asia/Tokyo"
  - name: "Oiso"
    latitude: 35.31558
    longitude: 139.31625
    population: 32595
    dem: 71
    timezone: "Asia/Tokyo"
  - name: "Odawara"
    latitude: 35.25556
    longitude: 139.15972
    population: 203035
    dem: 15
    timezone: "Asia/Tokyo"
  - name: "Ninomiya"
    latitude: 35.3015
    longitude: 139.25581
    population: 31412
    dem: 24
    timezone: "Asia/Tokyo"
  - name: "Minamirinkan"
    latitude: 35.49527
    longitude: 139.44279
    population: 224015
    dem: 79
    timezone: "Asia/Tokyo"
  - name: "Kawasaki"
    latitude: 35.52056
    longitude: 139.71722
    population: 1306785
    dem: 1
    timezone: "Asia/Tokyo"
  - name: "Kamakura"
    latitude: 35.30889
    longitude: 139.55028
    population: 166016
    dem: 7
    timezone: "Asia/Tokyo"
  - name: "Isehara"
    latitude: 35.39932
    longitude: 139.31019
    population: 103401
    dem: 35
    timezone: "Asia/Tokyo"
  - name: "Hiratsuka"
    latitude: 35.32785
    longitude: 139.33735
    population: 259052
    dem: 8
    timezone: "Asia/Tokyo"
  - name: "Hayama"
    latitude: 35.27651
    longitude: 139.57733
    population: 31136
    dem: 10
    timezone: "Asia/Tokyo"
  - name: "Hakone"
    latitude: 35.18945
    longitude: 139.02649
    population: 13339
    dem: 734
    timezone: "Asia/Tokyo"
  - name: "Hadano"
    latitude: 35.37111
    longitude: 139.22361
    population: 174281
    dem: 103
    timezone: "Asia/Tokyo"
  - name: "Fujisawa"
    latitude: 35.34926
    longitude: 139.47666
    population: 394624
    dem: 12
    timezone: "Asia/Tokyo"
  - name: "Chigasaki"
    latitude: 35.33638
    longitude: 139.40434
    population: 231657
    dem: 6
    timezone: "Asia/Tokyo"
  - name: "Miura"
    latitude: 35.14
    longitude: 139.61917
    population: 51483
    dem: 8
    timezone: "Asia/Tokyo"
- name: "Miyazaki"
  cities:
  - name: "Tsuma"
    latitude: 32.1
    longitude: 131.4
    population: 34318
    dem: 11
    timezone: "Asia/Tokyo"
  - name: "Takanabe"
    latitude: 32.13333
    longitude: 131.5
    population: 22513
    dem: 11
    timezone: "Asia/Tokyo"
  - name: "Nobeoka"
    latitude: 32.58333
    longitude: 131.66667
    population: 121949
    dem: 4
    timezone: "Asia/Tokyo"
  - name: "Nichinan"
    latitude: 31.6
    longitude: 131.36667
    population: 44243
    dem: 29
    timezone: "Asia/Tokyo"
  - name: "Miyazaki"
    latitude: 31.91667
    longitude: 131.41667
    population: 311203
    dem: 11
    timezone: "Asia/Tokyo"
  - name: "Miyakonojo"
    latitude: 31.73333
    longitude: 131.06667
    population: 130994
    dem: 148
    timezone: "Asia/Tokyo"
  - name: "Kobayashi"
    latitude: 31.98333
    longitude: 130.98333
    population: 39747
    dem: 205
    timezone: "Asia/Tokyo"
  - name: "Kushima"
    latitude: 31.48621
    longitude: 131.2421
    population: 22102
    dem: 17
    timezone: "Asia/Tokyo"
- name: "Fukuoka Prefecture"
  cities:
  - name: "Yukuhashi"
    latitude: 33.72873
    longitude: 130.983
    population: 71277
    dem: 10
    timezone: "Asia/Tokyo"
  - name: "Yanagawa"
    latitude: 33.16667
    longitude: 130.4
    population: 40386
    dem: 1
    timezone: "Asia/Tokyo"
  - name: "Umi"
    latitude: 33.56826
    longitude: 130.51009
    population: 39772
    dem: 41
    timezone: "Asia/Tokyo"
  - name: "Tsuiki"
    latitude: 33.67307
    longitude: 131.03776
    population: 9100
    dem: 15
    timezone: "Asia/Tokyo"
  - name: "Tanushimarumachi-toyoki"
    latitude: 33.35
    longitude: 130.68333
    population: 21156
    dem: 16
    timezone: "Asia/Tokyo"
  - name: "Tagawa"
    latitude: 33.63333
    longitude: 130.8
    population: 51608
    dem: 46
    timezone: "Asia/Tokyo"
  - name: "Shingu"
    latitude: 33.71399
    longitude: 130.4313
    population: 25991
    dem: 4
    timezone: "Asia/Tokyo"
  - name: "Shiida"
    latitude: 33.65341
    longitude: 131.05797
    population: 11737
    dem: 6
    timezone: "Asia/Tokyo"
  - name: "Setakamachi-takayanagi"
    latitude: 33.14858
    longitude: 130.46548
    population: 23985
    dem: 5
    timezone: "Asia/Tokyo"
  - name: "Sasaguri"
    latitude: 33.61561
    longitude: 130.55105
    population: 32588
    dem: 110
    timezone: "Asia/Tokyo"
  - name: "Omuta"
    latitude: 33.03333
    longitude: 130.45
    population: 131974
    dem: 15
    timezone: "Asia/Tokyo"
  - name: "Okawa"
    latitude: 33.20566
    longitude: 130.37527
    population: 39223
    dem: 4
    timezone: "Asia/Tokyo"
  - name: "Nogata"
    latitude: 33.74051
    longitude: 130.72263
    population: 56821
    dem: 26
    timezone: "Asia/Tokyo"
  - name: "Nakama"
    latitude: 33.81688
    longitude: 130.70962
    population: 46745
    dem: 3
    timezone: "Asia/Tokyo"
  - name: "Miyata"
    latitude: 33.70811
    longitude: 130.65297
    population: 20421
    dem: 44
    timezone: "Asia/Tokyo"
  - name: "Maebaru-chuo"
    latitude: 33.55916
    longitude: 130.20148
    population: 70339
    dem: 12
    timezone: "Asia/Tokyo"
  - name: "Kurume"
    latitude: 33.31667
    longitude: 130.51667
    population: 238197
    dem: 10
    timezone: "Asia/Tokyo"
  - name: "Koga"
    latitude: 33.73333
    longitude: 130.46667
    population: 60045
    dem: 10
    timezone: "Asia/Tokyo"
  - name: "Kitakyushu"
    latitude: 33.85181
    longitude: 130.85034
    population: 997536
    dem: 57
    timezone: "Asia/Tokyo"
  - name: "Kawasaki"
    latitude: 33.59993
    longitude: 130.81495
    population: 19141
    dem: 47
    timezone: "Asia/Tokyo"
  - name: "Kanda"
    latitude: 33.78333
    longitude: 130.98333
    population: 36122
    dem: 4
    timezone: "Asia/Tokyo"
  - name: "Iizuka"
    latitude: 33.63654
    longitude: 130.68678
    population: 78206
    dem: 21
    timezone: "Asia/Tokyo"
  - name: "Fukuoka"
    latitude: 33.6
    longitude: 130.41667
    population: 1392289
    dem: 3
    timezone: "Asia/Tokyo"
  - name: "Nishifukuma"
    latitude: 33.76627
    longitude: 130.47461
    population: 43154
    dem: 7
    timezone: "Asia/Tokyo"
  - name: "Chikushino-shi"
    latitude: 33.49631
    longitude: 130.5156
    population: 100353
    dem: 37
    timezone: "Asia/Tokyo"
  - name: "Amagi"
    latitude: 33.41804
    longitude: 130.65413
    population: 42312
    dem: 38
    timezone: "Asia/Tokyo"
  - name: "Onojo"
    latitude: 33.53567
    longitude: 130.47861
    population: 94957
    dem: 25
    timezone: "Asia/Tokyo"
  - name: "Dazaifu"
    latitude: 33.51278
    longitude: 130.52389
    population: 70587
    dem: 42
    timezone: "Asia/Tokyo"
  - name: "Buzen"
    latitude: 33.61153
    longitude: 131.13002
    population: 26886
    dem: 20
    timezone: "Asia/Tokyo"
  - name: "Yoshitomi"
    latitude: 33.60247
    longitude: 131.17599
    population: 6875
    dem: 6
    timezone: "Asia/Tokyo"
- name: "Toyama-ken"
  cities:
  - name: "Yatsuomachi-higashikumisaka"
    latitude: 36.56667
    longitude: 137.13333
    population: 22205
    dem: 197
    timezone: "Asia/Tokyo"
  - name: "Uozu"
    latitude: 36.8
    longitude: 137.4
    population: 45848
    dem: 13
    timezone: "Asia/Tokyo"
  - name: "Toyama"
    latitude: 36.7
    longitude: 137.21667
    population: 325532
    dem: 11
    timezone: "Asia/Tokyo"
  - name: "Takaoka"
    latitude: 36.75
    longitude: 137.01667
    population: 170077
    dem: 8
    timezone: "Asia/Tokyo"
  - name: "Nishishinminato"
    latitude: 36.77957
    longitude: 137.07576
    population: 35994
    dem: 2
    timezone: "Asia/Tokyo"
  - name: "Nyuzen"
    latitude: 36.93744
    longitude: 137.50059
    population: 27585
    dem: 24
    timezone: "Asia/Tokyo"
  - name: "Namerikawa"
    latitude: 36.75965
    longitude: 137.36215
    population: 34638
    dem: 23
    timezone: "Asia/Tokyo"
  - name: "Kamiichi"
    latitude: 36.7
    longitude: 137.36667
    population: 23004
    dem: 42
    timezone: "Asia/Tokyo"
  - name: "Himimachi"
    latitude: 36.85609
    longitude: 136.9885
    population: 54510
    dem: 5
    timezone: "Asia/Tokyo"
  - name: "Fukumitsu"
    latitude: 36.55751
    longitude: 136.86945
    population: 19535
    dem: 90
    timezone: "Asia/Tokyo"
  - name: "Nanto-shi"
    latitude: 36.56922
    longitude: 136.91162
    population: 55315
    dem: 70
    timezone: "Asia/Tokyo"
  - name: "Kurobe-shi"
    latitude: 36.90123
    longitude: 137.44955
    population: 42613
    dem: 15
    timezone: "Asia/Tokyo"
- name: "Oita Prefecture"
  cities:
  - name: "Usuki"
    latitude: 33.12342
    longitude: 131.80401
    population: 35001
    dem: 4
    timezone: "Asia/Tokyo"
  - name: "Tsurusaki"
    latitude: 33.24528
    longitude: 131.69165
    population: 76968
    dem: 5
    timezone: "Asia/Tokyo"
  - name: "Tsukumiura"
    latitude: 33.07539
    longitude: 131.86907
    population: 21658
    dem: 13
    timezone: "Asia/Tokyo"
  - name: "Tsukawaki"
    latitude: 33.27668
    longitude: 131.15628
    population: 18371
    dem: 336
    timezone: "Asia/Tokyo"
  - name: "Takedamachi"
    latitude: 32.96667
    longitude: 131.4
    population: 16361
    dem: 262
    timezone: "Asia/Tokyo"
  - name: "Bungo-Takada-shi"
    latitude: 33.5567
    longitude: 131.44506
    population: 23856
    dem: 6
    timezone: "Asia/Tokyo"
  - name: "Saiki"
    latitude: 32.95
    longitude: 131.9
    population: 49065
    dem: 3
    timezone: "Asia/Tokyo"
  - name: "Oita"
    latitude: 33.23333
    longitude: 131.6
    population: 448907
    dem: 9
    timezone: "Asia/Tokyo"
  - name: "Nakatsu"
    latitude: 33.59811
    longitude: 131.1883
    population: 67372
    dem: 7
    timezone: "Asia/Tokyo"
  - name: "Kitsuki"
    latitude: 33.41998
    longitude: 131.61837
    population: 23353
    dem: 3
    timezone: "Asia/Tokyo"
  - name: "Hita"
    latitude: 33.3213
    longitude: 130.94098
    population: 61481
    dem: 90
    timezone: "Asia/Tokyo"
  - name: "Hiji"
    latitude: 33.37081
    longitude: 131.53025
    population: 27864
    dem: 23
    timezone: "Asia/Tokyo"
  - name: "Beppu"
    latitude: 33.27945
    longitude: 131.49751
    population: 125065
    dem: 22
    timezone: "Asia/Tokyo"
- name: "Yamaguchi"
  cities:
  - name: "Yanai"
    latitude: 33.96667
    longitude: 132.11667
    population: 32229
    dem: 0
    timezone: "Asia/Tokyo"
  - name: "Yamaguchi"
    latitude: 34.18333
    longitude: 131.46667
    population: 145515
    dem: 157
    timezone: "Asia/Tokyo"
  - name: "Ube"
    latitude: 33.94306
    longitude: 131.25111
    population: 173733
    dem: 6
    timezone: "Asia/Tokyo"
  - name: "Tokuyama"
    latitude: 34.05
    longitude: 131.81667
    population: 101133
    dem: 35
    timezone: "Asia/Tokyo"
  - name: "Shimonoseki"
    latitude: 33.95
    longitude: 130.95
    population: 245786
    dem: -9999
    timezone: "Asia/Tokyo"
  - name: "Onoda"
    latitude: 34.00139
    longitude: 131.18361
    population: 44295
    dem: 1
    timezone: "Asia/Tokyo"
  - name: "Ogori-shimogo"
    latitude: 34.1
    longitude: 131.4
    population: 23516
    dem: 4
    timezone: "Asia/Tokyo"
  - name: "Kudamatsu"
    latitude: 34.0
    longitude: 131.86667
    population: 52772
    dem: 15
    timezone: "Asia/Tokyo"
  - name: "Iwakuni"
    latitude: 34.16297
    longitude: 132.22
    population: 104004
    dem: 4
    timezone: "Asia/Tokyo"
  - name: "Hofu"
    latitude: 34.05
    longitude: 131.56667
    population: 116925
    dem: 4
    timezone: "Asia/Tokyo"
  - name: "Hagi"
    latitude: 34.4
    longitude: 131.41667
    population: 43826
    dem: 31
    timezone: "Asia/Tokyo"
  - name: "Hikari"
    latitude: 33.955
    longitude: 131.95
    population: 45885
    dem: 1
    timezone: "Asia/Tokyo"
  - name: "Nagato"
    latitude: 34.38333
    longitude: 131.2
    population: 23101
    dem: 4
    timezone: "Asia/Tokyo"
- name: "Tokushima-ken"
  cities:
  - name: "Wakimachi"
    latitude: 34.06667
    longitude: 134.15
    population: 17659
    dem: 52
    timezone: "Asia/Tokyo"
  - name: "Tokushima"
    latitude: 34.06667
    longitude: 134.56667
    population: 267345
    dem: 3
    timezone: "Asia/Tokyo"
  - name: "Narutocho-mitsuishi"
    latitude: 34.19933
    longitude: 134.60932
    population: 64082
    dem: 2
    timezone: "Asia/Tokyo"
  - name: "Komatsushimacho"
    latitude: 34.0
    longitude: 134.58333
    population: 42598
    dem: 3
    timezone: "Asia/Tokyo"
  - name: "Kamojimacho-jogejima"
    latitude: 34.06803
    longitude: 134.35033
    population: 24374
    dem: 14
    timezone: "Asia/Tokyo"
  - name: "Ishii"
    latitude: 34.06752
    longitude: 134.44208
    population: 26394
    dem: 10
    timezone: "Asia/Tokyo"
  - name: "Ikedacho"
    latitude: 34.02849
    longitude: 133.80616
    population: 15895
    dem: 120
    timezone: "Asia/Tokyo"
  - name: "Anan"
    latitude: 33.91667
    longitude: 134.65
    population: 55421
    dem: 12
    timezone: "Asia/Tokyo"
- name: "Miyagi-ken"
  cities:
  - name: "Yamoto"
    latitude: 38.42738
    longitude: 141.21487
    population: 32028
    dem: 2
    timezone: "Asia/Tokyo"
  - name: "Watari"
    latitude: 38.035
    longitude: 140.85111
    population: 36321
    dem: 10
    timezone: "Asia/Tokyo"
  - name: "Wakuya"
    latitude: 38.54465
    longitude: 141.13461
    population: 18334
    dem: 29
    timezone: "Asia/Tokyo"
  - name: "Tomiya"
    latitude: 38.39306
    longitude: 140.88611
    population: 42500
    dem: 64
    timezone: "Asia/Tokyo"
  - name: "Shiroishi"
    latitude: 38.00333
    longitude: 140.61833
    population: 39481
    dem: 57
    timezone: "Asia/Tokyo"
  - name: "Shiogama"
    latitude: 38.31667
    longitude: 141.03333
    population: 59526
    dem: 2
    timezone: "Asia/Tokyo"
  - name: "Sendai"
    latitude: 38.26667
    longitude: 140.86667
    population: 1063103
    dem: 53
    timezone: "Asia/Tokyo"
  - name: "Rifu"
    latitude: 38.33092
    longitude: 140.97691
    population: 35037
    dem: 7
    timezone: "Asia/Tokyo"
  - name: "Okawara"
    latitude: 38.05
    longitude: 140.73361
    population: 23340
    dem: 20
    timezone: "Asia/Tokyo"
  - name: "Matsushima"
    latitude: 38.37357
    longitude: 141.06105
    population: 16363
    dem: 20
    timezone: "Asia/Tokyo"
  - name: "Marumori"
    latitude: 37.91667
    longitude: 140.76667
    population: 16752
    dem: 22
    timezone: "Asia/Tokyo"
  - name: "Kogota"
    latitude: 38.55
    longitude: 141.05
    population: 19760
    dem: 10
    timezone: "Asia/Tokyo"
  - name: "Kakuda"
    latitude: 37.97451
    longitude: 140.77202
    population: 33221
    dem: 12
    timezone: "Asia/Tokyo"
  - name: "Iwanuma"
    latitude: 38.10472
    longitude: 140.85944
    population: 42411
    dem: 5
    timezone: "Asia/Tokyo"
  - name: "Ishinomaki"
    latitude: 38.41667
    longitude: 141.3
    population: 117233
    dem: 2
    timezone: "Asia/Tokyo"
  - name: "Furukawa"
    latitude: 38.57167
    longitude: 140.95556
    population: 76312
    dem: 23
    timezone: "Asia/Tokyo"
- name: "Nagasaki Prefecture"
  cities:
  - name: "Togitsu"
    latitude: 32.83333
    longitude: 129.85
    population: 29364
    dem: 1
    timezone: "Asia/Tokyo"
  - name: "Shimabara"
    latitude: 32.78333
    longitude: 130.36667
    population: 38113
    dem: 11
    timezone: "Asia/Tokyo"
  - name: "Sasebo"
    latitude: 33.16834
    longitude: 129.72502
    population: 237444
    dem: 8
    timezone: "Asia/Tokyo"
  - name: "Omura"
    latitude: 32.92139
    longitude: 129.95389
    population: 89918
    dem: 17
    timezone: "Asia/Tokyo"
  - name: "Obita"
    latitude: 32.81667
    longitude: 129.88333
    population: 45293
    dem: 19
    timezone: "Asia/Tokyo"
  - name: "Nagasaki"
    latitude: 32.75
    longitude: 129.88333
    population: 410204
    dem: 15
    timezone: "Asia/Tokyo"
  - name: "Isahaya"
    latitude: 32.84111
    longitude: 130.04306
    population: 97371
    dem: 104
    timezone: "Asia/Tokyo"
  - name: "Hirado"
    latitude: 33.36853
    longitude: 129.55247
    population: 22516
    dem: 5
    timezone: "Asia/Tokyo"
  - name: "Fukuecho"
    latitude: 32.69732
    longitude: 128.84561
    population: 26636
    dem: 5
    timezone: "Asia/Tokyo"
- name: "Fukui"
  cities:
  - name: "Tsuruga"
    latitude: 35.64547
    longitude: 136.0558
    population: 68482
    dem: 6
    timezone: "Asia/Tokyo"
  - name: "Takefu"
    latitude: 35.90393
    longitude: 136.16687
    population: 75753
    dem: 34
    timezone: "Asia/Tokyo"
  - name: "Sabae"
    latitude: 35.94647
    longitude: 136.18498
    population: 66291
    dem: 27
    timezone: "Asia/Tokyo"
  - name: "Ono"
    latitude: 35.98106
    longitude: 136.48727
    population: 37469
    dem: 175
    timezone: "Asia/Tokyo"
  - name: "Obama"
    latitude: 35.49576
    longitude: 135.74604
    population: 32896
    dem: 3
    timezone: "Asia/Tokyo"
  - name: "Mikuni"
    latitude: 36.21706
    longitude: 136.15185
    population: 23480
    dem: 10
    timezone: "Asia/Tokyo"
  - name: "Maruoka"
    latitude: 36.1534
    longitude: 136.27029
    population: 33563
    dem: 13
    timezone: "Asia/Tokyo"
  - name: "Katsuyama"
    latitude: 36.06173
    longitude: 136.50101
    population: 27088
    dem: 130
    timezone: "Asia/Tokyo"
  - name: "Fukui-shi"
    latitude: 36.06443
    longitude: 136.22257
    population: 248707
    dem: 15
    timezone: "Asia/Tokyo"
  - name: "Asahi"
    latitude: 35.97259
    longitude: 136.12455
    population: 9800
    dem: 19
    timezone: "Asia/Tokyo"
- name: "Hokkaido"
  cities:
  - name: "Motomachi"
    latitude: 43.82634
    longitude: 144.09638
    population: 22972
    dem: 26
    timezone: "Asia/Tokyo"
  - name: "Wakkanai"
    latitude: 45.40944
    longitude: 141.67389
    population: 41556
    dem: 7
    timezone: "Asia/Tokyo"
  - name: "Utashinai"
    latitude: 43.51667
    longitude: 142.05
    population: 5162
    dem: 169
    timezone: "Asia/Tokyo"
  - name: "Tomakomai"
    latitude: 42.63694
    longitude: 141.60333
    population: 174806
    dem: 7
    timezone: "Asia/Tokyo"
  - name: "Tobetsu"
    latitude: 43.21694
    longitude: 141.51694
    population: 21818
    dem: 14
    timezone: "Asia/Tokyo"
  - name: "Takikawa"
    latitude: 43.55278
    longitude: 141.90639
    population: 45131
    dem: 31
    timezone: "Asia/Tokyo"
  - name: "Sunagawa"
    latitude: 43.48639
    longitude: 141.90556
    population: 20102
    dem: 33
    timezone: "Asia/Tokyo"
  - name: "Shizunai-furukawacho"
    latitude: 42.33389
    longitude: 142.36694
    population: 22436
    dem: 4
    timezone: "Asia/Tokyo"
  - name: "Shiraoi"
    latitude: 42.55
    longitude: 141.35
    population: 20804
    dem: 5
    timezone: "Asia/Tokyo"
  - name: "Shimo-furano"
    latitude: 43.35
    longitude: 142.38333
    population: 25872
    dem: 170
    timezone: "Asia/Tokyo"
  - name: "Shibetsu"
    latitude: 43.65899
    longitude: 145.13197
    population: 21744
    dem: 2
    timezone: "Asia/Tokyo"
  - name: "Sapporo"
    latitude: 43.06667
    longitude: 141.35
    population: 1883027
    dem: 26
    timezone: "Asia/Tokyo"
  - name: "Rumoi"
    latitude: 43.93444
    longitude: 141.64278
    population: 26454
    dem: 35
    timezone: "Asia/Tokyo"
  - name: "Otofuke"
    latitude: 42.99167
    longitude: 143.20028
    population: 40944
    dem: 64
    timezone: "Asia/Tokyo"
  - name: "Otaru"
    latitude: 43.18944
    longitude: 141.00222
    population: 143792
    dem: 30
    timezone: "Asia/Tokyo"
  - name: "Obihiro"
    latitude: 42.91722
    longitude: 143.20444
    population: 173890
    dem: 44
    timezone: "Asia/Tokyo"
  - name: "Nemuro"
    latitude: 43.32361
    longitude: 145.575
    population: 31223
    dem: 24
    timezone: "Asia/Tokyo"
  - name: "Nayoro"
    latitude: 44.35056
    longitude: 142.45778
    population: 26457
    dem: 97
    timezone: "Asia/Tokyo"
  - name: "Honcho"
    latitude: 41.8944
    longitude: 140.69386
    population: 30008
    dem: 81
    timezone: "Asia/Tokyo"
  - name: "Muroran"
    latitude: 42.31722
    longitude: 140.98806
    population: 96197
    dem: 8
    timezone: "Asia/Tokyo"
  - name: "Mombetsu"
    latitude: 44.3525
    longitude: 143.3525
    population: 26895
    dem: 16
    timezone: "Asia/Tokyo"
  - name: "Yoichi"
    latitude: 43.20389
    longitude: 140.77028
    population: 22788
    dem: 2
    timezone: "Asia/Tokyo"
  - name: "Makubetsu"
    latitude: 45.37139
    longitude: 141.82111
    population: 25935
    dem: 33
    timezone: "Asia/Tokyo"
  - name: "Kushiro"
    latitude: 42.975
    longitude: 144.37472
    population: 183612
    dem: 6
    timezone: "Asia/Tokyo"
  - name: "Kitami"
    latitude: 43.80306
    longitude: 143.89083
    population: 113137
    dem: 79
    timezone: "Asia/Tokyo"
  - name: "Kamikawa"
    latitude: 43.84
    longitude: 142.77111
    population: 5294
    dem: 332
    timezone: "Asia/Tokyo"
  - name: "Kamiiso"
    latitude: 41.82013
    longitude: 140.64482
    population: 38098
    dem: 2
    timezone: "Asia/Tokyo"
  - name: "Iwanai"
    latitude: 42.97444
    longitude: 140.50889
    population: 15584
    dem: 6
    timezone: "Asia/Tokyo"
  - name: "Iwamizawa"
    latitude: 43.20028
    longitude: 141.75972
    population: 85107
    dem: 17
    timezone: "Asia/Tokyo"
  - name: "Ishikari"
    latitude: 43.23972
    longitude: 141.35389
    population: 57301
    dem: 0
    timezone: "Asia/Tokyo"
  - name: "Kitahiroshima"
    latitude: 42.97583
    longitude: 141.56722
    population: 62370
    dem: 19
    timezone: "Asia/Tokyo"
  - name: "Hakodate"
    latitude: 41.77583
    longitude: 140.73667
    population: 275730
    dem: 5
    timezone: "Asia/Tokyo"
  - name: "Fukagawa"
    latitude: 43.70806
    longitude: 142.03917
    population: 26152
    dem: 40
    timezone: "Asia/Tokyo"
  - name: "Ebetsu"
    latitude: 43.10806
    longitude: 141.55056
    population: 133953
    dem: 12
    timezone: "Asia/Tokyo"
  - name: "Date"
    latitude: 42.46806
    longitude: 140.86806
    population: 35301
    dem: 6
    timezone: "Asia/Tokyo"
  - name: "Chitose"
    latitude: 42.81944
    longitude: 141.65222
    population: 92942
    dem: 15
    timezone: "Asia/Tokyo"
  - name: "Bibai"
    latitude: 43.32472
    longitude: 141.85861
    population: 29028
    dem: 25
    timezone: "Asia/Tokyo"
  - name: "Ashibetsu"
    latitude: 43.50972
    longitude: 142.18556
    population: 19108
    dem: 111
    timezone: "Asia/Tokyo"
  - name: "Asahikawa"
    latitude: 43.77063
    longitude: 142.36489
    population: 356612
    dem: 121
    timezone: "Asia/Tokyo"
  - name: "Akabira"
    latitude: 43.55139
    longitude: 142.05306
    population: 14214
    dem: 57
    timezone: "Asia/Tokyo"
  - name: "Abashiri"
    latitude: 44.02127
    longitude: 144.26971
    population: 42498
    dem: 4
    timezone: "Asia/Tokyo"
- name: "Saga-ken"
  cities:
  - name: "Ureshinomachi-shimojuku"
    latitude: 33.11358
    longitude: 130.00292
    population: 18953
    dem: 56
    timezone: "Asia/Tokyo"
  - name: "Tosu"
    latitude: 33.36667
    longitude: 130.51667
    population: 63595
    dem: 17
    timezone: "Asia/Tokyo"
  - name: "Takeocho-takeo"
    latitude: 33.19009
    longitude: 130.02084
    population: 34230
    dem: 16
    timezone: "Asia/Tokyo"
  - name: "Saga"
    latitude: 33.23333
    longitude: 130.3
    population: 165236
    dem: 4
    timezone: "Asia/Tokyo"
  - name: "Kashima"
    latitude: 33.10611
    longitude: 130.09056
    population: 32410
    dem: 20
    timezone: "Asia/Tokyo"
  - name: "Karatsu"
    latitude: 33.4425
    longitude: 129.96972
    population: 78330
    dem: 7
    timezone: "Asia/Tokyo"
  - name: "Kanzakimachi-kanzaki"
    latitude: 33.30895
    longitude: 130.37383
    population: 20172
    dem: 5
    timezone: "Asia/Tokyo"
  - name: "Imaricho-ko"
    latitude: 33.27362
    longitude: 129.87877
    population: 57940
    dem: 5
    timezone: "Asia/Tokyo"
- name: "Gifu"
  cities:
  - name: "Gero"
    latitude: 35.8
    longitude: 137.23333
    population: 35000
    dem: 781
    timezone: "Asia/Tokyo"
  - name: "Toki"
    latitude: 35.35
    longitude: 137.18333
    population: 61394
    dem: 159
    timezone: "Asia/Tokyo"
  - name: "Tarui"
    latitude: 35.36667
    longitude: 136.53333
    population: 29070
    dem: 26
    timezone: "Asia/Tokyo"
  - name: "Takayama"
    latitude: 36.13333
    longitude: 137.25
    population: 66636
    dem: 583
    timezone: "Asia/Tokyo"
  - name: "Tajimi"
    latitude: 35.31667
    longitude: 137.13333
    population: 107818
    dem: 138
    timezone: "Asia/Tokyo"
  - name: "Ogaki"
    latitude: 35.35
    longitude: 136.61667
    population: 150570
    dem: 7
    timezone: "Asia/Tokyo"
  - name: "Nakatsugawa"
    latitude: 35.48333
    longitude: 137.5
    population: 55011
    dem: 338
    timezone: "Asia/Tokyo"
  - name: "Mizunami"
    latitude: 35.36667
    longitude: 137.25
    population: 42617
    dem: 157
    timezone: "Asia/Tokyo"
  - name: "Mitake"
    latitude: 35.41667
    longitude: 137.13333
    population: 19340
    dem: 232
    timezone: "Asia/Tokyo"
  - name: "Mino"
    latitude: 35.53333
    longitude: 136.91667
    population: 23566
    dem: 232
    timezone: "Asia/Tokyo"
  - name: "Kasamatsucho"
    latitude: 35.36667
    longitude: 136.76667
    population: 22671
    dem: 4
    timezone: "Asia/Tokyo"
  - name: "Kakamigahara"
    latitude: 35.41667
    longitude: 136.86667
    population: 132241
    dem: 40
    timezone: "Asia/Tokyo"
  - name: "Godo"
    latitude: 35.41667
    longitude: 136.6
    population: 20758
    dem: 17
    timezone: "Asia/Tokyo"
  - name: "Gifu-shi"
    latitude: 35.42291
    longitude: 136.76039
    population: 397714
    dem: 14
    timezone: "Asia/Tokyo"
  - name: "Minokamo"
    latitude: 35.48199
    longitude: 137.02166
    population: 51543
    dem: 175
    timezone: "Asia/Tokyo"
  - name: "Gujo"
    latitude: 35.73691
    longitude: 136.95852
    population: 46918
    dem: 314
    timezone: "Asia/Tokyo"
- name: "Shimane-ken"
  cities:
  - name: "Yasugicho"
    latitude: 35.42146
    longitude: 133.24224
    population: 29368
    dem: 2
    timezone: "Asia/Tokyo"
  - name: "Odacho-oda"
    latitude: 35.19025
    longitude: 132.50846
    population: 31867
    dem: 27
    timezone: "Asia/Tokyo"
  - name: "Matsue"
    latitude: 35.48333
    longitude: 133.05
    population: 156811
    dem: 8
    timezone: "Asia/Tokyo"
  - name: "Masuda"
    latitude: 34.66667
    longitude: 131.85
    population: 48576
    dem: 14
    timezone: "Asia/Tokyo"
  - name: "Izumo"
    latitude: 35.36667
    longitude: 132.76667
    population: 89286
    dem: 6
    timezone: "Asia/Tokyo"
  - name: "Hiratacho"
    latitude: 35.43333
    longitude: 132.81667
    population: 28154
    dem: -1
    timezone: "Asia/Tokyo"
  - name: "Hamada"
    latitude: 34.88333
    longitude: 132.08333
    population: 45750
    dem: 142
    timezone: "Asia/Tokyo"
  - name: "Gotsucho"
    latitude: 35.00856
    longitude: 132.2257
    population: 24597
    dem: 31
    timezone: "Asia/Tokyo"
- name: "Ishikawa-ken"
  cities:
  - name: "Tsurugi-asahimachi"
    latitude: 36.45
    longitude: 136.63333
    population: 22042
    dem: 159
    timezone: "Asia/Tokyo"
  - name: "Tsubata"
    latitude: 36.67012
    longitude: 136.7403
    population: 38644
    dem: 10
    timezone: "Asia/Tokyo"
  - name: "Nonoichi"
    latitude: 36.53333
    longitude: 136.61667
    population: 48354
    dem: 20
    timezone: "Asia/Tokyo"
  - name: "Nanao"
    latitude: 37.05
    longitude: 136.96667
    population: 45309
    dem: 1
    timezone: "Asia/Tokyo"
  - name: "Matsuto"
    latitude: 36.51667
    longitude: 136.56667
    population: 68159
    dem: 27
    timezone: "Asia/Tokyo"
  - name: "Komatsu"
    latitude: 36.40263
    longitude: 136.45088
    population: 109045
    dem: 7
    timezone: "Asia/Tokyo"
  - name: "Kanazawa"
    latitude: 36.6
    longitude: 136.61667
    population: 458937
    dem: -1
    timezone: "Asia/Tokyo"
  - name: "Hakui"
    latitude: 36.88333
    longitude: 136.78333
    population: 24529
    dem: 6
    timezone: "Asia/Tokyo"
- name: "Kumamoto"
  cities:
  - name: "Honmachi"
    latitude: 32.50439
    longitude: 130.59952
    population: 104341
    dem: 6
    timezone: "Asia/Tokyo"
  - name: "Yamaga"
    latitude: 33.01667
    longitude: 130.68911
    population: 32298
    dem: 35
    timezone: "Asia/Tokyo"
  - name: "Uto"
    latitude: 32.68333
    longitude: 130.66667
    population: 39234
    dem: 4
    timezone: "Asia/Tokyo"
  - name: "Ushibukamachi"
    latitude: 32.20142
    longitude: 130.02171
    population: 16667
    dem: 109
    timezone: "Asia/Tokyo"
  - name: "Uekimachi-mono"
    latitude: 32.89964
    longitude: 130.68898
    population: 31688
    dem: 100
    timezone: "Asia/Tokyo"
  - name: "Tamana"
    latitude: 32.94716
    longitude: 130.57446
    population: 45661
    dem: 5
    timezone: "Asia/Tokyo"
  - name: "Ozu"
    latitude: 32.8804
    longitude: 130.87161
    population: 29820
    dem: 124
    timezone: "Asia/Tokyo"
  - name: "Minamata"
    latitude: 32.21667
    longitude: 130.4
    population: 29428
    dem: 2
    timezone: "Asia/Tokyo"
  - name: "Matsubase"
    latitude: 32.65
    longitude: 130.66667
    population: 26163
    dem: 4
    timezone: "Asia/Tokyo"
  - name: "Kumamoto"
    latitude: 32.80589
    longitude: 130.69181
    population: 680423
    dem: 9
    timezone: "Asia/Tokyo"
  - name: "Kikuchi"
    latitude: 32.98333
    longitude: 130.81667
    population: 26677
    dem: 73
    timezone: "Asia/Tokyo"
  - name: "Hondomachi-hondo"
    latitude: 32.45993
    longitude: 130.16713
    population: 40787
    dem: 16
    timezone: "Asia/Tokyo"
  - name: "Hitoyoshi"
    latitude: 32.21667
    longitude: 130.75
    population: 38006
    dem: 130
    timezone: "Asia/Tokyo"
  - name: "Aso"
    latitude: 32.93726
    longitude: 131.08008
    population: 27978
    dem: 520
    timezone: "Asia/Tokyo"
