---
name: "Cambodia"
iso: "KH"
iso3: "KHM"
code: "116"
capital: "Phnom Penh"
area: 181040.0
population: 14453680
continent: "AS"
currencyCode: "KHR"
currencyName: "Riels"
phone: "855"
postalCodeFormat: "#####"
postalCodeRegex: "^(\\d{5})$"
languages: "km,fr,en"
neighbours: "LA,TH,VN"
regions:
- name: "Kandal"
  cities:
  - name: "Ta Khmau"
    latitude: 11.48333
    longitude: 104.95
    population: 52066
    dem: 7
    timezone: "Asia/Phnom_Penh"
- name: "Preah Vihear"
  cities:
  - name: "Tbeng Meanchey"
    latitude: 13.80731
    longitude: 104.98046
    population: 24380
    dem: 59
    timezone: "Asia/Phnom_Penh"
- name: "Pailin"
  cities:
  - name: "Pailin"
    latitude: 12.84895
    longitude: 102.60928
    population: 17850
    dem: 201
    timezone: "Asia/Phnom_Penh"
- name: "Siem Reap"
  cities:
  - name: "Siem Reap"
    latitude: 13.36179
    longitude: 103.86056
    population: 139458
    dem: 18
    timezone: "Asia/Phnom_Penh"
- name: "Pursat"
  cities:
  - name: "Pursat"
    latitude: 12.53878
    longitude: 103.9192
    population: 52476
    dem: 25
    timezone: "Asia/Phnom_Penh"
- name: "Otar Meanchey"
  cities:
  - name: "Samraong"
    latitude: 14.18175
    longitude: 103.51761
    population: 18694
    dem: 52
    timezone: "Asia/Phnom_Penh"
- name: "Kampot"
  cities:
  - name: "Kampot"
    latitude: 10.61041
    longitude: 104.18145
    population: 22691
    dem: 7
    timezone: "Asia/Phnom_Penh"
- name: "Kratie"
  cities:
  - name: "Kratie"
    latitude: 12.48811
    longitude: 106.01879
    population: 19975
    dem: 27
    timezone: "Asia/Phnom_Penh"
- name: "Kampong Chhnang"
  cities:
  - name: "Kampong Chhnang"
    latitude: 12.25
    longitude: 104.66667
    population: 75244
    dem: 21
    timezone: "Asia/Phnom_Penh"
- name: "Svay Rieng"
  cities:
  - name: "Svay Rieng"
    latitude: 11.08785
    longitude: 105.79935
    population: 23956
    dem: 12
    timezone: "Asia/Phnom_Penh"
- name: "Stung Treng"
  cities:
  - name: "Stung Treng"
    latitude: 13.52586
    longitude: 105.9683
    population: 25000
    dem: 55
    timezone: "Asia/Phnom_Penh"
- name: "Ratanakiri"
  cities:
  - name: "Lumphat"
    latitude: 13.49146
    longitude: 106.98022
    population: 19205
    dem: 101
    timezone: "Asia/Phnom_Penh"
  - name: "Banlung"
    latitude: 13.73939
    longitude: 106.98727
    population: 17000
    dem: 316
    timezone: "Asia/Phnom_Penh"
- name: "Kep"
  cities:
  - name: "Krong Kep"
    latitude: 10.48291
    longitude: 104.31672
    population: 11658
    dem: 8
    timezone: "Asia/Phnom_Penh"
- name: "Kampong Thom"
  cities:
  - name: "Kampong Thom"
    latitude: 12.71112
    longitude: 104.88873
    population: 19951
    dem: 16
    timezone: "Asia/Phnom_Penh"
- name: "Prey Veng"
  cities:
  - name: "Prey Veng"
    latitude: 11.48682
    longitude: 105.32533
    population: 33079
    dem: 13
    timezone: "Asia/Phnom_Penh"
- name: "Koh Kong"
  cities:
  - name: "Koh Kong"
    latitude: 11.61531
    longitude: 102.9838
    population: 33134
    dem: 5
    timezone: "Asia/Phnom_Penh"
  - name: "Smach Mean Chey"
    latitude: 11.54665
    longitude: 103.03569
    population: 29329
    elevation: 5
    dem: 5
    timezone: "Asia/Phnom_Penh"
- name: "Battambang"
  cities:
  - name: "Battambang"
    latitude: 13.10271
    longitude: 103.19822
    population: 150444
    dem: 18
    timezone: "Asia/Phnom_Penh"
- name: "Kampong Cham"
  cities:
  - name: "Kampong Cham"
    latitude: 11.99339
    longitude: 105.4635
    population: 61750
    dem: 23
    timezone: "Asia/Phnom_Penh"
- name: "Preah Sihanouk"
  cities:
  - name: "Sihanoukville"
    latitude: 10.60932
    longitude: 103.52958
    population: 156691
    dem: 6
    timezone: "Asia/Phnom_Penh"
- name: "Phnom Penh"
  cities:
  - name: "Phnom Penh"
    latitude: 11.56245
    longitude: 104.91601
    population: 1573544
    dem: 20
    timezone: "Asia/Phnom_Penh"
- name: "Mondolkiri"
  cities:
  - name: "Sen Monorom"
    latitude: 12.45583
    longitude: 107.18811
    population: 7944
    dem: 678
    timezone: "Asia/Phnom_Penh"
- name: "Takeo"
  cities:
  - name: "Takeo"
    latitude: 10.99081
    longitude: 104.78498
    population: 843931
    dem: 12
    timezone: "Asia/Phnom_Penh"
  - name: "Phumi Veal Sre"
    latitude: 10.98081
    longitude: 104.77828
    population: 44270
    dem: 10
    timezone: "Asia/Phnom_Penh"
- name: "Kampong Speu"
  cities:
  - name: "Kampong Speu"
    latitude: 11.45332
    longitude: 104.52085
    population: 33231
    dem: 35
    timezone: "Asia/Phnom_Penh"
- name: "Tboung Khmum"
  cities:
  - name: "Suong"
    latitude: 11.91178
    longitude: 105.65821
    population: 30000
    dem: 26
    timezone: "Asia/Phnom_Penh"
- name: "Banteay Meanchey"
  cities:
  - name: "Sisophon"
    latitude: 13.58588
    longitude: 102.97369
    population: 23218
    dem: 19
    timezone: "Asia/Phnom_Penh"
  - name: "Paoy Paet"
    latitude: 13.65805
    longitude: 102.56365
    population: 79000
    dem: 43
    timezone: "Asia/Phnom_Penh"
