---
name: "Liberia"
iso: "LR"
iso3: "LBR"
code: "430"
capital: "Monrovia"
area: 111370.0
population: 3685076
continent: "AF"
currencyCode: "LRD"
currencyName: "Dollar"
phone: "231"
postalCodeFormat: "####"
postalCodeRegex: "^(\\d{4})$"
languages: "en-LR"
neighbours: "SL,CI,GN"
regions:
- name: "River Gee County"
  cities:
  - name: "Fish Town"
    latitude: 5.19739
    longitude: -7.87579
    population: 3328
    dem: 199
    timezone: "Africa/Monrovia"
- name: "Sinoe County"
  cities:
  - name: "Greenville"
    latitude: 5.01133
    longitude: -9.0388
    population: 16434
    dem: 10
    timezone: "Africa/Monrovia"
- name: "Grand Gedeh County"
  cities:
  - name: "Zwedru"
    latitude: 6.06846
    longitude: -8.13559
    population: 25678
    dem: 221
    timezone: "Africa/Monrovia"
- name: "Maryland County"
  cities:
  - name: "Harper"
    latitude: 4.3782
    longitude: -7.71081
    population: 32661
    dem: 14
    timezone: "Africa/Monrovia"
- name: "Bong County"
  cities:
  - name: "Gbarnga"
    latitude: 6.99543
    longitude: -9.47122
    population: 45835
    dem: 253
    timezone: "Africa/Monrovia"
- name: "Grand Kru County"
  cities:
  - name: "Barclayville"
    latitude: 4.67443
    longitude: -8.23306
    population: 2733
    dem: 20
    timezone: "Africa/Monrovia"
- name: "Nimba County"
  cities:
  - name: "New Yekepa"
    latitude: 7.57944
    longitude: -8.53778
    population: 24695
    dem: 510
    timezone: "Africa/Monrovia"
  - name: "Sanniquellie"
    latitude: 7.36215
    longitude: -8.71326
    population: 11415
    dem: 430
    timezone: "Africa/Monrovia"
  - name: "Ganta"
    latitude: 7.30222
    longitude: -8.53083
    population: 13802
    dem: 408
    timezone: "Africa/Monrovia"
- name: "Gbarpolu County"
  cities:
  - name: "Bopolu"
    latitude: 7.06667
    longitude: -10.4875
    population: 2908
    dem: 179
    timezone: "Africa/Monrovia"
- name: "Bomi County"
  cities:
  - name: "Tubmanburg"
    latitude: 6.87064
    longitude: -10.8211
    population: 3155
    dem: 71
    timezone: "Africa/Monrovia"
- name: "River Cess County"
  cities:
  - name: "Cestos City"
    latitude: 5.45683
    longitude: -9.58167
    population: 2578
    dem: 5
    timezone: "Africa/Monrovia"
- name: "Grand Cape Mount County"
  cities:
  - name: "Robertsport"
    latitude: 6.75329
    longitude: -11.3671
    population: 11969
    dem: 25
    timezone: "Africa/Monrovia"
- name: "Grand Bassa County"
  cities:
  - name: "Buchanan"
    latitude: 5.87693
    longitude: -10.04964
    population: 25731
    dem: 78
    timezone: "Africa/Monrovia"
- name: "Lofa County"
  cities:
  - name: "Voinjama"
    latitude: 8.42194
    longitude: -9.74778
    population: 26594
    dem: 550
    timezone: "Africa/Monrovia"
- name: "Montserrado County"
  cities:
  - name: "Monrovia"
    latitude: 6.30054
    longitude: -10.7969
    population: 939524
    dem: 32
    timezone: "Africa/Monrovia"
  - name: "Bensonville"
    latitude: 6.44716
    longitude: -10.61283
    population: 33188
    dem: 54
    timezone: "Africa/Monrovia"
- name: "Margibi County"
  cities:
  - name: "Kakata"
    latitude: 6.53104
    longitude: -10.35368
    population: 33945
    dem: 97
    timezone: "Africa/Monrovia"
