---
name: "North Macedonia"
iso: "MK"
iso3: "MKD"
code: "807"
capital: "Skopje"
area: 25333.0
population: 2062294
continent: "EU"
currencyCode: "MKD"
currencyName: "Denar"
phone: "389"
postalCodeFormat: "####"
postalCodeRegex: "^(\\d{4})$"
languages: "mk,sq,tr,rmm,sr"
neighbours: "AL,GR,BG,RS,XK"
regions:
- name: "Suto Orizari"
  cities:
  - name: "Suto Orizare"
    latitude: 42.04
    longitude: 21.425
    population: 20800
    dem: 307
    timezone: "Europe/Skopje"
- name: "Saraj"
  cities:
  - name: "Kondovo"
    latitude: 42.01167
    longitude: 21.31361
    population: 11656
    dem: 285
    timezone: "Europe/Skopje"
- name: "Opstina Pehcevo"
  cities:
  - name: "Pehcevo"
    latitude: 41.76226
    longitude: 22.88921
    population: 2440
    dem: 1002
    timezone: "Europe/Skopje"
- name: "Veles"
  cities:
  - name: "Veles"
    latitude: 41.71556
    longitude: 21.77556
    population: 57873
    dem: 210
    timezone: "Europe/Skopje"
- name: "Opstina Radovis"
  cities:
  - name: "Radovis"
    latitude: 41.63833
    longitude: 22.46472
    population: 24984
    dem: 382
    timezone: "Europe/Skopje"
- name: "Opstina Aracinovo"
  cities:
  - name: "Arachinovo"
    latitude: 42.02639
    longitude: 21.56194
    population: 12800
    dem: 271
    timezone: "Europe/Skopje"
- name: "Opstina Dojran"
  cities:
  - name: "Star Dojran"
    latitude: 41.18647
    longitude: 22.7203
    population: 3348
    dem: 168
    timezone: "Europe/Skopje"
- name: "Mogila"
  cities:
  - name: "Mogila"
    latitude: 41.10833
    longitude: 21.37861
    population: 4392
    dem: 588
    timezone: "Europe/Skopje"
- name: "Kratovo"
  cities:
  - name: "Kratovo"
    latitude: 42.07838
    longitude: 22.1807
    population: 10288
    dem: 615
    timezone: "Europe/Skopje"
- name: "Novo Selo"
  cities:
  - name: "Novo Selo"
    latitude: 41.41486
    longitude: 22.88164
    population: 11818
    dem: 240
    timezone: "Europe/Skopje"
- name: "Bogovinje"
  cities:
  - name: "Kamenjane"
    latitude: 41.94568
    longitude: 20.92894
    population: 15376
    dem: 485
    timezone: "Europe/Skopje"
  - name: "Bogovinje"
    latitude: 41.92361
    longitude: 20.91361
    population: 15166
    dem: 539
    timezone: "Europe/Skopje"
- name: "Rosoman"
  cities:
  - name: "Rosoman"
    latitude: 41.51671
    longitude: 21.94585
    population: 4106
    dem: 143
    timezone: "Europe/Skopje"
- name: "Demir Hisar"
  cities:
  - name: "Demir Hisar"
    latitude: 41.22097
    longitude: 21.20302
    population: 2283
    dem: 644
    timezone: "Europe/Skopje"
- name: "Lozovo"
  cities:
  - name: "Lozovo"
    latitude: 41.78389
    longitude: 21.90556
    population: 2836
    dem: 287
    timezone: "Europe/Skopje"
- name: "Gevgelija"
  cities:
  - name: "Gevgelija"
    latitude: 41.14166
    longitude: 22.50141
    population: 20664
    dem: 62
    timezone: "Europe/Skopje"
- name: "Vasilevo"
  cities:
  - name: "Vasilevo"
    latitude: 41.47408
    longitude: 22.64301
    population: 12382
    dem: 234
    timezone: "Europe/Skopje"
- name: "Opstina Krusevo"
  cities:
  - name: "Krusevo"
    latitude: 41.36889
    longitude: 21.24889
    population: 5211
    dem: 1207
    timezone: "Europe/Skopje"
- name: "Negotino"
  cities:
  - name: "Negotino"
    latitude: 41.48456
    longitude: 22.09056
    population: 19515
    dem: 144
    timezone: "Europe/Skopje"
- name: "Ilinden"
  cities:
  - name: "Ilinden"
    latitude: 41.99451
    longitude: 21.58002
    population: 16406
    dem: 228
    timezone: "Europe/Skopje"
- name: "Opstina Mavrovo i Rostusa"
  cities:
  - name: "Rostusa"
    latitude: 41.61
    longitude: 20.6
    population: 9147
    dem: 789
    timezone: "Europe/Skopje"
- name: "Strumica"
  cities:
  - name: "Strumica"
    latitude: 41.4375
    longitude: 22.64333
    population: 45508
    dem: 228
    timezone: "Europe/Skopje"
- name: "Drugovo"
- name: "Aerodrom"
- name: "Opstina Centar Zupa"
  cities:
  - name: "Centar Zupa"
    latitude: 41.47849
    longitude: 20.55945
    population: 45412
    dem: 738
    timezone: "Europe/Skopje"
- name: "Zrnovci"
  cities:
  - name: "Zrnovci"
    latitude: 41.85417
    longitude: 22.44444
    population: 3236
    dem: 361
    timezone: "Europe/Skopje"
- name: "Debar"
  cities:
  - name: "Debar"
    latitude: 41.52444
    longitude: 20.52421
    population: 18074
    dem: 655
    timezone: "Europe/Skopje"
- name: "Opstina Sopiste"
  cities:
  - name: "Sopishte"
    latitude: 41.95472
    longitude: 21.4275
    population: 9460
    dem: 501
    timezone: "Europe/Skopje"
- name: "Grad Skopje"
  cities:
  - name: "Saraj"
    latitude: 42.0
    longitude: 21.32778
    population: 25379
    dem: 271
    timezone: "Europe/Skopje"
  - name: "Dracevo"
    latitude: 41.93667
    longitude: 21.52167
    population: 10605
    dem: 239
    timezone: "Europe/Skopje"
- name: "Bitola"
  cities:
  - name: "Bitola"
    latitude: 41.03143
    longitude: 21.33474
    population: 86528
    dem: 615
    timezone: "Europe/Skopje"
- name: "Jegunovce"
  cities:
  - name: "Jegunovce"
    latitude: 42.07238
    longitude: 21.12367
    population: 7313
    dem: 393
    timezone: "Europe/Skopje"
- name: "Plasnica"
  cities:
  - name: "Plasnica"
    latitude: 41.46722
    longitude: 21.12306
    population: 4574
    dem: 686
    timezone: "Europe/Skopje"
- name: "Opstina Caska"
  cities:
  - name: "Caska"
    latitude: 41.65056
    longitude: 21.66222
    population: 2878
    dem: 344
    timezone: "Europe/Skopje"
- name: "Brvenica"
  cities:
  - name: "Brvenica"
    latitude: 41.96722
    longitude: 20.98083
    population: 16267
    dem: 435
    timezone: "Europe/Skopje"
- name: "Vinica"
  cities:
  - name: "Vinica"
    latitude: 41.88278
    longitude: 22.50917
    population: 18218
    dem: 407
    timezone: "Europe/Skopje"
- name: "Novaci"
  cities:
  - name: "Novaci"
    latitude: 41.04197
    longitude: 21.45866
    population: 2357
    dem: 581
    timezone: "Europe/Skopje"
- name: "Opstina Vrapciste"
  cities:
  - name: "Vrapciste"
    latitude: 41.83439
    longitude: 20.88563
    population: 8652
    dem: 571
    timezone: "Europe/Skopje"
  - name: "Negotino"
    latitude: 41.87792
    longitude: 20.88389
    population: 17518
    dem: 576
    timezone: "Europe/Skopje"
- name: "Opstina Studenicani"
  cities:
  - name: "Studenichani"
    latitude: 41.91583
    longitude: 21.53056
    population: 18219
    dem: 292
    timezone: "Europe/Skopje"
- name: "Makedonska Kamenica"
  cities:
  - name: "Makedonska Kamenica"
    latitude: 42.02079
    longitude: 22.5876
    population: 8114
    dem: 531
    timezone: "Europe/Skopje"
- name: "Oslomej"
- name: "Opstina Zelino"
  cities:
  - name: "Zelino"
    latitude: 41.98028
    longitude: 21.06417
    population: 25422
    dem: 448
    timezone: "Europe/Skopje"
- name: "Opstina Probistip"
  cities:
  - name: "Probishtip"
    latitude: 42.00306
    longitude: 22.17861
    population: 12702
    dem: 589
    timezone: "Europe/Skopje"
- name: "Makedonski Brod"
  cities:
  - name: "Makedonski Brod"
    latitude: 41.51361
    longitude: 21.21528
    population: 5607
    dem: 552
    timezone: "Europe/Skopje"
- name: "Opstina Stip"
  cities:
  - name: "Shtip"
    latitude: 41.74583
    longitude: 22.19583
    population: 48279
    dem: 294
    timezone: "Europe/Skopje"
- name: "Resen"
  cities:
  - name: "Resen"
    latitude: 41.08934
    longitude: 21.01092
    population: 16539
    dem: 882
    timezone: "Europe/Skopje"
- name: "Kisela Voda"
  cities:
  - name: "Kisela Voda"
    latitude: 41.94889
    longitude: 21.50278
    population: 58216
    dem: 239
    timezone: "Europe/Skopje"
- name: "Tearce"
  cities:
  - name: "Tearce"
    latitude: 42.07666
    longitude: 21.0531
    population: 23096
    dem: 516
    timezone: "Europe/Skopje"
- name: "Opstina Lipkovo"
  cities:
  - name: "Lipkovo"
    latitude: 42.15639
    longitude: 21.58528
    population: 28102
    dem: 441
    timezone: "Europe/Skopje"
- name: "Debarca"
  cities:
  - name: "Belcista"
    latitude: 41.30278
    longitude: 20.83028
    population: 2804
    dem: 770
    timezone: "Europe/Skopje"
- name: "Opstina Krivogastani"
  cities:
  - name: "Krivogashtani"
    latitude: 41.33611
    longitude: 21.33306
    population: 5899
    dem: 607
    timezone: "Europe/Skopje"
- name: "Opstina Konce"
  cities:
  - name: "Konce"
    latitude: 41.49511
    longitude: 22.38359
    population: 3475
    dem: 580
    timezone: "Europe/Skopje"
- name: "Bosilovo"
  cities:
  - name: "Bosilovo"
    latitude: 41.44056
    longitude: 22.72778
    population: 12447
    dem: 216
    timezone: "Europe/Skopje"
- name: "Gazi Baba"
- name: "Prilep"
  cities:
  - name: "Prilep"
    latitude: 41.34514
    longitude: 21.55504
    population: 73814
    dem: 652
    timezone: "Europe/Skopje"
- name: "Bogdanci"
  cities:
  - name: "Bogdanci"
    latitude: 41.20306
    longitude: 22.57556
    population: 8636
    dem: 97
    timezone: "Europe/Skopje"
- name: "Opstina Cucer-Sandevo"
  cities:
  - name: "Chucher-Sandevo"
    latitude: 42.10361
    longitude: 21.38222
    population: 8646
    dem: 525
    timezone: "Europe/Skopje"
- name: "Gradsko"
  cities:
  - name: "Gradsko"
    latitude: 41.5775
    longitude: 21.94278
    population: 3737
    dem: 159
    timezone: "Europe/Skopje"
- name: "Opstina Karpos"
  cities:
  - name: "Skopje"
    latitude: 41.99646
    longitude: 21.43141
    population: 474889
    dem: 247
    timezone: "Europe/Skopje"
- name: "Opstina Gjorce Petrov"
  cities:
  - name: "Gjorce Petro"
    latitude: 42.00778
    longitude: 21.35306
    population: 41000
    dem: 263
    timezone: "Europe/Skopje"
- name: "Kumanovo"
  cities:
  - name: "Kumanovo"
    latitude: 42.13222
    longitude: 21.71444
    population: 76275
    dem: 344
    timezone: "Europe/Skopje"
- name: "Opstina Centar"
- name: "Opstina Rankovce"
  cities:
  - name: "Rankovce"
    latitude: 42.16964
    longitude: 22.11617
    population: 4071
    dem: 472
    timezone: "Europe/Skopje"
- name: "Struga"
  cities:
  - name: "Velesta"
    latitude: 41.24083
    longitude: 20.64389
    population: 8646
    dem: 716
    timezone: "Europe/Skopje"
  - name: "Struga"
    latitude: 41.17799
    longitude: 20.67784
    population: 37387
    dem: 696
    timezone: "Europe/Skopje"
  - name: "Labunista"
    latitude: 41.26861
    longitude: 20.59611
    population: 8805
    dem: 865
    timezone: "Europe/Skopje"
  - name: "Delogozda"
    latitude: 41.25728
    longitude: 20.7218
    population: 8413
    dem: 773
    timezone: "Europe/Skopje"
- name: "Cair"
  cities:
  - name: "Cair"
    latitude: 42.01528
    longitude: 21.44111
    population: 64773
    dem: 270
    timezone: "Europe/Skopje"
- name: "Opstina Vevcani"
  cities:
  - name: "Vevcani"
    latitude: 41.24056
    longitude: 20.59333
    population: 2429
    dem: 867
    timezone: "Europe/Skopje"
- name: "Valandovo"
  cities:
  - name: "Valandovo"
    latitude: 41.31744
    longitude: 22.56002
    population: 3798
    dem: 127
    timezone: "Europe/Skopje"
- name: "Gostivar"
  cities:
  - name: "Vrutok"
    latitude: 41.76861
    longitude: 20.83917
    population: 5999
    dem: 677
    timezone: "Europe/Skopje"
  - name: "Gostivar"
    latitude: 41.79601
    longitude: 20.90819
    population: 50974
    dem: 535
    timezone: "Europe/Skopje"
  - name: "Dolna Banjica"
    latitude: 41.78611
    longitude: 20.90611
    population: 10147
    dem: 540
    timezone: "Europe/Skopje"
  - name: "Cegrane"
    latitude: 41.83889
    longitude: 20.97583
    population: 12523
    dem: 488
    timezone: "Europe/Skopje"
- name: "Zelenikovo"
  cities:
  - name: "Zelenikovo"
    latitude: 41.88413
    longitude: 21.58848
    population: 4020
    dem: 223
    timezone: "Europe/Skopje"
- name: "Opstina Staro Nagoricane"
  cities:
  - name: "Staro Nagorichane"
    latitude: 42.19806
    longitude: 21.82861
    population: 4112
    dem: 427
    timezone: "Europe/Skopje"
- name: "Opstina Vranestica"
- name: "Karbinci"
  cities:
  - name: "Karbinci"
    latitude: 41.81758
    longitude: 22.23529
    population: 3900
    dem: 288
    timezone: "Europe/Skopje"
- name: "Opstina Delcevo"
  cities:
  - name: "Delcevo"
    latitude: 41.96722
    longitude: 22.76944
    population: 17415
    dem: 593
    timezone: "Europe/Skopje"
- name: "Sveti Nikole"
  cities:
  - name: "Sveti Nikole"
    latitude: 41.86956
    longitude: 21.95274
    population: 13292
    dem: 297
    timezone: "Europe/Skopje"
- name: "Opstina Kicevo"
  cities:
  - name: "Zajas"
    latitude: 41.60722
    longitude: 20.93833
    population: 12218
    dem: 748
    timezone: "Europe/Skopje"
  - name: "Kicevo"
    latitude: 41.51267
    longitude: 20.95886
    population: 31123
    dem: 615
    timezone: "Europe/Skopje"
- name: "Petrovec"
  cities:
  - name: "Petrovec"
    latitude: 41.93889
    longitude: 21.615
    population: 8298
    dem: 225
    timezone: "Europe/Skopje"
- name: "Demir Kapija"
  cities:
  - name: "Demir Kapija"
    latitude: 41.40613
    longitude: 22.24631
    population: 4451
    dem: 105
    timezone: "Europe/Skopje"
- name: "Opstina Kocani"
  cities:
  - name: "Kochani"
    latitude: 41.91639
    longitude: 22.41278
    population: 34258
    dem: 354
    timezone: "Europe/Skopje"
- name: "Butel"
  cities:
  - name: "Butel"
    latitude: 42.03083
    longitude: 21.44667
    population: 36154
    dem: 288
    timezone: "Europe/Skopje"
- name: "Tetovo"
  cities:
  - name: "Tetovo"
    latitude: 42.00973
    longitude: 20.97155
    population: 72944
    dem: 466
    timezone: "Europe/Skopje"
  - name: "Sipkovica"
    latitude: 42.035
    longitude: 20.91556
    population: 8228
    dem: 1086
    timezone: "Europe/Skopje"
  - name: "Dzepciste"
    latitude: 42.03287
    longitude: 20.99817
    population: 8166
    dem: 483
    timezone: "Europe/Skopje"
- name: "Berovo"
  cities:
  - name: "Berovo"
    latitude: 41.70306
    longitude: 22.85778
    population: 13847
    dem: 862
    timezone: "Europe/Skopje"
- name: "Cesinovo-Oblesevo"
- name: "Kriva Palanka"
  cities:
  - name: "Kriva Palanka"
    latitude: 42.20088
    longitude: 22.33244
    population: 20820
    dem: 635
    timezone: "Europe/Skopje"
- name: "Ohrid"
  cities:
  - name: "Ohrid"
    latitude: 41.11722
    longitude: 20.80194
    population: 54908
    dem: 701
    timezone: "Europe/Skopje"
- name: "Dolneni"
  cities:
  - name: "Dolneni"
    latitude: 41.42579
    longitude: 21.45402
    population: 11534
    dem: 620
    timezone: "Europe/Skopje"
- name: "Kavadarci"
  cities:
  - name: "Kavadarci"
    latitude: 41.43306
    longitude: 22.01194
    population: 38799
    dem: 276
    timezone: "Europe/Skopje"
- name: "Zajas"
