---
name: "Nicaragua"
iso: "NI"
iso3: "NIC"
code: "558"
capital: "Managua"
area: 129494.0
population: 5995928
continent: "NA"
currencyCode: "NIO"
currencyName: "Cordoba"
phone: "505"
postalCodeFormat: "###-###-#"
postalCodeRegex: "^(\\d{7})$"
languages: "es-NI,en"
neighbours: "CR,HN"
regions:
- name: "Departamento de Managua"
  cities:
  - name: "Tipitapa"
    latitude: 12.19732
    longitude: -86.09706
    population: 50000
    dem: 54
    timezone: "America/Managua"
  - name: "Ticuantepe"
    latitude: 12.02263
    longitude: -86.20493
    population: 13209
    dem: 302
    timezone: "America/Managua"
  - name: "San Rafael del Sur"
    latitude: 11.84854
    longitude: -86.43839
    population: 29836
    dem: 126
    timezone: "America/Managua"
  - name: "Managua"
    latitude: 12.13282
    longitude: -86.2504
    population: 973087
    dem: 108
    timezone: "America/Managua"
  - name: "El Crucero"
    latitude: 11.99008
    longitude: -86.30954
    population: 16469
    dem: 930
    timezone: "America/Managua"
  - name: "Villa El Carmen"
    latitude: 11.98009
    longitude: -86.50571
    population: 5219
    dem: 107
    timezone: "America/Managua"
  - name: "Ciudad Sandino"
    latitude: 12.15889
    longitude: -86.34417
    population: 50000
    dem: 105
    timezone: "America/Managua"
- name: "Departamento de Chontales"
  cities:
  - name: "Villa Sandino"
    latitude: 12.0483
    longitude: -84.99362
    population: 7799
    dem: 306
    timezone: "America/Managua"
  - name: "Santo Tomas"
    latitude: 12.06938
    longitude: -85.09059
    population: 14809
    dem: 412
    timezone: "America/Managua"
  - name: "Santo Domingo"
    latitude: 12.26438
    longitude: -85.08235
    population: 5827
    dem: 503
    timezone: "America/Managua"
  - name: "Juigalpa"
    latitude: 12.10629
    longitude: -85.36452
    population: 50000
    dem: 123
    timezone: "America/Managua"
  - name: "El Ayote"
    latitude: 12.19046
    longitude: -85.28737
    population: 5406
    dem: 504
    timezone: "America/Managua"
  - name: "Acoyapa"
    latitude: 11.97028
    longitude: -85.17113
    population: 10563
    dem: 101
    timezone: "America/Managua"
- name: "Departamento de Nueva Segovia"
  cities:
  - name: "Wiwili"
    latitude: 13.62679
    longitude: -85.8254
    population: 6955
    dem: 313
    timezone: "America/Managua"
  - name: "Quilali"
    latitude: 13.56695
    longitude: -86.026
    population: 13590
    dem: 412
    timezone: "America/Managua"
  - name: "Ocotal"
    latitude: 13.63208
    longitude: -86.47516
    population: 33928
    dem: 611
    timezone: "America/Managua"
  - name: "Jalapa"
    latitude: 13.92221
    longitude: -86.12346
    population: 24037
    dem: 686
    timezone: "America/Managua"
- name: "Departamento de Jinotega"
  cities:
  - name: "San Rafael del Norte"
    latitude: 13.21248
    longitude: -86.11089
    population: 5458
    dem: 1081
    timezone: "America/Managua"
  - name: "Jinotega"
    latitude: 13.09103
    longitude: -86.00234
    population: 55000
    elevation: 1007
    dem: 1020
    timezone: "America/Managua"
  - name: "Las Praderas"
    latitude: 13.17
    longitude: -85.85
    population: 7836
    dem: 1009
    timezone: "America/Managua"
- name: "Departamento de Boaco"
  cities:
  - name: "San Lorenzo"
    latitude: 12.3783
    longitude: -85.66646
    population: 8694
    dem: 381
    timezone: "America/Managua"
  - name: "Camoapa"
    latitude: 12.38383
    longitude: -85.51277
    population: 16653
    dem: 571
    timezone: "America/Managua"
  - name: "Boaco"
    latitude: 12.47224
    longitude: -85.6586
    population: 29046
    dem: 380
    timezone: "America/Managua"
- name: "Departamento de Madriz"
  cities:
  - name: "Somoto"
    latitude: 13.48082
    longitude: -86.58208
    population: 20316
    dem: 711
    timezone: "America/Managua"
- name: "Departamento de Rivas"
  cities:
  - name: "San Juan del Sur"
    latitude: 11.25292
    longitude: -85.87049
    population: 7790
    dem: 9
    timezone: "America/Managua"
  - name: "San Jorge"
    latitude: 11.45584
    longitude: -85.80308
    population: 7158
    dem: 54
    timezone: "America/Managua"
  - name: "Rivas"
    latitude: 11.43716
    longitude: -85.82632
    population: 30000
    dem: 63
    timezone: "America/Managua"
  - name: "Potosi"
    latitude: 11.49416
    longitude: -85.8568
    population: 5222
    dem: 63
    timezone: "America/Managua"
  - name: "Belen"
    latitude: 11.50299
    longitude: -85.88935
    population: 5415
    dem: 84
    timezone: "America/Managua"
- name: "Costa Caribe Sur"
  cities:
  - name: "El Rama"
    latitude: 12.15965
    longitude: -84.21952
    population: 20456
    dem: 14
    timezone: "America/Managua"
  - name: "Nueva Guinea"
    latitude: 11.68758
    longitude: -84.45616
    population: 52929
    dem: 212
    timezone: "America/Managua"
  - name: "Laguna de Perlas"
    latitude: 12.34294
    longitude: -83.67123
    population: 6809
    dem: 10
    timezone: "America/Managua"
  - name: "Corn Island"
    latitude: 12.17575
    longitude: -83.06145
    population: 8011
    dem: -9999
    timezone: "America/Managua"
  - name: "Bocana de Paiwas"
    latitude: 12.78571
    longitude: -85.12269
    population: 7872
    dem: 146
    timezone: "America/Managua"
  - name: "Bluefields"
    latitude: 12.01366
    longitude: -83.76353
    population: 44373
    dem: 16
    timezone: "America/Managua"
- name: "Departamento de Chinandega"
  cities:
  - name: "Somotillo"
    latitude: 13.04387
    longitude: -86.90506
    population: 15385
    dem: 46
    timezone: "America/Managua"
  - name: "Puerto Morazan"
    latitude: 12.85042
    longitude: -87.17167
    population: 7671
    dem: 9
    timezone: "America/Managua"
  - name: "Posoltega"
    latitude: 12.54422
    longitude: -86.97982
    population: 6403
    dem: 76
    timezone: "America/Managua"
  - name: "El Viejo"
    latitude: 12.66348
    longitude: -87.16663
    population: 53504
    dem: 47
    timezone: "America/Managua"
  - name: "El Realejo"
    latitude: 12.54333
    longitude: -87.16517
    population: 6208
    dem: 11
    timezone: "America/Managua"
  - name: "Corinto"
    latitude: 12.4825
    longitude: -87.17304
    population: 19183
    dem: 8
    timezone: "America/Managua"
  - name: "Chinandega"
    latitude: 12.62937
    longitude: -87.13105
    population: 126387
    dem: 69
    timezone: "America/Managua"
  - name: "Chichigalpa"
    latitude: 12.57758
    longitude: -87.02705
    population: 33137
    dem: 89
    timezone: "America/Managua"
- name: "Departamento de Granada"
  cities:
  - name: "Nandaime"
    latitude: 11.75696
    longitude: -86.05286
    population: 20810
    dem: 142
    timezone: "America/Managua"
  - name: "Granada"
    latitude: 11.92988
    longitude: -85.95602
    population: 89409
    dem: 62
    timezone: "America/Managua"
  - name: "Diriomo"
    latitude: 11.87631
    longitude: -86.05184
    population: 10113
    dem: 338
    timezone: "America/Managua"
- name: "Departamento de Matagalpa"
  cities:
  - name: "Rio Blanco"
    latitude: 12.93435
    longitude: -85.22354
    population: 17018
    dem: 265
    timezone: "America/Managua"
  - name: "Matiguas"
    latitude: 12.83734
    longitude: -85.46218
    population: 10523
    dem: 300
    timezone: "America/Managua"
  - name: "Matagalpa"
    latitude: 12.92559
    longitude: -85.91747
    population: 109089
    dem: 686
    timezone: "America/Managua"
  - name: "Ciudad Dario"
    latitude: 12.73143
    longitude: -86.12402
    population: 13318
    dem: 456
    timezone: "America/Managua"
- name: "Departamento de Masaya"
  cities:
  - name: "Tisma"
    latitude: 12.08194
    longitude: -86.01739
    population: 5182
    dem: 53
    timezone: "America/Managua"
  - name: "Niquinohomo"
    latitude: 11.90518
    longitude: -86.09446
    population: 7732
    elevation: 468
    dem: 468
    timezone: "America/Managua"
  - name: "Nindiri"
    latitude: 12.00386
    longitude: -86.12128
    population: 7073
    dem: 223
    timezone: "America/Managua"
  - name: "Nandasmo"
    latitude: 11.92411
    longitude: -86.12072
    population: 6934
    dem: 425
    timezone: "America/Managua"
  - name: "Masaya"
    latitude: 11.97444
    longitude: -86.09417
    population: 130113
    dem: 239
    timezone: "America/Managua"
  - name: "Masatepe"
    latitude: 11.91445
    longitude: -86.14458
    population: 21452
    dem: 454
    timezone: "America/Managua"
  - name: "La Concepcion"
    latitude: 11.93711
    longitude: -86.18976
    population: 6946
    dem: 538
    timezone: "America/Managua"
- name: "Departamento de Esteli"
  cities:
  - name: "Esteli"
    latitude: 13.09185
    longitude: -86.35384
    population: 96422
    dem: 840
    timezone: "America/Managua"
  - name: "Condega"
    latitude: 13.36502
    longitude: -86.39846
    population: 11000
    dem: 559
    timezone: "America/Managua"
- name: "Departamento de Rio San Juan"
  cities:
  - name: "San Carlos"
    latitude: 11.1236
    longitude: -84.77795
    population: 13451
    dem: 51
    timezone: "America/Managua"
- name: "Departamento de Leon"
  cities:
  - name: "Telica"
    latitude: 12.522
    longitude: -86.85938
    population: 8776
    dem: 131
    timezone: "America/Managua"
  - name: "Nagarote"
    latitude: 12.26593
    longitude: -86.56474
    population: 26270
    dem: 86
    timezone: "America/Managua"
  - name: "Leon"
    latitude: 12.43787
    longitude: -86.87804
    population: 144538
    dem: 107
    timezone: "America/Managua"
  - name: "Larreynaga"
    latitude: 12.67692
    longitude: -86.57193
    population: 7703
    dem: 97
    timezone: "America/Managua"
  - name: "La Paz Centro"
    latitude: 12.34
    longitude: -86.67528
    population: 23481
    dem: 73
    timezone: "America/Managua"
  - name: "El Sauce"
    latitude: 12.88687
    longitude: -86.53903
    population: 11898
    dem: 173
    timezone: "America/Managua"
- name: "Departamento de Carazo"
  cities:
  - name: "Santa Teresa"
    latitude: 11.74321
    longitude: -86.21413
    population: 5789
    dem: 184
    timezone: "America/Managua"
  - name: "San Marcos"
    latitude: 11.90949
    longitude: -86.20351
    population: 23347
    dem: 554
    timezone: "America/Managua"
  - name: "Jinotepe"
    latitude: 11.84962
    longitude: -86.19903
    population: 29507
    dem: 569
    timezone: "America/Managua"
  - name: "Dolores"
    latitude: 11.85672
    longitude: -86.21552
    population: 7065
    dem: 585
    timezone: "America/Managua"
  - name: "Diriamba"
    latitude: 11.85812
    longitude: -86.23922
    population: 35008
    dem: 583
    timezone: "America/Managua"
- name: "North Atlantic Autonomous Region"
  cities:
  - name: "Waspan"
    latitude: 14.74189
    longitude: -83.9717
    population: 6403
    dem: 46
    timezone: "America/Managua"
  - name: "Waslala"
    latitude: 13.23333
    longitude: -85.38333
    population: 6498
    dem: 316
    timezone: "America/Managua"
  - name: "Siuna"
    latitude: 13.73321
    longitude: -84.77725
    population: 16056
    dem: 193
    timezone: "America/Managua"
  - name: "Puerto Cabezas"
    latitude: 14.03507
    longitude: -83.38882
    population: 33635
    dem: 8
    timezone: "America/Managua"
  - name: "Bonanza"
    latitude: 14.02885
    longitude: -84.59103
    population: 6315
    dem: 189
    timezone: "America/Managua"
