---
name: "New Zealand"
iso: "NZ"
iso3: "NZL"
code: "554"
capital: "Wellington"
area: 268680.0
population: 4252277
continent: "OC"
currencyCode: "NZD"
currencyName: "Dollar"
phone: "64"
postalCodeFormat: "####"
postalCodeRegex: "^(\\d{4})$"
languages: "en-NZ,mi"
regions:
- name: "Waikato"
  cities:
  - name: "Tokoroa"
    latitude: -38.23333
    longitude: 175.86667
    population: 14277
    dem: 346
    timezone: "Pacific/Auckland"
  - name: "Taupo"
    latitude: -38.68333
    longitude: 176.08333
    population: 22469
    dem: 405
    timezone: "Pacific/Auckland"
  - name: "Hamilton"
    latitude: -37.78333
    longitude: 175.28333
    population: 152641
    dem: 39
    timezone: "Pacific/Auckland"
  - name: "Thames"
    latitude: -37.13832
    longitude: 175.54011
    population: 7136
    dem: 6
    timezone: "Pacific/Auckland"
  - name: "Matamata"
    latitude: -37.8106
    longitude: 175.76237
    population: 6306
    dem: 67
    timezone: "Pacific/Auckland"
  - name: "Cambridge"
    latitude: -37.87822
    longitude: 175.4402
    population: 15192
    dem: 67
    timezone: "Pacific/Auckland"
  - name: "Ngaruawahia"
    latitude: -37.66738
    longitude: 175.15554
    population: 5106
    dem: 18
    timezone: "Pacific/Auckland"
- name: "Southland"
  cities:
  - name: "Invercargill"
    latitude: -46.4
    longitude: 168.35
    population: 47287
    dem: 6
    timezone: "Pacific/Auckland"
  - name: "Gore"
    latitude: -46.10282
    longitude: 168.94357
    population: 12108
    dem: 75
    timezone: "Pacific/Auckland"
- name: "Hawkes Bay"
  cities:
  - name: "Napier"
    latitude: -39.4926
    longitude: 176.91233
    population: 56787
    dem: 6
    timezone: "Pacific/Auckland"
  - name: "Hastings"
    latitude: -39.6381
    longitude: 176.84918
    population: 61696
    dem: 19
    timezone: "Pacific/Auckland"
  - name: "Taradale"
    latitude: -39.53333
    longitude: 176.85
    population: 16599
    dem: 7
    timezone: "Pacific/Auckland"
- name: "Nelson"
  cities:
  - name: "Nelson"
    latitude: -41.27078
    longitude: 173.28404
    population: 59200
    dem: 11
    timezone: "Pacific/Auckland"
- name: "Canterbury"
  cities:
  - name: "Timaru"
    latitude: -44.39672
    longitude: 171.25364
    population: 28007
    dem: 14
    timezone: "Pacific/Auckland"
  - name: "Christchurch"
    latitude: -43.53333
    longitude: 172.63333
    population: 363926
    dem: 14
    timezone: "Pacific/Auckland"
  - name: "Ashburton"
    latitude: -43.89834
    longitude: 171.73011
    population: 30100
    dem: 106
    timezone: "Pacific/Auckland"
  - name: "Kaiapoi"
    latitude: -43.37832
    longitude: 172.64013
    population: 10200
    dem: 4
    timezone: "Pacific/Auckland"
- name: "Marlborough"
  cities:
  - name: "Blenheim"
    latitude: -41.51603
    longitude: 173.9528
    population: 26550
    dem: 9
    timezone: "Pacific/Auckland"
- name: "Chatham Islands"
  cities:
  - name: "Waitangi"
    latitude: -43.95353
    longitude: -176.55973
    population: 300
    dem: 18
    timezone: "Pacific/Chatham"
- name: "Bay of Plenty"
  cities:
  - name: "Kawerau"
    latitude: -38.1
    longitude: 176.7
    population: 6702
    dem: 46
    timezone: "Pacific/Auckland"
  - name: "Tauranga"
    latitude: -37.68611
    longitude: 176.16667
    population: 110338
    dem: 18
    timezone: "Pacific/Auckland"
  - name: "Whakatane"
    latitude: -37.95855
    longitude: 176.98545
    population: 18602
    dem: 11
    timezone: "Pacific/Auckland"
  - name: "Rotorua"
    latitude: -38.13874
    longitude: 176.24516
    population: 65901
    dem: 287
    timezone: "Pacific/Auckland"
- name: "West Coast"
  cities:
  - name: "Greymouth"
    latitude: -42.46667
    longitude: 171.2
    population: 9419
    dem: 11
    timezone: "Pacific/Auckland"
- name: "Otago"
  cities:
  - name: "Papatowai"
    latitude: -46.56069
    longitude: 169.47068
    population: 6593
    dem: 25
    timezone: "Pacific/Auckland"
  - name: "Dunedin"
    latitude: -45.87416
    longitude: 170.50361
    population: 114347
    dem: 21
    timezone: "Pacific/Auckland"
  - name: "Queenstown"
    latitude: -45.03023
    longitude: 168.66271
    population: 10442
    dem: 328
    timezone: "Pacific/Auckland"
  - name: "Cromwell"
    latitude: -45.03837
    longitude: 169.20008
    population: 5160
    dem: 212
    timezone: "Pacific/Auckland"
  - name: "Oamaru"
    latitude: -45.09758
    longitude: 170.97087
    population: 13000
    dem: 12
    timezone: "Pacific/Auckland"
- name: "Gisborne"
  cities:
  - name: "Gisborne"
    latitude: -38.65333
    longitude: 178.00417
    population: 34274
    dem: 10
    timezone: "Pacific/Auckland"
- name: "Tasman"
  cities:
  - name: "Richmond"
    latitude: -41.33333
    longitude: 173.18333
    population: 14000
    dem: 10
    timezone: "Pacific/Auckland"
  - name: "Motueka"
    latitude: -41.13333
    longitude: 173.01667
    population: 7485
    dem: 3
    timezone: "Pacific/Auckland"
- name: "Taranaki"
  cities:
  - name: "New Plymouth"
    latitude: -39.06667
    longitude: 174.08333
    population: 49168
    dem: 64
    timezone: "Pacific/Auckland"
  - name: "Hawera"
    latitude: -39.59167
    longitude: 174.28333
    population: 11068
    dem: 110
    timezone: "Pacific/Auckland"
  - name: "Waitara"
    latitude: -39.00158
    longitude: 174.23836
    population: 6318
    dem: 8
    timezone: "Pacific/Auckland"
- name: "Auckland"
  cities:
  - name: "Waiuku"
    latitude: -37.24806
    longitude: 174.73489
    population: 7555
    dem: 13
    timezone: "Pacific/Auckland"
  - name: "Pukekohe East"
    latitude: -37.2
    longitude: 174.95
    population: 21438
    dem: 115
    timezone: "Pacific/Auckland"
  - name: "North Shore"
    latitude: -36.8
    longitude: 174.75
    population: 207865
    dem: 30
    timezone: "Pacific/Auckland"
  - name: "Manukau City"
    latitude: -36.99282
    longitude: 174.87986
    population: 362000
    dem: 43
    timezone: "Pacific/Auckland"
  - name: "Mangere"
    latitude: -36.96807
    longitude: 174.79875
    population: 55266
    dem: 15
    timezone: "Pacific/Auckland"
  - name: "Auckland"
    latitude: -36.84853
    longitude: 174.76349
    population: 417910
    dem: 43
    timezone: "Pacific/Auckland"
  - name: "Papakura"
    latitude: -37.06573
    longitude: 174.94393
    population: 28010
    dem: 27
    timezone: "Pacific/Auckland"
  - name: "Takanini"
    latitude: -37.0482
    longitude: 174.90019
    population: 10870
    dem: 18
    timezone: "Pacific/Auckland"
  - name: "Pakuranga"
    latitude: -36.88333
    longitude: 174.91667
    population: 8907
    dem: 36
    timezone: "Pacific/Auckland"
  - name: "Waitakere"
    latitude: -36.91754
    longitude: 174.65773
    population: 208100
    dem: 87
    timezone: "Pacific/Auckland"
- name: "Manawatu-Wanganui"
  cities:
  - name: "Wanganui"
    latitude: -39.93333
    longitude: 175.05
    population: 40268
    dem: 18
    timezone: "Pacific/Auckland"
  - name: "Palmerston North"
    latitude: -40.35636
    longitude: 175.61113
    population: 75996
    dem: 34
    timezone: "Pacific/Auckland"
  - name: "Levin"
    latitude: -40.63333
    longitude: 175.275
    population: 19789
    dem: 38
    timezone: "Pacific/Auckland"
  - name: "Linton Military Camp"
    latitude: -40.40309
    longitude: 175.58302
    population: 0
    dem: 24
    timezone: "Pacific/Auckland"
- name: "Wellington"
  cities:
  - name: "Wellington"
    latitude: -41.28664
    longitude: 174.77557
    population: 381900
    dem: 31
    timezone: "Pacific/Auckland"
  - name: "Porirua"
    latitude: -41.13333
    longitude: 174.85
    population: 50914
    dem: 58
    timezone: "Pacific/Auckland"
  - name: "Paraparaumu"
    latitude: -40.91667
    longitude: 175.01667
    population: 25263
    dem: 77
    timezone: "Pacific/Auckland"
  - name: "Lower Hutt"
    latitude: -41.21667
    longitude: 174.91667
    population: 101194
    dem: 9
    timezone: "Pacific/Auckland"
  - name: "Khandallah"
    latitude: -41.245
    longitude: 174.79422
    population: 8500
    dem: 176
    timezone: "Pacific/Auckland"
  - name: "Otaki"
    latitude: -40.75833
    longitude: 175.15
    population: 6086
    dem: 15
    timezone: "Pacific/Auckland"
  - name: "Masterton"
    latitude: -40.95972
    longitude: 175.6575
    population: 20698
    dem: 103
    timezone: "Pacific/Auckland"
  - name: "Petone"
    latitude: -41.22827
    longitude: 174.87019
    population: 6609
    dem: 114
    timezone: "Pacific/Auckland"
  - name: "Upper Hutt"
    latitude: -41.13827
    longitude: 175.0502
    population: 38400
    dem: 60
    timezone: "Pacific/Auckland"
- name: "Northland"
  cities:
  - name: "Kerikeri"
    latitude: -35.22676
    longitude: 173.94739
    population: 5654
    dem: 73
    timezone: "Pacific/Auckland"
  - name: "Whangarei"
    latitude: -35.73167
    longitude: 174.32391
    population: 50900
    dem: 7
    timezone: "Pacific/Auckland"
