---
name: "Poland"
iso: "PL"
iso3: "POL"
code: "616"
capital: "Warsaw"
area: 312685.0
population: 38500000
continent: "EU"
currencyCode: "PLN"
currencyName: "Zloty"
phone: "48"
postalCodeFormat: "##-###"
postalCodeRegex: "^\\d{2}-\\d{3}$"
languages: "pl"
neighbours: "DE,LT,SK,CZ,BY,UA,RU"
regions:
- name: "Wojewodztwo Pomorskie"
  cities:
  - name: "Zukowo"
    latitude: 54.3422
    longitude: 18.36476
    population: 6494
    dem: 132
    timezone: "Europe/Warsaw"
  - name: "Wladyslawowo"
    latitude: 54.79086
    longitude: 18.4009
    population: 14889
    dem: 19
    timezone: "Europe/Warsaw"
  - name: "Wejherowo"
    latitude: 54.60568
    longitude: 18.23559
    population: 46820
    dem: 27
    timezone: "Europe/Warsaw"
  - name: "Ustka"
    latitude: 54.58048
    longitude: 16.86194
    population: 16250
    dem: 2
    timezone: "Europe/Warsaw"
  - name: "Tczew"
    latitude: 54.09242
    longitude: 18.77787
    population: 60133
    dem: 29
    timezone: "Europe/Warsaw"
  - name: "Sztum"
    latitude: 53.92077
    longitude: 19.03072
    population: 9766
    dem: 58
    timezone: "Europe/Warsaw"
  - name: "Starogard Gdanski"
    latitude: 53.96396
    longitude: 18.52638
    population: 48202
    dem: 90
    timezone: "Europe/Warsaw"
  - name: "Sopot"
    latitude: 54.4418
    longitude: 18.56003
    population: 40142
    dem: 20
    timezone: "Europe/Warsaw"
  - name: "Slupsk"
    latitude: 54.46405
    longitude: 17.02872
    population: 98608
    dem: 18
    timezone: "Europe/Warsaw"
  - name: "Skarszewy"
    latitude: 54.06911
    longitude: 18.44416
    population: 6942
    dem: 112
    timezone: "Europe/Warsaw"
  - name: "Sierakowice"
    latitude: 54.3461
    longitude: 17.89252
    population: 7068
    dem: 215
    timezone: "Europe/Warsaw"
  - name: "Rumia"
    latitude: 54.57092
    longitude: 18.38802
    population: 44791
    dem: 23
    timezone: "Europe/Warsaw"
  - name: "Reda"
    latitude: 54.60528
    longitude: 18.34717
    population: 18116
    dem: 7
    timezone: "Europe/Warsaw"
  - name: "Puck"
    latitude: 54.7179
    longitude: 18.40841
    population: 11415
    dem: 14
    timezone: "Europe/Warsaw"
  - name: "Pruszcz Gdanski"
    latitude: 54.26217
    longitude: 18.63625
    population: 23618
    dem: 12
    timezone: "Europe/Warsaw"
  - name: "Prabuty"
    latitude: 53.755
    longitude: 19.20547
    population: 8488
    dem: 95
    timezone: "Europe/Warsaw"
  - name: "Pelplin"
    latitude: 53.92834
    longitude: 18.6977
    population: 8320
    dem: 41
    timezone: "Europe/Warsaw"
  - name: "Nowy Dwor Gdanski"
    latitude: 54.21305
    longitude: 19.11771
    population: 9822
    dem: 2
    timezone: "Europe/Warsaw"
  - name: "Miastko"
    latitude: 54.00283
    longitude: 16.98263
    population: 10954
    dem: 125
    timezone: "Europe/Warsaw"
  - name: "Malbork"
    latitude: 54.03591
    longitude: 19.0266
    population: 38655
    dem: 17
    timezone: "Europe/Warsaw"
  - name: "Luzino"
    latitude: 54.56604
    longitude: 18.10907
    population: 7056
    dem: 81
    timezone: "Europe/Warsaw"
  - name: "Lebork"
    latitude: 54.53921
    longitude: 17.75012
    population: 35161
    dem: 18
    timezone: "Europe/Warsaw"
  - name: "Kwidzyn"
    latitude: 53.72495
    longitude: 18.93114
    population: 37601
    dem: 64
    timezone: "Europe/Warsaw"
  - name: "Koscierzyna"
    latitude: 54.12226
    longitude: 17.98119
    population: 23361
    dem: 162
    timezone: "Europe/Warsaw"
  - name: "Kartuzy"
    latitude: 54.33424
    longitude: 18.19735
    population: 15002
    dem: 210
    timezone: "Europe/Warsaw"
  - name: "Wielki Kack"
    latitude: 54.46754
    longitude: 18.4881
    population: 10012
    dem: 134
    timezone: "Europe/Warsaw"
  - name: "Goscicino"
    latitude: 54.60459
    longitude: 18.15491
    population: 5278
    dem: 47
    timezone: "Europe/Warsaw"
  - name: "Gniew"
    latitude: 53.83602
    longitude: 18.8231
    population: 6759
    dem: 35
    timezone: "Europe/Warsaw"
  - name: "Gdynia"
    latitude: 54.51889
    longitude: 18.53188
    population: 253730
    dem: 14
    timezone: "Europe/Warsaw"
  - name: "Gdansk"
    latitude: 54.35205
    longitude: 18.64637
    population: 461865
    dem: 7
    timezone: "Europe/Warsaw"
  - name: "Dzierzgon"
    latitude: 53.92196
    longitude: 19.34705
    population: 5518
    dem: 14
    timezone: "Europe/Warsaw"
  - name: "Debrzno"
    latitude: 53.53817
    longitude: 17.23643
    population: 5251
    dem: 155
    timezone: "Europe/Warsaw"
  - name: "Czluchow"
    latitude: 53.66722
    longitude: 17.35883
    population: 14759
    dem: 164
    timezone: "Europe/Warsaw"
  - name: "Czersk"
    latitude: 53.79589
    longitude: 17.97647
    population: 9390
    dem: 130
    timezone: "Europe/Warsaw"
  - name: "Czarne"
    latitude: 53.6842
    longitude: 16.93834
    population: 6035
    dem: 128
    timezone: "Europe/Warsaw"
  - name: "Chojnice"
    latitude: 53.69554
    longitude: 17.55701
    population: 39407
    dem: 152
    timezone: "Europe/Warsaw"
  - name: "Bytow"
    latitude: 54.17057
    longitude: 17.49187
    population: 16724
    dem: 122
    timezone: "Europe/Warsaw"
  - name: "Bolszewo"
    latitude: 54.61801
    longitude: 18.17585
    population: 7064
    dem: 33
    timezone: "Europe/Warsaw"
- name: "Wojewodztwo Lubuskie"
  cities:
  - name: "Zielona Gora"
    latitude: 51.93548
    longitude: 15.50643
    population: 118433
    dem: 143
    timezone: "Europe/Warsaw"
  - name: "Zbaszynek"
    latitude: 52.24315
    longitude: 15.81654
    population: 5073
    dem: 77
    timezone: "Europe/Warsaw"
  - name: "Zary"
    latitude: 51.64205
    longitude: 15.13727
    population: 38779
    dem: 152
    timezone: "Europe/Warsaw"
  - name: "Zagan"
    latitude: 51.61759
    longitude: 15.31486
    population: 26251
    dem: 98
    timezone: "Europe/Warsaw"
  - name: "Wschowa"
    latitude: 51.80705
    longitude: 16.31663
    population: 14458
    dem: 100
    timezone: "Europe/Warsaw"
  - name: "Witnica"
    latitude: 52.67318
    longitude: 14.89765
    population: 6821
    dem: 22
    timezone: "Europe/Warsaw"
  - name: "Szprotawa"
    latitude: 51.56563
    longitude: 15.53664
    population: 12786
    dem: 130
    timezone: "Europe/Warsaw"
  - name: "Swiebodzin"
    latitude: 52.24751
    longitude: 15.53355
    population: 21757
    dem: 81
    timezone: "Europe/Warsaw"
  - name: "Sulechow"
    latitude: 52.08362
    longitude: 15.62513
    population: 18055
    dem: 85
    timezone: "Europe/Warsaw"
  - name: "Strzelce Krajenskie"
    latitude: 52.87726
    longitude: 15.52978
    population: 9978
    dem: 75
    timezone: "Europe/Warsaw"
  - name: "Slubice"
    latitude: 52.35088
    longitude: 14.56065
    population: 17567
    dem: 23
    timezone: "Europe/Warsaw"
  - name: "Skwierzyna"
    latitude: 52.59914
    longitude: 15.50652
    population: 10051
    dem: 30
    timezone: "Europe/Warsaw"
  - name: "Rzepin"
    latitude: 52.3464
    longitude: 14.83227
    population: 6488
    dem: 59
    timezone: "Europe/Warsaw"
  - name: "Nowogrod Bobrzanski"
    latitude: 51.79856
    longitude: 15.2352
    population: 5114
    dem: 81
    timezone: "Europe/Warsaw"
  - name: "Nowa Sol"
    latitude: 51.80333
    longitude: 15.71702
    population: 40354
    dem: 66
    timezone: "Europe/Warsaw"
  - name: "Miedzyrzecz"
    latitude: 52.44461
    longitude: 15.57801
    population: 18669
    dem: 51
    timezone: "Europe/Warsaw"
  - name: "Lubsko"
    latitude: 51.78467
    longitude: 14.97196
    population: 14994
    dem: 72
    timezone: "Europe/Warsaw"
  - name: "Krosno Odrzanskie"
    latitude: 52.05492
    longitude: 15.09882
    population: 12178
    dem: 82
    timezone: "Europe/Warsaw"
  - name: "Kozuchow"
    latitude: 51.74558
    longitude: 15.59492
    population: 9679
    dem: 101
    timezone: "Europe/Warsaw"
  - name: "Kostrzyn nad Odra"
    latitude: 52.58713
    longitude: 14.64953
    population: 18099
    dem: 16
    timezone: "Europe/Warsaw"
  - name: "Gubin"
    latitude: 51.94956
    longitude: 14.72837
    population: 16629
    dem: 45
    timezone: "Europe/Warsaw"
  - name: "Gorzow Wielkopolski"
    latitude: 52.73679
    longitude: 15.22878
    population: 124430
    dem: 34
    timezone: "Europe/Warsaw"
  - name: "Drezdenko"
    latitude: 52.83831
    longitude: 15.83079
    population: 10541
    dem: 30
    timezone: "Europe/Warsaw"
- name: "Wojewodztwo Warminsko-Mazurskie"
  cities:
  - name: "Wegorzewo"
    latitude: 54.21567
    longitude: 21.7372
    population: 11864
    dem: 120
    timezone: "Europe/Warsaw"
  - name: "Szczytno"
    latitude: 53.56259
    longitude: 20.98747
    population: 26044
    dem: 144
    timezone: "Europe/Warsaw"
  - name: "Reszel"
    latitude: 54.05042
    longitude: 21.14585
    population: 5226
    dem: 110
    timezone: "Europe/Warsaw"
  - name: "Pisz"
    latitude: 53.62744
    longitude: 21.81253
    population: 19232
    dem: 117
    timezone: "Europe/Warsaw"
  - name: "Orzysz"
    latitude: 53.80967
    longitude: 21.94811
    population: 5998
    dem: 126
    timezone: "Europe/Warsaw"
  - name: "Orneta"
    latitude: 54.11483
    longitude: 20.13328
    population: 9412
    dem: 59
    timezone: "Europe/Warsaw"
  - name: "Olsztynek"
    latitude: 53.58374
    longitude: 20.28471
    population: 7591
    dem: 169
    timezone: "Europe/Warsaw"
  - name: "Olsztyn"
    latitude: 53.77995
    longitude: 20.49416
    population: 171803
    dem: 139
    timezone: "Europe/Warsaw"
  - name: "Olecko"
    latitude: 54.03374
    longitude: 22.50704
    population: 15923
    dem: 155
    timezone: "Europe/Warsaw"
  - name: "Nidzica"
    latitude: 53.36052
    longitude: 20.42749
    population: 14720
    dem: 175
    timezone: "Europe/Warsaw"
  - name: "Mragowo"
    latitude: 53.86437
    longitude: 21.30507
    population: 21965
    dem: 138
    timezone: "Europe/Warsaw"
  - name: "Lidzbark Warminski"
    latitude: 54.12588
    longitude: 20.57954
    population: 16540
    dem: 71
    timezone: "Europe/Warsaw"
  - name: "Ketrzyn"
    latitude: 54.07676
    longitude: 21.37527
    population: 28171
    dem: 103
    timezone: "Europe/Warsaw"
  - name: "Goldap"
    latitude: 54.30631
    longitude: 22.30362
    population: 13769
    dem: 169
    timezone: "Europe/Warsaw"
  - name: "Gizycko"
    latitude: 54.03811
    longitude: 21.76441
    population: 29972
    dem: 120
    timezone: "Europe/Warsaw"
  - name: "Gierloz"
    latitude: 54.08134
    longitude: 21.49551
    population: 28351
    dem: 138
    timezone: "Europe/Warsaw"
  - name: "Elk"
    latitude: 53.82824
    longitude: 22.36469
    population: 55769
    dem: 127
    timezone: "Europe/Warsaw"
  - name: "Dzialdowo"
    latitude: 53.23958
    longitude: 20.17004
    population: 21127
    dem: 161
    timezone: "Europe/Warsaw"
  - name: "Dobre Miasto"
    latitude: 53.98668
    longitude: 20.39749
    population: 10514
    dem: 78
    timezone: "Europe/Warsaw"
  - name: "Biskupiec"
    latitude: 53.86467
    longitude: 20.95692
    population: 10340
    dem: 152
    timezone: "Europe/Warsaw"
  - name: "Bartoszyce"
    latitude: 54.25354
    longitude: 20.80819
    population: 25660
    dem: 41
    timezone: "Europe/Warsaw"
  - name: "Barczewo"
    latitude: 53.83055
    longitude: 20.69112
    population: 7315
    dem: 129
    timezone: "Europe/Warsaw"
  - name: "Susz"
    latitude: 53.71743
    longitude: 19.33645
    population: 5593
    dem: 111
    timezone: "Europe/Warsaw"
  - name: "Paslek"
    latitude: 54.0616
    longitude: 19.65932
    population: 12267
    dem: 39
    timezone: "Europe/Warsaw"
  - name: "Ostroda"
    latitude: 53.69671
    longitude: 19.96486
    population: 33524
    dem: 111
    timezone: "Europe/Warsaw"
  - name: "Nowe Miasto Lubawskie"
    latitude: 53.42079
    longitude: 19.59515
    population: 10997
    dem: 84
    timezone: "Europe/Warsaw"
  - name: "Morag"
    latitude: 53.91711
    longitude: 19.92602
    population: 14745
    dem: 117
    timezone: "Europe/Warsaw"
  - name: "Lubawa"
    latitude: 53.50428
    longitude: 19.74966
    population: 9302
    dem: 142
    timezone: "Europe/Warsaw"
  - name: "Lidzbark"
    latitude: 53.26283
    longitude: 19.82663
    population: 8177
    dem: 134
    timezone: "Europe/Warsaw"
  - name: "Ilawa"
    latitude: 53.59601
    longitude: 19.56849
    population: 32557
    dem: 105
    timezone: "Europe/Warsaw"
  - name: "Elblag"
    latitude: 54.1522
    longitude: 19.40884
    population: 127558
    dem: 8
    timezone: "Europe/Warsaw"
  - name: "Braniewo"
    latitude: 54.37971
    longitude: 19.81959
    population: 18356
    dem: 17
    timezone: "Europe/Warsaw"
- name: "Wojewodztwo Opolskie"
  cities:
  - name: "Zdzieszowice"
    latitude: 50.42482
    longitude: 18.12349
    population: 13401
    dem: 185
    timezone: "Europe/Warsaw"
  - name: "Zawadzkie"
    latitude: 50.60503
    longitude: 18.48467
    population: 8439
    dem: 212
    timezone: "Europe/Warsaw"
  - name: "Wolczyn"
    latitude: 51.01845
    longitude: 18.04994
    population: 6221
    dem: 169
    timezone: "Europe/Warsaw"
  - name: "Strzelce Opolskie"
    latitude: 50.5107
    longitude: 18.30056
    population: 20241
    dem: 236
    timezone: "Europe/Warsaw"
  - name: "Prudnik"
    latitude: 50.32124
    longitude: 17.57461
    population: 23343
    dem: 270
    timezone: "Europe/Warsaw"
  - name: "Praszka"
    latitude: 51.05375
    longitude: 18.45317
    population: 8150
    dem: 190
    timezone: "Europe/Warsaw"
  - name: "Paczkow"
    latitude: 50.46395
    longitude: 17.00658
    population: 8081
    dem: 229
    timezone: "Europe/Warsaw"
  - name: "Ozimek"
    latitude: 50.67944
    longitude: 18.2137
    population: 9963
    dem: 183
    timezone: "Europe/Warsaw"
  - name: "Otmuchow"
    latitude: 50.46627
    longitude: 17.17348
    population: 5181
    dem: 208
    timezone: "Europe/Warsaw"
  - name: "Opole"
    latitude: 50.67211
    longitude: 17.92533
    population: 127676
    dem: 167
    timezone: "Europe/Warsaw"
  - name: "Olesno"
    latitude: 50.87698
    longitude: 18.42094
    population: 10236
    dem: 239
    timezone: "Europe/Warsaw"
  - name: "Nysa"
    latitude: 50.47379
    longitude: 17.33437
    population: 47283
    dem: 191
    timezone: "Europe/Warsaw"
  - name: "Niemodlin"
    latitude: 50.642
    longitude: 17.61932
    population: 6828
    dem: 161
    timezone: "Europe/Warsaw"
  - name: "Namyslow"
    latitude: 51.07592
    longitude: 17.72284
    population: 16376
    dem: 156
    timezone: "Europe/Warsaw"
  - name: "Lewin Brzeski"
    latitude: 50.7487
    longitude: 17.61688
    population: 6000
    dem: 149
    timezone: "Europe/Warsaw"
  - name: "Krapkowice"
    latitude: 50.47515
    longitude: 17.96539
    population: 18275
    dem: 176
    timezone: "Europe/Warsaw"
  - name: "Kozle"
    latitude: 50.3356
    longitude: 18.14332
    population: 14780
    dem: 171
    timezone: "Europe/Warsaw"
  - name: "Kluczbork"
    latitude: 50.97281
    longitude: 18.21816
    population: 25978
    dem: 185
    timezone: "Europe/Warsaw"
  - name: "Kietrz"
    latitude: 50.08042
    longitude: 18.00432
    population: 6306
    dem: 232
    timezone: "Europe/Warsaw"
  - name: "Kedzierzyn-Kozle"
    latitude: 50.34984
    longitude: 18.22606
    population: 65636
    dem: 182
    timezone: "Europe/Warsaw"
  - name: "Grodkow"
    latitude: 50.69836
    longitude: 17.38449
    population: 8654
    dem: 172
    timezone: "Europe/Warsaw"
  - name: "Gogolin"
    latitude: 50.49222
    longitude: 18.01994
    population: 6077
    dem: 172
    timezone: "Europe/Warsaw"
  - name: "Glucholazy"
    latitude: 50.31505
    longitude: 17.38355
    population: 15120
    dem: 288
    timezone: "Europe/Warsaw"
  - name: "Glubczyce"
    latitude: 50.20086
    longitude: 17.82858
    population: 13697
    dem: 273
    timezone: "Europe/Warsaw"
  - name: "Glogowek"
    latitude: 50.35355
    longitude: 17.86405
    population: 5755
    dem: 208
    timezone: "Europe/Warsaw"
  - name: "Brzeg"
    latitude: 50.86079
    longitude: 17.4674
    population: 38259
    dem: 147
    timezone: "Europe/Warsaw"
- name: "Wojewodztwo Swietokrzyskie"
  cities:
  - name: "Suchedniow"
    latitude: 51.04776
    longitude: 20.82922
    population: 9184
    dem: 265
    timezone: "Europe/Warsaw"
  - name: "Staszow"
    latitude: 50.56307
    longitude: 21.16593
    population: 16137
    dem: 195
    timezone: "Europe/Warsaw"
  - name: "Starachowice"
    latitude: 51.0374
    longitude: 21.07126
    population: 53739
    dem: 210
    timezone: "Europe/Warsaw"
  - name: "Staporkow"
    latitude: 51.13762
    longitude: 20.57173
    population: 5946
    dem: 268
    timezone: "Europe/Warsaw"
  - name: "Skarzysko-Kamienna"
    latitude: 51.11311
    longitude: 20.87162
    population: 49410
    dem: 238
    timezone: "Europe/Warsaw"
  - name: "Sedziszow"
    latitude: 50.5659
    longitude: 20.05563
    population: 6771
    dem: 253
    timezone: "Europe/Warsaw"
  - name: "Sandomierz"
    latitude: 50.68265
    longitude: 21.74898
    population: 25087
    dem: 185
    timezone: "Europe/Warsaw"
  - name: "Polaniec"
    latitude: 50.43324
    longitude: 21.2812
    population: 8158
    dem: 164
    timezone: "Europe/Warsaw"
  - name: "Pinczow"
    latitude: 50.52052
    longitude: 20.52649
    population: 11806
    dem: 204
    timezone: "Europe/Warsaw"
  - name: "Ostrowiec Swietokrzyski"
    latitude: 50.92936
    longitude: 21.38525
    population: 73989
    dem: 176
    timezone: "Europe/Warsaw"
  - name: "Opatow"
    latitude: 50.80058
    longitude: 21.42538
    population: 6799
    dem: 227
    timezone: "Europe/Warsaw"
  - name: "Konskie"
    latitude: 51.19166
    longitude: 20.40607
    population: 20756
    dem: 249
    timezone: "Europe/Warsaw"
  - name: "Kielce"
    latitude: 50.87033
    longitude: 20.62752
    population: 208598
    dem: 267
    timezone: "Europe/Warsaw"
  - name: "Kazimierza Wielka"
    latitude: 50.26564
    longitude: 20.49358
    population: 5696
    dem: 189
    timezone: "Europe/Warsaw"
  - name: "Jedrzejow"
    latitude: 50.63945
    longitude: 20.30454
    population: 16792
    dem: 242
    timezone: "Europe/Warsaw"
  - name: "Busko-Zdroj"
    latitude: 50.47078
    longitude: 20.71884
    population: 17095
    dem: 266
    timezone: "Europe/Warsaw"
  - name: "Wloszczowa"
    latitude: 50.85256
    longitude: 19.96593
    population: 10661
    dem: 239
    timezone: "Europe/Warsaw"
- name: "Wojewodztwo Mazowieckie"
  cities:
  - name: "Zyrardow"
    latitude: 52.0488
    longitude: 20.44599
    population: 41179
    dem: 118
    timezone: "Europe/Warsaw"
  - name: "Zwolen"
    latitude: 51.35542
    longitude: 21.58768
    population: 8048
    dem: 153
    timezone: "Europe/Warsaw"
  - name: "Zoliborz"
    latitude: 52.26896
    longitude: 20.98644
    population: 50934
    dem: 94
    timezone: "Europe/Warsaw"
  - name: "Zielonka"
    latitude: 52.30376
    longitude: 21.16018
    population: 17518
    dem: 90
    timezone: "Europe/Warsaw"
  - name: "Zabki"
    latitude: 52.29271
    longitude: 21.10539
    population: 23473
    dem: 83
    timezone: "Europe/Warsaw"
  - name: "Wyszkow"
    latitude: 52.59278
    longitude: 21.4584
    population: 26628
    dem: 92
    timezone: "Europe/Warsaw"
  - name: "Wolomin"
    latitude: 52.34006
    longitude: 21.24207
    population: 36592
    dem: 96
    timezone: "Europe/Warsaw"
  - name: "Wola"
    latitude: 52.2401
    longitude: 20.98869
    population: 143996
    dem: 114
    timezone: "Europe/Warsaw"
  - name: "Wlochy"
    latitude: 52.17941
    longitude: 20.94612
    population: 36276
    dem: 109
    timezone: "Europe/Warsaw"
  - name: "Wilanow"
    latitude: 52.16311
    longitude: 21.08748
    population: 14032
    dem: 85
    timezone: "Europe/Warsaw"
  - name: "Wesola"
    latitude: 52.25451
    longitude: 21.22407
    population: 20000
    dem: 100
    timezone: "Europe/Warsaw"
  - name: "Wegrow"
    latitude: 52.39954
    longitude: 22.01634
    population: 12512
    dem: 121
    timezone: "Europe/Warsaw"
  - name: "Wawer"
    latitude: 52.19656
    longitude: 21.17752
    population: 62656
    dem: 95
    timezone: "Europe/Warsaw"
  - name: "Warsaw"
    latitude: 52.22977
    longitude: 21.01178
    population: 1702139
    dem: 113
    timezone: "Europe/Warsaw"
  - name: "Warka"
    latitude: 51.7843
    longitude: 21.19091
    population: 11048
    dem: 115
    timezone: "Europe/Warsaw"
  - name: "Ursus"
    latitude: 52.19517
    longitude: 20.88419
    population: 47285
    dem: 105
    timezone: "Europe/Warsaw"
  - name: "Tluszcz"
    latitude: 52.43058
    longitude: 21.43561
    population: 7482
    dem: 101
    timezone: "Europe/Warsaw"
  - name: "Targowek"
    latitude: 52.29185
    longitude: 21.04845
    population: 124316
    dem: 84
    timezone: "Europe/Warsaw"
  - name: "Szydlowiec"
    latitude: 51.22823
    longitude: 20.86106
    population: 12128
    dem: 223
    timezone: "Europe/Warsaw"
  - name: "Sulejowek"
    latitude: 52.25221
    longitude: 21.26902
    population: 18414
    dem: 104
    timezone: "Europe/Warsaw"
  - name: "Srodmiescie"
    latitude: 52.22904
    longitude: 21.01644
    population: 134306
    dem: 116
    timezone: "Europe/Warsaw"
  - name: "Sokolow Podlaski"
    latitude: 52.40677
    longitude: 22.25307
    population: 18241
    dem: 172
    timezone: "Europe/Warsaw"
  - name: "Sochaczew"
    latitude: 52.22944
    longitude: 20.23838
    population: 38267
    dem: 87
    timezone: "Europe/Warsaw"
  - name: "Siedlce"
    latitude: 52.16772
    longitude: 22.29006
    population: 77185
    elevation: 155
    dem: 150
    timezone: "Europe/Warsaw"
  - name: "Rembertow"
    latitude: 52.26059
    longitude: 21.16355
    population: 21893
    dem: 91
    timezone: "Europe/Warsaw"
  - name: "Raszyn"
    latitude: 52.15603
    longitude: 20.9226
    population: 7109
    dem: 102
    timezone: "Europe/Warsaw"
  - name: "Radzymin"
    latitude: 52.41592
    longitude: 21.18415
    population: 8818
    dem: 90
    timezone: "Europe/Warsaw"
  - name: "Radom"
    latitude: 51.40253
    longitude: 21.14714
    population: 226794
    dem: 159
    timezone: "Europe/Warsaw"
  - name: "Pultusk"
    latitude: 52.7025
    longitude: 21.08276
    population: 19039
    dem: 95
    timezone: "Europe/Warsaw"
  - name: "Przysucha"
    latitude: 51.35858
    longitude: 20.62889
    population: 6188
    dem: 209
    timezone: "Europe/Warsaw"
  - name: "Przasnysz"
    latitude: 53.01907
    longitude: 20.88029
    population: 16718
    dem: 119
    timezone: "Europe/Warsaw"
  - name: "Pruszkow"
    latitude: 52.17072
    longitude: 20.81214
    population: 55371
    dem: 92
    timezone: "Europe/Warsaw"
  - name: "Plonsk"
    latitude: 52.62348
    longitude: 20.37552
    population: 22217
    dem: 101
    timezone: "Europe/Warsaw"
  - name: "Pionki"
    latitude: 51.47604
    longitude: 21.44995
    population: 19966
    dem: 145
    timezone: "Europe/Warsaw"
  - name: "Piastow"
    latitude: 52.18435
    longitude: 20.83952
    population: 23290
    dem: 98
    timezone: "Europe/Warsaw"
  - name: "Piaseczno"
    latitude: 52.0814
    longitude: 21.02397
    population: 36278
    dem: 108
    timezone: "Europe/Warsaw"
  - name: "Ozarow Mazowiecki"
    latitude: 52.21039
    longitude: 20.79716
    population: 8237
    dem: 98
    timezone: "Europe/Warsaw"
  - name: "Otwock"
    latitude: 52.10577
    longitude: 21.26129
    population: 43388
    dem: 94
    timezone: "Europe/Warsaw"
  - name: "Ostrow Mazowiecka"
    latitude: 52.80245
    longitude: 21.89507
    population: 22653
    dem: 122
    timezone: "Europe/Warsaw"
  - name: "Ostroleka"
    latitude: 53.08621
    longitude: 21.57566
    population: 53740
    dem: 97
    timezone: "Europe/Warsaw"
  - name: "Ochota"
    latitude: 52.22096
    longitude: 20.98526
    population: 93192
    dem: 118
    timezone: "Europe/Warsaw"
  - name: "Nowy Dwor Mazowiecki"
    latitude: 52.43022
    longitude: 20.71652
    population: 27633
    dem: 74
    timezone: "Europe/Warsaw"
  - name: "Nasielsk"
    latitude: 52.58887
    longitude: 20.80553
    population: 7445
    dem: 108
    timezone: "Europe/Warsaw"
  - name: "Nadarzyn"
    latitude: 52.09438
    longitude: 20.80776
    population: 9881
    dem: 111
    timezone: "Europe/Warsaw"
  - name: "Mszczonow"
    latitude: 51.97415
    longitude: 20.52083
    population: 6267
    dem: 165
    timezone: "Europe/Warsaw"
  - name: "Mokotow"
    latitude: 52.1934
    longitude: 21.03487
    population: 212670
    dem: 83
    timezone: "Europe/Warsaw"
  - name: "Mlawa"
    latitude: 53.11278
    longitude: 20.3841
    population: 29398
    dem: 149
    timezone: "Europe/Warsaw"
  - name: "Minsk Mazowiecki"
    latitude: 52.17935
    longitude: 21.57251
    population: 37027
    dem: 150
    timezone: "Europe/Warsaw"
  - name: "Milanowek"
    latitude: 52.11879
    longitude: 20.67155
    population: 15784
    dem: 102
    timezone: "Europe/Warsaw"
  - name: "Marki"
    latitude: 52.32065
    longitude: 21.10474
    population: 23177
    dem: 87
    timezone: "Europe/Warsaw"
  - name: "Malkinia Gorna"
    latitude: 52.6922
    longitude: 22.02836
    population: 5199
    dem: 101
    timezone: "Europe/Warsaw"
  - name: "Makow Mazowiecki"
    latitude: 52.86493
    longitude: 21.10053
    population: 9978
    dem: 99
    timezone: "Europe/Warsaw"
  - name: "Losice"
    latitude: 52.21129
    longitude: 22.71801
    population: 7207
    dem: 150
    timezone: "Europe/Warsaw"
  - name: "Lomianki"
    latitude: 52.33413
    longitude: 20.88602
    population: 15315
    dem: 77
    timezone: "Europe/Warsaw"
  - name: "Lochow"
    latitude: 52.53076
    longitude: 21.68158
    population: 6486
    dem: 97
    timezone: "Europe/Warsaw"
  - name: "Lipsko"
    latitude: 51.15954
    longitude: 21.64933
    population: 5723
    dem: 162
    timezone: "Europe/Warsaw"
  - name: "Lesznowola"
    latitude: 52.09095
    longitude: 20.93479
    population: 5374
    dem: 116
    timezone: "Europe/Warsaw"
  - name: "Legionowo"
    latitude: 52.40149
    longitude: 20.92664
    population: 50786
    dem: 77
    timezone: "Europe/Warsaw"
  - name: "Kozienice"
    latitude: 51.58294
    longitude: 21.54779
    population: 18677
    dem: 113
    timezone: "Europe/Warsaw"
  - name: "Konstancin-Jeziorna"
    latitude: 52.0938
    longitude: 21.11761
    population: 16548
    dem: 89
    timezone: "Europe/Warsaw"
  - name: "Komorow"
    latitude: 52.1456
    longitude: 20.81566
    population: 5136
    dem: 108
    timezone: "Europe/Warsaw"
  - name: "Kobylka"
    latitude: 52.33953
    longitude: 21.19589
    population: 17659
    dem: 93
    timezone: "Europe/Warsaw"
  - name: "Karczew"
    latitude: 52.07655
    longitude: 21.24962
    population: 10319
    dem: 90
    timezone: "Europe/Warsaw"
  - name: "Kabaty"
    latitude: 52.13012
    longitude: 21.08148
    population: 25000
    dem: 97
    timezone: "Europe/Warsaw"
  - name: "Jozefow"
    latitude: 52.13707
    longitude: 21.23589
    population: 17910
    dem: 93
    timezone: "Europe/Warsaw"
  - name: "Jablonna"
    latitude: 52.37885
    longitude: 20.91745
    population: 6552
    dem: 76
    timezone: "Europe/Warsaw"
  - name: "Ilza"
    latitude: 51.16313
    longitude: 21.23979
    population: 5121
    dem: 182
    timezone: "Europe/Warsaw"
  - name: "Grojec"
    latitude: 51.86252
    longitude: 20.86757
    population: 14880
    dem: 153
    timezone: "Europe/Warsaw"
  - name: "Grodzisk Mazowiecki"
    latitude: 52.10387
    longitude: 20.6337
    population: 26684
    dem: 103
    timezone: "Europe/Warsaw"
  - name: "Gora Kalwaria"
    latitude: 51.97653
    longitude: 21.21537
    population: 10777
    dem: 113
    timezone: "Europe/Warsaw"
  - name: "Garwolin"
    latitude: 51.89747
    longitude: 21.61466
    population: 15912
    dem: 130
    timezone: "Europe/Warsaw"
  - name: "Ciechanow"
    latitude: 52.88141
    longitude: 20.61996
    population: 46438
    dem: 119
    timezone: "Europe/Warsaw"
  - name: "Brwinow"
    latitude: 52.14269
    longitude: 20.71697
    population: 12315
    dem: 96
    timezone: "Europe/Warsaw"
  - name: "Blonie"
    latitude: 52.19849
    longitude: 20.61709
    population: 12195
    dem: 88
    timezone: "Europe/Warsaw"
  - name: "Bielany"
    latitude: 52.29242
    longitude: 20.93531
    population: 134854
    dem: 98
    timezone: "Europe/Warsaw"
  - name: "Bialoleka"
    latitude: 52.32127
    longitude: 20.97204
    population: 89324
    dem: 80
    timezone: "Europe/Warsaw"
  - name: "Bialobrzegi"
    latitude: 51.64695
    longitude: 20.95041
    population: 7328
    dem: 114
    timezone: "Europe/Warsaw"
  - name: "Bemowo"
    latitude: 52.2546
    longitude: 20.90844
    population: 102393
    dem: 108
    timezone: "Europe/Warsaw"
  - name: "Zuromin"
    latitude: 53.06611
    longitude: 19.90894
    population: 9019
    dem: 137
    timezone: "Europe/Warsaw"
  - name: "Sierpc"
    latitude: 52.8568
    longitude: 19.66913
    population: 18866
    dem: 106
    timezone: "Europe/Warsaw"
  - name: "Plock"
    latitude: 52.54682
    longitude: 19.70638
    population: 127474
    dem: 103
    timezone: "Europe/Warsaw"
  - name: "Gostynin"
    latitude: 52.42938
    longitude: 19.46194
    population: 18976
    dem: 89
    timezone: "Europe/Warsaw"
  - name: "Ursynow"
    latitude: 52.15051
    longitude: 21.05041
    population: 147676
    dem: 104
    timezone: "Europe/Warsaw"
  - name: "Praga Polnoc"
    latitude: 52.25443
    longitude: 21.03472
    population: 93192
    dem: 85
    timezone: "Europe/Warsaw"
  - name: "Praga Poludnie"
    latitude: 52.24424
    longitude: 21.08545
    population: 187845
    dem: 81
    timezone: "Europe/Warsaw"
- name: "Wojewodztwo Zachodniopomorskie"
  cities:
  - name: "Zlocieniec"
    latitude: 53.53286
    longitude: 16.01132
    population: 13337
    dem: 127
    timezone: "Europe/Warsaw"
  - name: "Wolin"
    latitude: 53.84214
    longitude: 14.61465
    population: 12438
    dem: 6
    timezone: "Europe/Warsaw"
  - name: "Walcz"
    latitude: 53.27787
    longitude: 16.47122
    population: 25971
    dem: 112
    timezone: "Europe/Warsaw"
  - name: "Trzebiatow"
    latitude: 54.06147
    longitude: 15.26475
    population: 10322
    dem: 18
    timezone: "Europe/Warsaw"
  - name: "Szczecinek"
    latitude: 53.70791
    longitude: 16.69937
    population: 38496
    dem: 139
    timezone: "Europe/Warsaw"
  - name: "Szczecin"
    latitude: 53.42894
    longitude: 14.55302
    population: 407811
    elevation: 149
    dem: 25
    timezone: "Europe/Warsaw"
  - name: "Swinoujscie"
    latitude: 53.91053
    longitude: 14.24712
    population: 40919
    dem: 4
    timezone: "Europe/Warsaw"
  - name: "Swidwin"
    latitude: 53.77464
    longitude: 15.77671
    population: 16076
    dem: 92
    timezone: "Europe/Warsaw"
  - name: "Stargard"
    latitude: 53.33672
    longitude: 15.0499
    population: 71224
    dem: 21
    timezone: "Europe/Warsaw"
  - name: "Slawno"
    latitude: 54.36276
    longitude: 16.67888
    population: 13415
    dem: 21
    timezone: "Europe/Warsaw"
  - name: "Sianow"
    latitude: 54.22646
    longitude: 16.29127
    population: 6606
    dem: 7
    timezone: "Europe/Warsaw"
  - name: "Pyrzyce"
    latitude: 53.1462
    longitude: 14.89257
    population: 12893
    dem: 39
    timezone: "Europe/Warsaw"
  - name: "Police"
    latitude: 53.55214
    longitude: 14.57182
    population: 34350
    dem: 7
    timezone: "Europe/Warsaw"
  - name: "Polczyn-Zdroj"
    latitude: 53.76424
    longitude: 16.09574
    population: 8682
    dem: 92
    timezone: "Europe/Warsaw"
  - name: "Nowogard"
    latitude: 53.67437
    longitude: 15.1163
    population: 16703
    dem: 52
    timezone: "Europe/Warsaw"
  - name: "Mysliborz"
    latitude: 52.92382
    longitude: 14.86785
    population: 12092
    dem: 65
    timezone: "Europe/Warsaw"
  - name: "Miedzyzdroje"
    latitude: 53.92921
    longitude: 14.45097
    population: 5502
    dem: 6
    timezone: "Europe/Warsaw"
  - name: "Lobez"
    latitude: 53.63918
    longitude: 15.62129
    population: 10609
    dem: 63
    timezone: "Europe/Warsaw"
  - name: "Koszalin"
    latitude: 54.19438
    longitude: 16.17222
    population: 107450
    dem: 30
    timezone: "Europe/Warsaw"
  - name: "Kolobrzeg"
    latitude: 54.17565
    longitude: 15.58342
    population: 44377
    dem: 6
    timezone: "Europe/Warsaw"
  - name: "Karlino"
    latitude: 54.03515
    longitude: 15.87739
    population: 5832
    dem: 17
    timezone: "Europe/Warsaw"
  - name: "Kamien Pomorski"
    latitude: 53.96849
    longitude: 14.77262
    population: 9036
    dem: 9
    timezone: "Europe/Warsaw"
  - name: "Gryfino"
    latitude: 53.25243
    longitude: 14.48831
    population: 21270
    dem: 7
    timezone: "Europe/Warsaw"
  - name: "Gryfice"
    latitude: 53.9165
    longitude: 15.20027
    population: 16720
    dem: 17
    timezone: "Europe/Warsaw"
  - name: "Goleniow"
    latitude: 53.56392
    longitude: 14.82854
    population: 22505
    dem: 14
    timezone: "Europe/Warsaw"
  - name: "Drawsko Pomorskie"
    latitude: 53.53056
    longitude: 15.80967
    population: 11275
    dem: 116
    timezone: "Europe/Warsaw"
  - name: "Debno"
    latitude: 52.73901
    longitude: 14.698
    population: 13804
    dem: 40
    timezone: "Europe/Warsaw"
  - name: "Darlowo"
    latitude: 54.42095
    longitude: 16.4107
    population: 14398
    dem: 7
    timezone: "Europe/Warsaw"
  - name: "Czaplinek"
    latitude: 53.55775
    longitude: 16.23333
    population: 6933
    dem: 145
    timezone: "Europe/Warsaw"
  - name: "Choszczno"
    latitude: 53.16905
    longitude: 15.42054
    population: 15733
    dem: 54
    timezone: "Europe/Warsaw"
  - name: "Chojna"
    latitude: 52.96389
    longitude: 14.42797
    population: 7398
    dem: 20
    timezone: "Europe/Warsaw"
  - name: "Bialogard"
    latitude: 54.00696
    longitude: 15.98751
    population: 24265
    dem: 25
    timezone: "Europe/Warsaw"
  - name: "Barlinek"
    latitude: 52.99464
    longitude: 15.21864
    population: 14385
    dem: 56
    timezone: "Europe/Warsaw"
- name: "Wojewodztwo Dolnoslaskie"
  cities:
  - name: "Zmigrod"
    latitude: 51.46672
    longitude: 16.90564
    population: 6542
    dem: 90
    timezone: "Europe/Warsaw"
  - name: "Zlotoryja"
    latitude: 51.12637
    longitude: 15.91979
    population: 16612
    dem: 211
    timezone: "Europe/Warsaw"
  - name: "Ziebice"
    latitude: 50.60122
    longitude: 17.04065
    population: 9328
    dem: 220
    timezone: "Europe/Warsaw"
  - name: "Zgorzelec"
    latitude: 51.14942
    longitude: 15.00835
    population: 33247
    dem: 216
    timezone: "Europe/Warsaw"
  - name: "Zarow"
    latitude: 50.94116
    longitude: 16.49466
    population: 7065
    dem: 205
    timezone: "Europe/Warsaw"
  - name: "Zabkowice Slaskie"
    latitude: 50.58969
    longitude: 16.81239
    population: 16321
    dem: 287
    timezone: "Europe/Warsaw"
  - name: "Wroclaw"
    latitude: 51.1
    longitude: 17.03333
    population: 634893
    dem: 119
    timezone: "Europe/Warsaw"
  - name: "Wolow"
    latitude: 51.33656
    longitude: 16.64429
    population: 12276
    dem: 113
    timezone: "Europe/Warsaw"
  - name: "Walbrzych"
    latitude: 50.77141
    longitude: 16.28432
    population: 127431
    dem: 495
    timezone: "Europe/Warsaw"
  - name: "Twardogora"
    latitude: 51.36487
    longitude: 17.46878
    population: 6840
    dem: 181
    timezone: "Europe/Warsaw"
  - name: "Trzebnica"
    latitude: 51.31076
    longitude: 17.06331
    population: 12212
    dem: 181
    timezone: "Europe/Warsaw"
  - name: "Szklarska Poreba"
    latitude: 50.82567
    longitude: 15.52274
    population: 6970
    dem: 647
    timezone: "Europe/Warsaw"
  - name: "Szczytna"
    latitude: 50.41343
    longitude: 16.44743
    population: 5234
    dem: 457
    timezone: "Europe/Warsaw"
  - name: "Szczawno-Zdroj"
    latitude: 50.80352
    longitude: 16.25655
    population: 5586
    dem: 413
    timezone: "Europe/Warsaw"
  - name: "Sycow"
    latitude: 51.30814
    longitude: 17.71979
    population: 10809
    dem: 169
    timezone: "Europe/Warsaw"
  - name: "Swiebodzice"
    latitude: 50.85975
    longitude: 16.3282
    population: 23228
    dem: 281
    timezone: "Europe/Warsaw"
  - name: "Swidnica"
    latitude: 50.84378
    longitude: 16.48859
    population: 60351
    dem: 241
    timezone: "Europe/Warsaw"
  - name: "Strzelin"
    latitude: 50.78157
    longitude: 17.06477
    population: 12394
    dem: 164
    timezone: "Europe/Warsaw"
  - name: "Strzegom"
    latitude: 50.96264
    longitude: 16.35006
    population: 17004
    dem: 229
    timezone: "Europe/Warsaw"
  - name: "Stronie Slaskie"
    latitude: 50.29554
    longitude: 16.87397
    population: 6192
    dem: 493
    timezone: "Europe/Warsaw"
  - name: "Sroda Slaska"
    latitude: 51.16406
    longitude: 16.59508
    population: 8912
    dem: 127
    timezone: "Europe/Warsaw"
  - name: "Sobotka"
    latitude: 50.89992
    longitude: 16.74441
    population: 6906
    dem: 183
    timezone: "Europe/Warsaw"
  - name: "Scinawa"
    latitude: 51.41626
    longitude: 16.4251
    population: 5863
    dem: 94
    timezone: "Europe/Warsaw"
  - name: "Przemkow"
    latitude: 51.5253
    longitude: 15.79441
    population: 6487
    dem: 156
    timezone: "Europe/Warsaw"
  - name: "Polkowice"
    latitude: 51.50391
    longitude: 16.07261
    population: 21565
    dem: 179
    timezone: "Europe/Warsaw"
  - name: "Polanica-Zdroj"
    latitude: 50.40373
    longitude: 16.51271
    population: 6966
    dem: 374
    timezone: "Europe/Warsaw"
  - name: "Pilawa Gorna"
    latitude: 50.68357
    longitude: 16.74359
    population: 6736
    dem: 304
    timezone: "Europe/Warsaw"
  - name: "Pieszyce"
    latitude: 50.71287
    longitude: 16.58232
    population: 9406
    dem: 299
    timezone: "Europe/Warsaw"
  - name: "Piensk"
    latitude: 51.249
    longitude: 15.04685
    population: 5813
    dem: 186
    timezone: "Europe/Warsaw"
  - name: "Piechowice"
    latitude: 50.84963
    longitude: 15.59887
    population: 6496
    dem: 380
    timezone: "Europe/Warsaw"
  - name: "Olesnica"
    latitude: 51.21338
    longitude: 17.38986
    population: 36956
    dem: 153
    timezone: "Europe/Warsaw"
  - name: "Olawa"
    latitude: 50.9466
    longitude: 17.2926
    population: 30898
    dem: 129
    timezone: "Europe/Warsaw"
  - name: "Oborniki Slaskie"
    latitude: 51.30137
    longitude: 16.91465
    population: 8440
    dem: 171
    timezone: "Europe/Warsaw"
  - name: "Nowa Ruda"
    latitude: 50.58008
    longitude: 16.50164
    population: 24753
    dem: 392
    timezone: "Europe/Warsaw"
  - name: "Myslakowice"
    latitude: 50.84123
    longitude: 15.77894
    population: 5100
    dem: 382
    timezone: "Europe/Warsaw"
  - name: "Milicz"
    latitude: 51.5277
    longitude: 17.27137
    population: 12169
    dem: 106
    timezone: "Europe/Warsaw"
  - name: "Lwowek Slaski"
    latitude: 51.11074
    longitude: 15.58582
    population: 9657
    dem: 213
    timezone: "Europe/Warsaw"
  - name: "Lubin"
    latitude: 51.40089
    longitude: 16.20149
    population: 77532
    dem: 128
    timezone: "Europe/Warsaw"
  - name: "Lubawka"
    latitude: 50.70456
    longitude: 16.00026
    population: 6404
    dem: 497
    timezone: "Europe/Warsaw"
  - name: "Luban"
    latitude: 51.12014
    longitude: 15.28768
    population: 22245
    dem: 221
    timezone: "Europe/Warsaw"
  - name: "Legnica"
    latitude: 51.21006
    longitude: 16.1619
    population: 106033
    dem: 121
    timezone: "Europe/Warsaw"
  - name: "Ladek-Zdroj"
    latitude: 50.34371
    longitude: 16.87946
    population: 6140
    dem: 434
    timezone: "Europe/Warsaw"
  - name: "Kudowa-Zdroj"
    latitude: 50.44297
    longitude: 16.24397
    population: 10176
    dem: 385
    timezone: "Europe/Warsaw"
  - name: "Kowary"
    latitude: 50.79313
    longitude: 15.83559
    population: 11834
    dem: 463
    timezone: "Europe/Warsaw"
  - name: "Klodzko"
    latitude: 50.43488
    longitude: 16.66145
    population: 27941
    dem: 292
    timezone: "Europe/Warsaw"
  - name: "Katy Wroclawskie"
    latitude: 51.03098
    longitude: 16.76767
    population: 5418
    dem: 136
    timezone: "Europe/Warsaw"
  - name: "Kamienna Gora"
    latitude: 50.78314
    longitude: 16.03037
    population: 21743
    dem: 443
    timezone: "Europe/Warsaw"
  - name: "Jelenia Gora"
    latitude: 50.89973
    longitude: 15.72899
    population: 87310
    dem: 331
    timezone: "Europe/Warsaw"
  - name: "Jelcz"
    latitude: 51.02102
    longitude: 17.32095
    population: 15308
    dem: 128
    timezone: "Europe/Warsaw"
  - name: "Jedlina-Zdroj"
    latitude: 50.72005
    longitude: 16.34645
    population: 5062
    dem: 448
    timezone: "Europe/Warsaw"
  - name: "Jaworzyna Slaska"
    latitude: 50.9134
    longitude: 16.43241
    population: 5242
    dem: 232
    timezone: "Europe/Warsaw"
  - name: "Jawor"
    latitude: 51.05132
    longitude: 16.19347
    population: 23865
    dem: 206
    timezone: "Europe/Warsaw"
  - name: "Gryfow Slaski"
    latitude: 51.03081
    longitude: 15.42017
    population: 6890
    dem: 322
    timezone: "Europe/Warsaw"
  - name: "Gora"
    latitude: 51.66638
    longitude: 16.53494
    population: 12668
    dem: 90
    timezone: "Europe/Warsaw"
  - name: "Gluszyca"
    latitude: 50.68743
    longitude: 16.37173
    population: 6897
    dem: 448
    timezone: "Europe/Warsaw"
  - name: "Glogow"
    latitude: 51.66361
    longitude: 16.0845
    population: 68530
    dem: 92
    timezone: "Europe/Warsaw"
  - name: "Dzierzoniow"
    latitude: 50.7282
    longitude: 16.65141
    population: 34168
    dem: 278
    timezone: "Europe/Warsaw"
  - name: "Cieplice Slaskie Zdroj"
    latitude: 50.86545
    longitude: 15.68367
    population: 15000
    dem: 341
    timezone: "Europe/Warsaw"
  - name: "Chojnow"
    latitude: 51.27373
    longitude: 15.93661
    population: 14209
    dem: 153
    timezone: "Europe/Warsaw"
  - name: "Chocianow"
    latitude: 51.41867
    longitude: 15.90172
    population: 8187
    dem: 148
    timezone: "Europe/Warsaw"
  - name: "Bystrzyca Klodzka"
    latitude: 50.30179
    longitude: 16.64231
    population: 10375
    dem: 378
    timezone: "Europe/Warsaw"
  - name: "Brzeg Dolny"
    latitude: 51.27299
    longitude: 16.70815
    population: 12689
    dem: 118
    timezone: "Europe/Warsaw"
  - name: "Bolkow"
    latitude: 50.92203
    longitude: 16.10111
    population: 5304
    dem: 339
    timezone: "Europe/Warsaw"
  - name: "Boleslawiec"
    latitude: 51.26418
    longitude: 15.5697
    population: 40682
    dem: 197
    timezone: "Europe/Warsaw"
  - name: "Boguszow-Gorce"
    latitude: 50.75514
    longitude: 16.20494
    population: 16726
    dem: 581
    timezone: "Europe/Warsaw"
  - name: "Bogatynia"
    latitude: 50.90747
    longitude: 14.95634
    population: 18688
    dem: 245
    timezone: "Europe/Warsaw"
  - name: "Bierutow"
    latitude: 51.12443
    longitude: 17.54607
    population: 5065
    dem: 146
    timezone: "Europe/Warsaw"
  - name: "Bielawa"
    latitude: 50.69075
    longitude: 16.623
    population: 30824
    dem: 297
    timezone: "Europe/Warsaw"
  - name: "Jelcz Laskowice"
    latitude: 51.02134
    longitude: 17.31649
    population: 15340
    dem: 128
    timezone: "Europe/Warsaw"
  - name: "Rejon ulicy Kleczkowskiej"
    latitude: 51.1297
    longitude: 17.03376
    population: 6223
    dem: 115
    timezone: "Europe/Warsaw"
  - name: "Lesnica-Ratyn-Pustki"
    latitude: 51.14228
    longitude: 16.84773
    population: 8724
    dem: 125
    timezone: "Europe/Warsaw"
  - name: "Osiedle Kosmonautow"
    latitude: 51.12753
    longitude: 16.96186
    population: 19048
    dem: 116
    timezone: "Europe/Warsaw"
  - name: "Sepolno"
    latitude: 51.10995
    longitude: 17.102
    population: 7724
    dem: 119
    timezone: "Europe/Warsaw"
  - name: "Rejon ulicy Mieleckiej"
    latitude: 51.09145
    longitude: 17.00207
    population: 6815
    dem: 123
    timezone: "Europe/Warsaw"
  - name: "Rejon placu Grunwaldzkiego"
    latitude: 51.11669
    longitude: 17.06126
    population: 27030
    dem: 119
    timezone: "Europe/Warsaw"
  - name: "Zakrzow"
    latitude: 51.16624
    longitude: 17.13688
    population: 10737
    dem: 120
    timezone: "Europe/Warsaw"
  - name: "Maslice Male"
    latitude: 51.14937
    longitude: 16.94191
    population: 6602
    dem: 112
    timezone: "Europe/Warsaw"
  - name: "Rejon ulicy Traugutta"
    latitude: 51.10247
    longitude: 17.04827
    population: 20617
    dem: 117
    timezone: "Europe/Warsaw"
  - name: "Grabiszynek"
    latitude: 51.08703
    longitude: 16.98629
    population: 11145
    dem: 123
    timezone: "Europe/Warsaw"
  - name: "Pilczyce"
    latitude: 51.13704
    longitude: 16.95752
    population: 5582
    dem: 117
    timezone: "Europe/Warsaw"
  - name: "Biskupin"
    latitude: 51.10097
    longitude: 17.10442
    population: 11292
    dem: 119
    timezone: "Europe/Warsaw"
  - name: "Gadow Maly"
    latitude: 51.11853
    longitude: 16.98596
    population: 7042
    dem: 116
    timezone: "Europe/Warsaw"
  - name: "Kozanow"
    latitude: 51.14447
    longitude: 16.96937
    population: 15901
    dem: 112
    timezone: "Europe/Warsaw"
  - name: "Zlotniki"
    latitude: 51.13769
    longitude: 16.88923
    population: 5373
    dem: 116
    timezone: "Europe/Warsaw"
  - name: "Stablowice"
    latitude: 51.15375
    longitude: 16.9002
    population: 14099
    dem: 114
    timezone: "Europe/Warsaw"
  - name: "Zgorzelisko"
    latitude: 51.13833
    longitude: 17.13365
    population: 11967
    dem: 120
    timezone: "Europe/Warsaw"
  - name: "Rejon placu Swietego Macieja"
    latitude: 51.12056
    longitude: 17.03761
    population: 44090
    dem: 118
    timezone: "Europe/Warsaw"
  - name: "Rozanka-Polanka"
    latitude: 51.14344
    longitude: 17.01987
    population: 15746
    dem: 111
    timezone: "Europe/Warsaw"
  - name: "Osiedle Henrykowskie"
    latitude: 51.08999
    longitude: 17.05289
    population: 5384
    dem: 120
    timezone: "Europe/Warsaw"
  - name: "Powstancow Slaskich Zachod-Centrum Poludniow"
    latitude: 51.09607
    longitude: 17.0177
    population: 12077
    dem: 121
    timezone: "Europe/Warsaw"
  - name: "Psie Pole Poludnie-Kielczow"
    latitude: 51.14783
    longitude: 17.12744
    population: 5263
    dem: 130
    timezone: "Europe/Warsaw"
  - name: "Krzyki"
    latitude: 51.07085
    longitude: 16.99475
    population: 12993
    dem: 121
    timezone: "Europe/Warsaw"
  - name: "Karlowice"
    latitude: 51.14132
    longitude: 17.05212
    population: 12651
    dem: 114
    timezone: "Europe/Warsaw"
  - name: "Ksieze Male-Ksieze Wielkie"
    latitude: 51.07293
    longitude: 17.08881
    population: 5541
    dem: 118
    timezone: "Europe/Warsaw"
  - name: "Powstancow Slaskich Wschod"
    latitude: 51.09164
    longitude: 17.0247
    population: 11456
    dem: 125
    timezone: "Europe/Warsaw"
  - name: "Wojszyce"
    latitude: 51.05837
    longitude: 17.04513
    population: 5338
    dem: 128
    timezone: "Europe/Warsaw"
- name: "Wojewodztwo Lubelskie"
  cities:
  - name: "Zamosc"
    latitude: 50.72314
    longitude: 23.25196
    population: 66034
    dem: 213
    timezone: "Europe/Warsaw"
  - name: "Wlodawa"
    latitude: 51.55
    longitude: 23.55
    population: 13142
    dem: 173
    timezone: "Europe/Warsaw"
  - name: "Tomaszow Lubelski"
    latitude: 50.44767
    longitude: 23.41616
    population: 20261
    elevation: 275
    dem: 274
    timezone: "Europe/Warsaw"
  - name: "Terespol"
    latitude: 52.0755
    longitude: 23.61614
    population: 6000
    dem: 131
    timezone: "Europe/Warsaw"
  - name: "Szczebrzeszyn"
    latitude: 50.69499
    longitude: 22.97954
    population: 5255
    dem: 214
    timezone: "Europe/Warsaw"
  - name: "Swidnik"
    latitude: 51.21898
    longitude: 22.69621
    population: 40050
    dem: 203
    timezone: "Europe/Warsaw"
  - name: "Ryki"
    latitude: 51.62574
    longitude: 21.93274
    population: 9619
    dem: 149
    timezone: "Europe/Warsaw"
  - name: "Radzyn Podlaski"
    latitude: 51.78333
    longitude: 22.61667
    population: 16071
    dem: 144
    timezone: "Europe/Warsaw"
  - name: "Pulawy"
    latitude: 51.41655
    longitude: 21.96939
    population: 49759
    dem: 137
    timezone: "Europe/Warsaw"
  - name: "Poniatowa"
    latitude: 51.17983
    longitude: 22.13093
    population: 10056
    dem: 206
    timezone: "Europe/Warsaw"
  - name: "Parczew"
    latitude: 51.64021
    longitude: 22.90057
    population: 10249
    dem: 148
    timezone: "Europe/Warsaw"
  - name: "Opole Lubelskie"
    latitude: 51.14775
    longitude: 21.96897
    population: 8780
    dem: 150
    timezone: "Europe/Warsaw"
  - name: "Miedzyrzec Podlaski"
    latitude: 51.9864
    longitude: 22.78248
    population: 17158
    dem: 148
    timezone: "Europe/Warsaw"
  - name: "Lukow"
    latitude: 51.929
    longitude: 22.37956
    population: 30465
    dem: 159
    timezone: "Europe/Warsaw"
  - name: "Ludwin"
    latitude: 51.34605
    longitude: 22.90581
    population: 5041
    dem: 169
    timezone: "Europe/Warsaw"
  - name: "Lublin"
    latitude: 51.25
    longitude: 22.56667
    population: 360044
    dem: 183
    timezone: "Europe/Warsaw"
  - name: "Lubartow"
    latitude: 51.46026
    longitude: 22.60952
    population: 22839
    dem: 159
    timezone: "Europe/Warsaw"
  - name: "Leczna"
    latitude: 51.30121
    longitude: 22.88135
    population: 21719
    dem: 172
    timezone: "Europe/Warsaw"
  - name: "Krasnystaw"
    latitude: 50.98464
    longitude: 23.1742
    population: 19532
    dem: 184
    timezone: "Europe/Warsaw"
  - name: "Krasnik"
    latitude: 50.9236
    longitude: 22.22706
    population: 35834
    dem: 199
    timezone: "Europe/Warsaw"
  - name: "Janow Lubelski"
    latitude: 50.70695
    longitude: 22.41039
    population: 11811
    dem: 215
    timezone: "Europe/Warsaw"
  - name: "Hrubieszow"
    latitude: 50.80502
    longitude: 23.89251
    population: 18605
    dem: 188
    timezone: "Europe/Warsaw"
  - name: "Deblin"
    latitude: 51.55912
    longitude: 21.84829
    population: 17775
    dem: 115
    timezone: "Europe/Warsaw"
  - name: "Chelm"
    latitude: 51.14312
    longitude: 23.4716
    population: 68043
    dem: 177
    timezone: "Europe/Warsaw"
  - name: "Bychawa"
    latitude: 51.01608
    longitude: 22.53296
    population: 5297
    dem: 215
    timezone: "Europe/Warsaw"
  - name: "Bilgoraj"
    latitude: 50.54114
    longitude: 22.72204
    population: 26987
    dem: 202
    timezone: "Europe/Warsaw"
  - name: "Biala Podlaska"
    latitude: 52.03238
    longitude: 23.11652
    population: 57541
    dem: 142
    timezone: "Europe/Warsaw"
  - name: "Belzyce"
    latitude: 51.17415
    longitude: 22.28027
    population: 6958
    dem: 212
    timezone: "Europe/Warsaw"
- name: "Wojewodztwo Podlaskie"
  cities:
  - name: "Zambrow"
    latitude: 52.9855
    longitude: 22.24319
    population: 22857
    dem: 125
    timezone: "Europe/Warsaw"
  - name: "Wysokie Mazowieckie"
    latitude: 52.91661
    longitude: 22.51712
    population: 9203
    dem: 143
    timezone: "Europe/Warsaw"
  - name: "Wasilkow"
    latitude: 53.19909
    longitude: 23.20776
    population: 9440
    dem: 129
    timezone: "Europe/Warsaw"
  - name: "Suwalki"
    latitude: 54.11175
    longitude: 22.93087
    population: 69222
    dem: 177
    timezone: "Europe/Warsaw"
  - name: "Sokolka"
    latitude: 53.40715
    longitude: 23.50228
    population: 19079
    dem: 174
    timezone: "Europe/Warsaw"
  - name: "Siemiatycze"
    latitude: 52.42719
    longitude: 22.86231
    population: 15421
    dem: 147
    timezone: "Europe/Warsaw"
  - name: "Sejny"
    latitude: 54.10802
    longitude: 23.34698
    population: 5872
    dem: 136
    timezone: "Europe/Warsaw"
  - name: "Monki"
    latitude: 53.40496
    longitude: 22.79791
    population: 10577
    dem: 172
    timezone: "Europe/Warsaw"
  - name: "Lomza"
    latitude: 53.17806
    longitude: 22.05935
    population: 63723
    dem: 103
    timezone: "Europe/Warsaw"
  - name: "Lapy"
    latitude: 52.9911
    longitude: 22.88422
    population: 16434
    dem: 120
    timezone: "Europe/Warsaw"
  - name: "Kolno"
    latitude: 53.41148
    longitude: 21.92905
    population: 10659
    dem: 127
    timezone: "Europe/Warsaw"
  - name: "Hajnowka"
    latitude: 52.74328
    longitude: 23.58122
    population: 22157
    dem: 162
    timezone: "Europe/Warsaw"
  - name: "Grudki"
    latitude: 53.09488
    longitude: 23.66848
    population: 5822
    dem: 144
    timezone: "Europe/Warsaw"
  - name: "Grajewo"
    latitude: 53.64728
    longitude: 22.45537
    population: 22803
    dem: 125
    timezone: "Europe/Warsaw"
  - name: "Dabrowa Bialostocka"
    latitude: 53.65364
    longitude: 23.34792
    population: 6044
    dem: 144
    timezone: "Europe/Warsaw"
  - name: "Czarna Bialostocka"
    latitude: 53.30509
    longitude: 23.28146
    population: 9592
    dem: 157
    timezone: "Europe/Warsaw"
  - name: "Choroszcz"
    latitude: 53.14332
    longitude: 22.98889
    population: 5449
    dem: 125
    timezone: "Europe/Warsaw"
  - name: "Bielsk Podlaski"
    latitude: 52.76512
    longitude: 23.18647
    population: 26493
    dem: 139
    timezone: "Europe/Warsaw"
  - name: "Bialystok"
    latitude: 53.13333
    longitude: 23.16433
    population: 291855
    dem: 135
    timezone: "Europe/Warsaw"
  - name: "Augustow"
    latitude: 53.84321
    longitude: 22.97979
    population: 29752
    dem: 128
    timezone: "Europe/Warsaw"
- name: "Wojewodztwo Podkarpackie"
  cities:
  - name: "Zolynia"
    latitude: 50.162
    longitude: 22.30825
    population: 5145
    dem: 210
    timezone: "Europe/Warsaw"
  - name: "Zagorz"
    latitude: 49.51457
    longitude: 22.26706
    population: 5129
    dem: 303
    timezone: "Europe/Warsaw"
  - name: "Ustrzyki Dolne"
    latitude: 49.4304
    longitude: 22.59381
    population: 9610
    dem: 462
    timezone: "Europe/Warsaw"
  - name: "Tarnobrzeg"
    latitude: 50.57304
    longitude: 21.67937
    population: 50459
    dem: 162
    timezone: "Europe/Warsaw"
  - name: "Strzyzow"
    latitude: 49.87074
    longitude: 21.79413
    population: 8739
    dem: 232
    timezone: "Europe/Warsaw"
  - name: "Stalowa Wola"
    latitude: 50.58286
    longitude: 22.05334
    population: 66495
    dem: 162
    timezone: "Europe/Warsaw"
  - name: "Sedziszow Malopolski"
    latitude: 50.07069
    longitude: 21.70062
    population: 7096
    dem: 220
    timezone: "Europe/Warsaw"
  - name: "Sanok"
    latitude: 49.55573
    longitude: 22.2056
    population: 39684
    dem: 289
    timezone: "Europe/Warsaw"
  - name: "Rzeszow"
    latitude: 50.04132
    longitude: 21.99901
    population: 158382
    dem: 209
    timezone: "Europe/Warsaw"
  - name: "Rudnik nad Sanem"
    latitude: 50.44152
    longitude: 22.24856
    population: 6770
    dem: 166
    timezone: "Europe/Warsaw"
  - name: "Ropczyce"
    latitude: 50.05229
    longitude: 21.60891
    population: 15279
    dem: 210
    timezone: "Europe/Warsaw"
  - name: "Rakszawa"
    latitude: 50.16051
    longitude: 22.23907
    population: 6894
    dem: 215
    timezone: "Europe/Warsaw"
  - name: "Radymno"
    latitude: 49.9472
    longitude: 22.82375
    population: 5464
    dem: 197
    timezone: "Europe/Warsaw"
  - name: "Przeworsk"
    latitude: 50.05912
    longitude: 22.49408
    population: 15805
    dem: 201
    timezone: "Europe/Warsaw"
  - name: "Przemysl"
    latitude: 49.78498
    longitude: 22.76728
    population: 67013
    dem: 193
    timezone: "Europe/Warsaw"
  - name: "Oleszyce"
    latitude: 50.1675
    longitude: 23.03481
    population: 5193
    dem: 216
    timezone: "Europe/Warsaw"
  - name: "Nowa Sarzyna"
    latitude: 50.32086
    longitude: 22.34456
    population: 6255
    dem: 174
    timezone: "Europe/Warsaw"
  - name: "Nowa Deba"
    latitude: 50.42974
    longitude: 21.75078
    population: 11489
    dem: 162
    timezone: "Europe/Warsaw"
  - name: "Nisko"
    latitude: 50.51987
    longitude: 22.13968
    population: 15573
    dem: 162
    timezone: "Europe/Warsaw"
  - name: "Mielec"
    latitude: 50.28709
    longitude: 21.4239
    population: 60993
    dem: 178
    timezone: "Europe/Warsaw"
  - name: "Lubaczow"
    latitude: 50.157
    longitude: 23.12339
    population: 12595
    dem: 216
    timezone: "Europe/Warsaw"
  - name: "Lezajsk"
    latitude: 50.26257
    longitude: 22.41932
    population: 13958
    dem: 178
    timezone: "Europe/Warsaw"
  - name: "Lesko"
    latitude: 49.4701
    longitude: 22.33042
    population: 5700
    dem: 362
    timezone: "Europe/Warsaw"
  - name: "Lancut"
    latitude: 50.06871
    longitude: 22.22912
    population: 18266
    dem: 231
    timezone: "Europe/Warsaw"
  - name: "Krosno"
    latitude: 49.68866
    longitude: 21.77058
    population: 47784
    dem: 278
    timezone: "Europe/Warsaw"
  - name: "Korczyna"
    latitude: 49.71555
    longitude: 21.80941
    population: 6100
    dem: 292
    timezone: "Europe/Warsaw"
  - name: "Kolbuszowa"
    latitude: 50.2441
    longitude: 21.7761
    population: 10442
    dem: 203
    timezone: "Europe/Warsaw"
  - name: "Jezowe"
    latitude: 50.37486
    longitude: 22.12749
    population: 5358
    dem: 175
    timezone: "Europe/Warsaw"
  - name: "Jedlicze"
    latitude: 49.71749
    longitude: 21.64886
    population: 5629
    dem: 263
    timezone: "Europe/Warsaw"
  - name: "Jaslo"
    latitude: 49.74506
    longitude: 21.47252
    population: 37851
    dem: 231
    timezone: "Europe/Warsaw"
  - name: "Jaroslaw"
    latitude: 50.01623
    longitude: 22.67776
    population: 40134
    dem: 215
    timezone: "Europe/Warsaw"
  - name: "Gorzyce"
    latitude: 50.6672
    longitude: 21.84013
    population: 8009
    dem: 141
    timezone: "Europe/Warsaw"
  - name: "Glogow Malopolski"
    latitude: 50.15122
    longitude: 21.96287
    population: 5451
    dem: 232
    timezone: "Europe/Warsaw"
  - name: "Dynow"
    latitude: 49.81506
    longitude: 22.23388
    population: 6065
    dem: 255
    timezone: "Europe/Warsaw"
  - name: "Debica"
    latitude: 50.05146
    longitude: 21.41141
    population: 47366
    dem: 200
    timezone: "Europe/Warsaw"
  - name: "Brzozow"
    latitude: 49.69501
    longitude: 22.01926
    population: 7836
    dem: 305
    timezone: "Europe/Warsaw"
  - name: "Boguchwala"
    latitude: 49.98473
    longitude: 21.94528
    population: 5823
    dem: 222
    timezone: "Europe/Warsaw"
- name: "Wojewodztwo Slaskie"
  cities:
  - name: "Zywiec"
    latitude: 49.68529
    longitude: 19.19243
    population: 32132
    dem: 347
    timezone: "Europe/Warsaw"
  - name: "Zory"
    latitude: 50.04523
    longitude: 18.70062
    population: 63174
    dem: 251
    timezone: "Europe/Warsaw"
  - name: "Zebrzydowice"
    latitude: 49.87793
    longitude: 18.61127
    population: 5046
    dem: 226
    timezone: "Europe/Warsaw"
  - name: "Zawiercie"
    latitude: 50.48766
    longitude: 19.41679
    population: 53159
    dem: 332
    timezone: "Europe/Warsaw"
  - name: "Zabrze"
    latitude: 50.32492
    longitude: 18.78576
    population: 192177
    dem: 258
    timezone: "Europe/Warsaw"
  - name: "Wola"
    latitude: 50.01745
    longitude: 19.12333
    population: 8508
    dem: 239
    timezone: "Europe/Warsaw"
  - name: "Wojkowice"
    latitude: 50.36509
    longitude: 19.03652
    population: 9311
    dem: 289
    timezone: "Europe/Warsaw"
  - name: "Wodzislaw Slaski"
    latitude: 50.00377
    longitude: 18.47205
    population: 49521
    dem: 246
    timezone: "Europe/Warsaw"
  - name: "Wisla"
    latitude: 49.65629
    longitude: 18.8591
    population: 11379
    dem: 428
    timezone: "Europe/Warsaw"
  - name: "Wilkowice"
    latitude: 49.76282
    longitude: 19.08973
    population: 6496
    dem: 402
    timezone: "Europe/Warsaw"
  - name: "Ustron"
    latitude: 49.72153
    longitude: 18.80198
    population: 15637
    dem: 355
    timezone: "Europe/Warsaw"
  - name: "Tychy"
    latitude: 50.13717
    longitude: 18.96641
    population: 130000
    dem: 259
    timezone: "Europe/Warsaw"
  - name: "Tarnowskie Gory"
    latitude: 50.44548
    longitude: 18.86147
    population: 60938
    dem: 297
    timezone: "Europe/Warsaw"
  - name: "Szczyrk"
    latitude: 49.71724
    longitude: 19.03183
    population: 5860
    dem: 501
    timezone: "Europe/Warsaw"
  - name: "Swietochlowice"
    latitude: 50.29636
    longitude: 18.91726
    population: 55600
    dem: 282
    timezone: "Europe/Warsaw"
  - name: "Sosnowiec"
    latitude: 50.28682
    longitude: 19.10385
    population: 227295
    dem: 256
    timezone: "Europe/Warsaw"
  - name: "Slawkow"
    latitude: 50.29943
    longitude: 19.38967
    population: 6901
    dem: 308
    timezone: "Europe/Warsaw"
  - name: "Skoczow"
    latitude: 49.80089
    longitude: 18.7877
    population: 14810
    dem: 293
    timezone: "Europe/Warsaw"
  - name: "Siewierz"
    latitude: 50.46657
    longitude: 19.23028
    population: 5417
    dem: 299
    timezone: "Europe/Warsaw"
  - name: "Siemianowice Slaskie"
    latitude: 50.32738
    longitude: 19.02901
    population: 73121
    dem: 270
    timezone: "Europe/Warsaw"
  - name: "Rydultowy"
    latitude: 50.05857
    longitude: 18.41703
    population: 21887
    dem: 284
    timezone: "Europe/Warsaw"
  - name: "Rybnik"
    latitude: 50.09713
    longitude: 18.54179
    population: 142510
    dem: 233
    timezone: "Europe/Warsaw"
  - name: "Ruda Slaska"
    latitude: 50.2584
    longitude: 18.85632
    population: 146189
    dem: 258
    timezone: "Europe/Warsaw"
  - name: "Radzionkow"
    latitude: 50.40026
    longitude: 18.90232
    population: 17167
    dem: 298
    timezone: "Europe/Warsaw"
  - name: "Radlin"
    latitude: 50.0502
    longitude: 18.47626
    population: 17479
    dem: 287
    timezone: "Europe/Warsaw"
  - name: "Raciborz"
    latitude: 50.09195
    longitude: 18.21928
    population: 58464
    dem: 195
    timezone: "Europe/Warsaw"
  - name: "Pyskowice"
    latitude: 50.4
    longitude: 18.63333
    population: 19018
    dem: 232
    timezone: "Europe/Warsaw"
  - name: "Pszow"
    latitude: 50.03994
    longitude: 18.39472
    population: 14028
    dem: 300
    timezone: "Europe/Warsaw"
  - name: "Pszczyna"
    latitude: 49.98037
    longitude: 18.95382
    population: 25288
    dem: 242
    timezone: "Europe/Warsaw"
  - name: "Poreba"
    latitude: 50.48831
    longitude: 19.33903
    population: 8718
    dem: 312
    timezone: "Europe/Warsaw"
  - name: "Piekary Slaskie"
    latitude: 50.38017
    longitude: 18.92653
    population: 59757
    dem: 290
    timezone: "Europe/Warsaw"
  - name: "Pawlowice"
    latitude: 49.96127
    longitude: 18.71778
    population: 9929
    dem: 264
    timezone: "Europe/Warsaw"
  - name: "Orzesze"
    latitude: 50.15595
    longitude: 18.77923
    population: 18438
    dem: 299
    timezone: "Europe/Warsaw"
  - name: "Ornontowice"
    latitude: 50.19377
    longitude: 18.75435
    population: 5291
    dem: 252
    timezone: "Europe/Warsaw"
  - name: "Niedobczyce"
    latitude: 50.0654
    longitude: 18.49531
    population: 13500
    dem: 239
    timezone: "Europe/Warsaw"
  - name: "Myszkow"
    latitude: 50.5752
    longitude: 19.32461
    population: 33273
    dem: 294
    timezone: "Europe/Warsaw"
  - name: "Myslowice"
    latitude: 50.20745
    longitude: 19.16668
    population: 75281
    elevation: 336
    dem: 255
    timezone: "Europe/Warsaw"
  - name: "Murcki"
    latitude: 50.20036
    longitude: 19.04351
    population: 5796
    dem: 320
    timezone: "Europe/Warsaw"
  - name: "Mikolow"
    latitude: 50.17103
    longitude: 18.9041
    population: 38821
    dem: 287
    timezone: "Europe/Warsaw"
  - name: "Miasteczko Slaskie"
    latitude: 50.50262
    longitude: 18.93949
    population: 7327
    dem: 301
    timezone: "Europe/Warsaw"
  - name: "Marklowice"
    latitude: 50.01695
    longitude: 18.52098
    population: 5173
    dem: 253
    timezone: "Europe/Warsaw"
  - name: "Lubliniec"
    latitude: 50.66897
    longitude: 18.6844
    population: 24133
    dem: 258
    timezone: "Europe/Warsaw"
  - name: "Lodygowice"
    latitude: 49.72992
    longitude: 19.13939
    population: 6925
    dem: 375
    timezone: "Europe/Warsaw"
  - name: "Ledziny"
    latitude: 50.14264
    longitude: 19.13149
    population: 16305
    dem: 263
    timezone: "Europe/Warsaw"
  - name: "Lazy"
    latitude: 50.42769
    longitude: 19.39465
    population: 7166
    dem: 341
    timezone: "Europe/Warsaw"
  - name: "Laziska Gorne"
    latitude: 50.14952
    longitude: 18.84215
    population: 21983
    dem: 349
    timezone: "Europe/Warsaw"
  - name: "Kuznia Raciborska"
    latitude: 50.20058
    longitude: 18.31146
    population: 5472
    dem: 187
    timezone: "Europe/Warsaw"
  - name: "Kozy"
    latitude: 49.84756
    longitude: 19.14891
    population: 11920
    dem: 386
    timezone: "Europe/Warsaw"
  - name: "Koniecpol"
    latitude: 50.77468
    longitude: 19.68896
    population: 6318
    dem: 229
    timezone: "Europe/Warsaw"
  - name: "Knurow"
    latitude: 50.21971
    longitude: 18.65067
    population: 39744
    dem: 236
    timezone: "Europe/Warsaw"
  - name: "Klobuck"
    latitude: 50.90081
    longitude: 18.93674
    population: 13190
    dem: 239
    timezone: "Europe/Warsaw"
  - name: "Katowice"
    latitude: 50.25841
    longitude: 19.02754
    population: 317316
    dem: 266
    timezone: "Europe/Warsaw"
  - name: "Kalety"
    latitude: 50.5627
    longitude: 18.8926
    population: 8670
    dem: 271
    timezone: "Europe/Warsaw"
  - name: "Jaworzno"
    latitude: 50.20528
    longitude: 19.27498
    population: 96541
    dem: 318
    timezone: "Europe/Warsaw"
  - name: "Jaworze"
    latitude: 49.79351
    longitude: 18.9479
    population: 6723
    dem: 381
    timezone: "Europe/Warsaw"
  - name: "Jastrzebie Zdroj"
    latitude: 49.95542
    longitude: 18.57479
    population: 95813
    elevation: 260
    dem: 237
    timezone: "Europe/Warsaw"
  - name: "Imielin"
    latitude: 50.14534
    longitude: 19.18599
    population: 8057
    dem: 256
    timezone: "Europe/Warsaw"
  - name: "Goczalkowice Zdroj"
    latitude: 49.94454
    longitude: 18.96927
    population: 6321
    dem: 250
    timezone: "Europe/Warsaw"
  - name: "Gliwice"
    latitude: 50.29761
    longitude: 18.67658
    population: 198835
    elevation: 200
    dem: 219
    timezone: "Europe/Warsaw"
  - name: "Dabrowa Gornicza"
    latitude: 50.33394
    longitude: 19.20479
    population: 130601
    dem: 287
    timezone: "Europe/Warsaw"
  - name: "Czestochowa"
    latitude: 50.79646
    longitude: 19.12409
    population: 248125
    dem: 253
    timezone: "Europe/Warsaw"
  - name: "Czerwionka-Leszczyny"
    latitude: 50.15007
    longitude: 18.67762
    population: 28740
    dem: 253
    timezone: "Europe/Warsaw"
  - name: "Czeladz"
    latitude: 50.31542
    longitude: 19.07824
    population: 34308
    dem: 277
    timezone: "Europe/Warsaw"
  - name: "Czechowice-Dziedzice"
    latitude: 49.91342
    longitude: 19.00479
    population: 34703
    dem: 259
    timezone: "Europe/Warsaw"
  - name: "Czaniec"
    latitude: 49.85071
    longitude: 19.25354
    population: 5536
    dem: 320
    timezone: "Europe/Warsaw"
  - name: "Cieszyn"
    latitude: 49.75133
    longitude: 18.63213
    population: 35586
    dem: 273
    timezone: "Europe/Warsaw"
  - name: "Chorzow"
    latitude: 50.30582
    longitude: 18.9742
    population: 113430
    dem: 319
    timezone: "Europe/Warsaw"
  - name: "Chelm Slaski"
    latitude: 50.10825
    longitude: 19.19552
    population: 5646
    dem: 243
    timezone: "Europe/Warsaw"
  - name: "Bytom"
    latitude: 50.34802
    longitude: 18.93282
    population: 189186
    dem: 285
    timezone: "Europe/Warsaw"
  - name: "Brenna"
    latitude: 49.72576
    longitude: 18.90249
    population: 5859
    dem: 395
    timezone: "Europe/Warsaw"
  - name: "Blachownia"
    latitude: 50.78015
    longitude: 18.96389
    population: 9891
    dem: 262
    timezone: "Europe/Warsaw"
  - name: "Bierun"
    latitude: 50.09
    longitude: 19.09291
    population: 19659
    dem: 239
    timezone: "Europe/Warsaw"
  - name: "Bielsko-Biala"
    latitude: 49.82245
    longitude: 19.04686
    population: 176515
    elevation: 330
    dem: 319
    timezone: "Europe/Warsaw"
  - name: "Bedzin"
    latitude: 50.32607
    longitude: 19.12565
    population: 58236
    dem: 255
    timezone: "Europe/Warsaw"
- name: "Wojewodztwo Malopolskie"
  cities:
  - name: "Wieliczka"
    latitude: 49.98738
    longitude: 20.06473
    population: 18677
    dem: 261
    timezone: "Europe/Warsaw"
  - name: "Tuchow"
    latitude: 49.89485
    longitude: 21.05407
    population: 6680
    dem: 231
    timezone: "Europe/Warsaw"
  - name: "Tarnow"
    latitude: 50.01381
    longitude: 20.98698
    population: 117799
    dem: 220
    timezone: "Europe/Warsaw"
  - name: "Szczawnica"
    latitude: 49.42437
    longitude: 20.48487
    population: 6032
    dem: 464
    timezone: "Europe/Warsaw"
  - name: "Stary Sacz"
    latitude: 49.56364
    longitude: 20.63496
    population: 8959
    dem: 318
    timezone: "Europe/Warsaw"
  - name: "Proszowice"
    latitude: 50.19275
    longitude: 20.28909
    population: 6146
    dem: 222
    timezone: "Europe/Warsaw"
  - name: "Piwniczna-Zdroj"
    latitude: 49.44056
    longitude: 20.71423
    population: 5793
    dem: 394
    timezone: "Europe/Warsaw"
  - name: "Nowy Targ"
    latitude: 49.47783
    longitude: 20.03228
    population: 33763
    dem: 595
    timezone: "Europe/Warsaw"
  - name: "Nowy Sacz"
    latitude: 49.62177
    longitude: 20.69705
    population: 84376
    dem: 293
    timezone: "Europe/Warsaw"
  - name: "Niepolomice"
    latitude: 50.04066
    longitude: 20.22257
    population: 9384
    dem: 190
    timezone: "Europe/Warsaw"
  - name: "Muszyna"
    latitude: 49.35661
    longitude: 20.89718
    population: 5018
    elevation: 450
    dem: 451
    timezone: "Europe/Warsaw"
  - name: "Mszana Dolna"
    latitude: 49.67432
    longitude: 20.07992
    population: 7500
    dem: 395
    timezone: "Europe/Warsaw"
  - name: "Miechow"
    latitude: 50.35648
    longitude: 20.02788
    population: 11735
    dem: 298
    timezone: "Europe/Warsaw"
  - name: "Limanowa"
    latitude: 49.70594
    longitude: 20.42204
    population: 14714
    dem: 408
    timezone: "Europe/Warsaw"
  - name: "Krynica-Zdroj"
    latitude: 49.42225
    longitude: 20.95942
    population: 12270
    dem: 592
    timezone: "Europe/Warsaw"
  - name: "Grybow"
    latitude: 49.62439
    longitude: 20.94797
    population: 5994
    dem: 329
    timezone: "Europe/Warsaw"
  - name: "Gorlice"
    latitude: 49.65563
    longitude: 21.16035
    population: 28609
    dem: 283
    timezone: "Europe/Warsaw"
  - name: "Dobczyce"
    latitude: 49.88109
    longitude: 20.08936
    population: 6171
    dem: 243
    timezone: "Europe/Warsaw"
  - name: "Dabrowa Tarnowska"
    latitude: 50.17462
    longitude: 20.98633
    population: 11291
    dem: 208
    timezone: "Europe/Warsaw"
  - name: "Brzesko"
    latitude: 49.96911
    longitude: 20.60606
    population: 16866
    dem: 225
    timezone: "Europe/Warsaw"
  - name: "Bochnia"
    latitude: 49.96905
    longitude: 20.43028
    population: 29184
    dem: 218
    timezone: "Europe/Warsaw"
  - name: "Zawoja"
    latitude: 49.64396
    longitude: 19.54227
    population: 6200
    dem: 573
    timezone: "Europe/Warsaw"
  - name: "Zakopane"
    latitude: 49.29899
    longitude: 19.94885
    population: 27580
    dem: 819
    timezone: "Europe/Warsaw"
  - name: "Wolbrom"
    latitude: 50.37957
    longitude: 19.75831
    population: 9146
    dem: 375
    timezone: "Europe/Warsaw"
  - name: "Wieprz"
    latitude: 49.89093
    longitude: 19.35688
    population: 5002
    dem: 289
    timezone: "Europe/Warsaw"
  - name: "Wadowice"
    latitude: 49.88335
    longitude: 19.49292
    population: 19238
    dem: 271
    timezone: "Europe/Warsaw"
  - name: "Trzebinia"
    latitude: 50.15931
    longitude: 19.46966
    population: 18828
    dem: 314
    timezone: "Europe/Warsaw"
  - name: "Sulkowice"
    latitude: 49.84053
    longitude: 19.80097
    population: 6362
    dem: 290
    timezone: "Europe/Warsaw"
  - name: "Sulecin"
    latitude: 52.44429
    longitude: 15.11676
    population: 10090
    dem: 78
    timezone: "Europe/Warsaw"
  - name: "Sucha Beskidzka"
    latitude: 49.74188
    longitude: 19.59429
    population: 9801
    dem: 338
    timezone: "Europe/Warsaw"
  - name: "Stryszawa"
    latitude: 49.71327
    longitude: 19.52185
    population: 5266
    dem: 435
    timezone: "Europe/Warsaw"
  - name: "Skawina"
    latitude: 49.97524
    longitude: 19.82869
    population: 23647
    dem: 218
    timezone: "Europe/Warsaw"
  - name: "Rabka-Zdroj"
    latitude: 49.60889
    longitude: 19.96654
    population: 13071
    dem: 494
    timezone: "Europe/Warsaw"
  - name: "Oswiecim"
    latitude: 50.03437
    longitude: 19.21037
    population: 41143
    dem: 232
    timezone: "Europe/Warsaw"
  - name: "Osiek"
    latitude: 49.95067
    longitude: 19.26444
    population: 8000
    dem: 259
    timezone: "Europe/Warsaw"
  - name: "Olkusz"
    latitude: 50.2813
    longitude: 19.56503
    population: 37744
    dem: 366
    timezone: "Europe/Warsaw"
  - name: "Myslenice"
    latitude: 49.83383
    longitude: 19.9383
    population: 17686
    dem: 304
    timezone: "Europe/Warsaw"
  - name: "Makow Podhalanski"
    latitude: 49.73008
    longitude: 19.67711
    population: 5746
    dem: 361
    timezone: "Europe/Warsaw"
  - name: "Libiaz"
    latitude: 50.10396
    longitude: 19.31568
    population: 17834
    dem: 285
    timezone: "Europe/Warsaw"
  - name: "Krzeszowice"
    latitude: 50.14248
    longitude: 19.63223
    population: 9978
    dem: 271
    timezone: "Europe/Warsaw"
  - name: "Krakow"
    latitude: 50.06143
    longitude: 19.93658
    population: 755050
    dem: 219
    timezone: "Europe/Warsaw"
  - name: "Klucze"
    latitude: 50.33565
    longitude: 19.56236
    population: 5926
    dem: 352
    timezone: "Europe/Warsaw"
  - name: "Kety"
    latitude: 49.88214
    longitude: 19.22333
    population: 19249
    dem: 275
    timezone: "Europe/Warsaw"
  - name: "Jordanow"
    latitude: 49.64935
    longitude: 19.82981
    population: 5194
    dem: 497
    timezone: "Europe/Warsaw"
  - name: "Chrzanow"
    latitude: 50.13546
    longitude: 19.40203
    population: 39973
    dem: 273
    timezone: "Europe/Warsaw"
  - name: "Chocznia"
    latitude: 49.87417
    longitude: 19.45438
    population: 5510
    dem: 288
    timezone: "Europe/Warsaw"
  - name: "Chelmek"
    latitude: 50.10163
    longitude: 19.24801
    population: 9059
    dem: 249
    timezone: "Europe/Warsaw"
  - name: "Bukowno"
    latitude: 50.26474
    longitude: 19.45962
    population: 10874
    dem: 314
    timezone: "Europe/Warsaw"
  - name: "Brzeszcze"
    latitude: 49.98203
    longitude: 19.15157
    population: 11787
    dem: 252
    timezone: "Europe/Warsaw"
  - name: "Andrychow"
    latitude: 49.85497
    longitude: 19.33834
    population: 21954
    dem: 327
    timezone: "Europe/Warsaw"
- name: "Wojewodztwo Wielkopolskie"
  cities:
  - name: "Zlotow"
    latitude: 53.36346
    longitude: 17.04082
    population: 18395
    dem: 114
    timezone: "Europe/Warsaw"
  - name: "Zbaszyn"
    latitude: 52.2509
    longitude: 15.9252
    population: 7185
    dem: 59
    timezone: "Europe/Warsaw"
  - name: "Wyrzysk"
    latitude: 53.153
    longitude: 17.26802
    population: 5263
    dem: 67
    timezone: "Europe/Warsaw"
  - name: "Wrzesnia"
    latitude: 52.32512
    longitude: 17.56519
    population: 28703
    dem: 106
    timezone: "Europe/Warsaw"
  - name: "Wronki"
    latitude: 52.71051
    longitude: 16.38044
    population: 11462
    dem: 47
    timezone: "Europe/Warsaw"
  - name: "Wolsztyn"
    latitude: 52.11552
    longitude: 16.11712
    population: 13689
    dem: 63
    timezone: "Europe/Warsaw"
  - name: "Witkowo"
    latitude: 52.43964
    longitude: 17.77264
    population: 7825
    dem: 120
    timezone: "Europe/Warsaw"
  - name: "Wielen"
    latitude: 52.89461
    longitude: 16.17136
    population: 6067
    dem: 35
    timezone: "Europe/Warsaw"
  - name: "Wagrowiec"
    latitude: 52.80842
    longitude: 17.19961
    population: 24428
    dem: 82
    timezone: "Europe/Warsaw"
  - name: "Turek"
    latitude: 52.01548
    longitude: 18.50055
    population: 29533
    dem: 121
    timezone: "Europe/Warsaw"
  - name: "Trzemeszno"
    latitude: 52.56139
    longitude: 17.82311
    population: 7840
    dem: 107
    timezone: "Europe/Warsaw"
  - name: "Trzcianka"
    latitude: 53.04063
    longitude: 16.45629
    population: 16914
    dem: 78
    timezone: "Europe/Warsaw"
  - name: "Szamotuly"
    latitude: 52.61201
    longitude: 16.57794
    population: 18588
    dem: 71
    timezone: "Europe/Warsaw"
  - name: "Swarzedz"
    latitude: 52.41289
    longitude: 17.08503
    population: 29010
    dem: 92
    timezone: "Europe/Warsaw"
  - name: "Strzalkowo"
    latitude: 52.30701
    longitude: 17.81811
    population: 5140
    dem: 100
    timezone: "Europe/Warsaw"
  - name: "Steszew"
    latitude: 52.2837
    longitude: 16.70085
    population: 5596
    dem: 73
    timezone: "Europe/Warsaw"
  - name: "Sroda Wielkopolska"
    latitude: 52.22843
    longitude: 17.27617
    population: 21757
    dem: 92
    timezone: "Europe/Warsaw"
  - name: "Srem"
    latitude: 52.08868
    longitude: 17.01508
    population: 30404
    dem: 79
    timezone: "Europe/Warsaw"
  - name: "Smigiel"
    latitude: 52.01339
    longitude: 16.52704
    population: 5531
    dem: 103
    timezone: "Europe/Warsaw"
  - name: "Slupca"
    latitude: 52.28733
    longitude: 17.87192
    population: 14476
    dem: 94
    timezone: "Europe/Warsaw"
  - name: "Sierakow"
    latitude: 52.65134
    longitude: 16.08047
    population: 6090
    dem: 42
    timezone: "Europe/Warsaw"
  - name: "Rogozno"
    latitude: 52.75226
    longitude: 16.99049
    population: 10859
    dem: 72
    timezone: "Europe/Warsaw"
  - name: "Rawicz"
    latitude: 51.60946
    longitude: 16.85852
    population: 21380
    dem: 100
    timezone: "Europe/Warsaw"
  - name: "Puszczykowo"
    latitude: 52.2857
    longitude: 16.84925
    population: 9143
    dem: 76
    timezone: "Europe/Warsaw"
  - name: "Poznan"
    latitude: 52.40692
    longitude: 16.92993
    population: 570352
    dem: 69
    timezone: "Europe/Warsaw"
  - name: "Pobiedziska"
    latitude: 52.47753
    longitude: 17.28767
    population: 8677
    dem: 109
    timezone: "Europe/Warsaw"
  - name: "Pniewy"
    latitude: 52.50943
    longitude: 16.25668
    population: 7738
    dem: 99
    timezone: "Europe/Warsaw"
  - name: "Plewiska"
    latitude: 52.36706
    longitude: 16.80985
    population: 5861
    dem: 82
    timezone: "Europe/Warsaw"
  - name: "Pleszew"
    latitude: 51.89636
    longitude: 17.78549
    population: 17640
    dem: 130
    timezone: "Europe/Warsaw"
  - name: "Pila"
    latitude: 53.15145
    longitude: 16.73782
    population: 75532
    dem: 60
    timezone: "Europe/Warsaw"
  - name: "Ostrzeszow"
    latitude: 51.4264
    longitude: 17.93355
    population: 14446
    dem: 201
    timezone: "Europe/Warsaw"
  - name: "Ostrow Wielkopolski"
    latitude: 51.65501
    longitude: 17.80686
    population: 72898
    dem: 130
    timezone: "Europe/Warsaw"
  - name: "Opalenica"
    latitude: 52.30887
    longitude: 16.41278
    population: 8991
    dem: 80
    timezone: "Europe/Warsaw"
  - name: "Oborniki"
    latitude: 52.64739
    longitude: 16.81406
    population: 17915
    dem: 58
    timezone: "Europe/Warsaw"
  - name: "Nowy Tomysl"
    latitude: 52.3195
    longitude: 16.12844
    population: 15179
    dem: 74
    timezone: "Europe/Warsaw"
  - name: "Murowana Goslina"
    latitude: 52.57463
    longitude: 17.00933
    population: 9989
    dem: 78
    timezone: "Europe/Warsaw"
  - name: "Mosina"
    latitude: 52.24543
    longitude: 16.84709
    population: 12318
    dem: 65
    timezone: "Europe/Warsaw"
  - name: "Miedzychod"
    latitude: 52.59882
    longitude: 15.89696
    population: 10994
    dem: 37
    timezone: "Europe/Warsaw"
  - name: "Lubon"
    latitude: 52.34705
    longitude: 16.89267
    population: 26431
    dem: 60
    timezone: "Europe/Warsaw"
  - name: "Leszno"
    latitude: 51.84034
    longitude: 16.57494
    population: 63565
    dem: 90
    timezone: "Europe/Warsaw"
  - name: "Krzyz Wielkopolski"
    latitude: 52.88097
    longitude: 16.01116
    population: 6300
    dem: 32
    timezone: "Europe/Warsaw"
  - name: "Krotoszyn"
    latitude: 51.69868
    longitude: 17.43738
    population: 29231
    dem: 132
    timezone: "Europe/Warsaw"
  - name: "Kozmin Wielkopolski"
    latitude: 51.82712
    longitude: 17.45391
    population: 6678
    dem: 136
    timezone: "Europe/Warsaw"
  - name: "Kostrzyn"
    latitude: 52.39847
    longitude: 17.22811
    population: 8965
    dem: 101
    timezone: "Europe/Warsaw"
  - name: "Koscian"
    latitude: 52.08829
    longitude: 16.64866
    population: 24096
    dem: 70
    timezone: "Europe/Warsaw"
  - name: "Kornik"
    latitude: 52.24772
    longitude: 17.08949
    population: 7206
    dem: 68
    timezone: "Europe/Warsaw"
  - name: "Konin"
    latitude: 52.22338
    longitude: 18.25121
    population: 81258
    dem: 83
    timezone: "Europe/Warsaw"
  - name: "Komorniki"
    latitude: 52.3387
    longitude: 16.81063
    population: 5144
    dem: 79
    timezone: "Europe/Warsaw"
  - name: "Kolo"
    latitude: 52.20024
    longitude: 18.63865
    population: 23493
    dem: 96
    timezone: "Europe/Warsaw"
  - name: "Klodawa"
    latitude: 52.25447
    longitude: 18.91352
    population: 6714
    dem: 106
    timezone: "Europe/Warsaw"
  - name: "Kepno"
    latitude: 51.2784
    longitude: 17.98908
    population: 14813
    dem: 171
    timezone: "Europe/Warsaw"
  - name: "Kalisz"
    latitude: 51.76109
    longitude: 18.09102
    population: 108759
    dem: 109
    timezone: "Europe/Warsaw"
  - name: "Jastrowie"
    latitude: 53.42048
    longitude: 16.81756
    population: 8452
    dem: 97
    timezone: "Europe/Warsaw"
  - name: "Jarocin"
    latitude: 51.97266
    longitude: 17.50256
    population: 25665
    dem: 119
    timezone: "Europe/Warsaw"
  - name: "Grodzisk Wielkopolski"
    latitude: 52.22762
    longitude: 16.36534
    population: 13826
    dem: 86
    timezone: "Europe/Warsaw"
  - name: "Gostyn"
    latitude: 51.88247
    longitude: 17.01225
    population: 20771
    dem: 92
    timezone: "Europe/Warsaw"
  - name: "Gniezno"
    latitude: 52.53481
    longitude: 17.58259
    population: 70269
    dem: 120
    timezone: "Europe/Warsaw"
  - name: "Czerwonak"
    latitude: 52.46459
    longitude: 16.98169
    population: 5432
    dem: 61
    timezone: "Europe/Warsaw"
  - name: "Czempin"
    latitude: 52.14404
    longitude: 16.76408
    population: 5093
    dem: 69
    timezone: "Europe/Warsaw"
  - name: "Czarnkow"
    latitude: 52.90214
    longitude: 16.56413
    population: 11562
    dem: 54
    timezone: "Europe/Warsaw"
  - name: "Chodziez"
    latitude: 52.99505
    longitude: 16.9198
    population: 19776
    dem: 62
    timezone: "Europe/Warsaw"
  - name: "Buk"
    latitude: 52.35532
    longitude: 16.51958
    population: 6102
    dem: 85
    timezone: "Europe/Warsaw"
- name: "Wojewodztwo Lodzkie"
  cities:
  - name: "Tomaszow Mazowiecki"
    latitude: 51.53131
    longitude: 20.00855
    population: 67197
    dem: 164
    timezone: "Europe/Warsaw"
  - name: "Skierniewice"
    latitude: 51.95485
    longitude: 20.15837
    population: 49042
    dem: 128
    timezone: "Europe/Warsaw"
  - name: "Rawa Mazowiecka"
    latitude: 51.76437
    longitude: 20.25493
    population: 17770
    dem: 138
    timezone: "Europe/Warsaw"
  - name: "Opoczno"
    latitude: 51.37569
    longitude: 20.27827
    population: 22592
    dem: 193
    timezone: "Europe/Warsaw"
  - name: "Zychlin"
    latitude: 52.24404
    longitude: 19.62613
    population: 9009
    dem: 100
    timezone: "Europe/Warsaw"
  - name: "Zgierz"
    latitude: 51.85561
    longitude: 19.40623
    population: 58036
    dem: 187
    timezone: "Europe/Warsaw"
  - name: "Zelow"
    latitude: 51.46452
    longitude: 19.21972
    population: 8003
    dem: 189
    timezone: "Europe/Warsaw"
  - name: "Zdunska Wola"
    latitude: 51.59915
    longitude: 18.93974
    population: 44515
    dem: 180
    timezone: "Europe/Warsaw"
  - name: "Wieruszow"
    latitude: 51.29488
    longitude: 18.15547
    population: 8692
    dem: 154
    timezone: "Europe/Warsaw"
  - name: "Wielun"
    latitude: 51.22097
    longitude: 18.56964
    population: 24384
    dem: 180
    timezone: "Europe/Warsaw"
  - name: "Tuszyn"
    latitude: 51.60949
    longitude: 19.53009
    population: 7124
    dem: 209
    timezone: "Europe/Warsaw"
  - name: "Sulejow"
    latitude: 51.35436
    longitude: 19.88538
    population: 6332
    dem: 168
    timezone: "Europe/Warsaw"
  - name: "Sieradz"
    latitude: 51.59584
    longitude: 18.73023
    population: 44436
    dem: 137
    timezone: "Europe/Warsaw"
  - name: "Radomsko"
    latitude: 51.06713
    longitude: 19.44477
    population: 49175
    dem: 223
    timezone: "Europe/Warsaw"
  - name: "Poddebice"
    latitude: 51.89344
    longitude: 18.9573
    population: 7840
    dem: 126
    timezone: "Europe/Warsaw"
  - name: "Piotrkow Trybunalski"
    latitude: 51.40547
    longitude: 19.70321
    population: 80128
    dem: 194
    timezone: "Europe/Warsaw"
  - name: "Pajeczno"
    latitude: 51.14449
    longitude: 18.99612
    population: 6731
    dem: 222
    timezone: "Europe/Warsaw"
  - name: "Pabianice"
    latitude: 51.66446
    longitude: 19.35473
    population: 70542
    dem: 179
    timezone: "Europe/Warsaw"
  - name: "Ozorkow"
    latitude: 51.96336
    longitude: 19.29139
    population: 20608
    dem: 124
    timezone: "Europe/Warsaw"
  - name: "Lowicz"
    latitude: 52.10714
    longitude: 19.94525
    population: 29809
    dem: 91
    timezone: "Europe/Warsaw"
  - name: "Lodz"
    latitude: 51.77058
    longitude: 19.47395
    population: 768755
    dem: 223
    timezone: "Europe/Warsaw"
  - name: "Leczyca"
    latitude: 52.05959
    longitude: 19.19972
    population: 15528
    dem: 112
    timezone: "Europe/Warsaw"
  - name: "Lask"
    latitude: 51.59056
    longitude: 19.13278
    population: 18577
    dem: 171
    timezone: "Europe/Warsaw"
  - name: "Kutno"
    latitude: 52.23064
    longitude: 19.36409
    population: 48323
    dem: 112
    timezone: "Europe/Warsaw"
  - name: "Ksawerow"
    latitude: 51.68288
    longitude: 19.4028
    population: 6269
    dem: 184
    timezone: "Europe/Warsaw"
  - name: "Konstantynow Lodzki"
    latitude: 51.74776
    longitude: 19.32564
    population: 17415
    dem: 167
    timezone: "Europe/Warsaw"
  - name: "Koluszki"
    latitude: 51.73872
    longitude: 19.81994
    population: 13343
    dem: 210
    timezone: "Europe/Warsaw"
  - name: "Glowno"
    latitude: 51.96463
    longitude: 19.71565
    population: 15103
    dem: 123
    timezone: "Europe/Warsaw"
  - name: "Dzialoszyn"
    latitude: 51.11699
    longitude: 18.86524
    population: 6222
    dem: 182
    timezone: "Europe/Warsaw"
  - name: "Brzeziny"
    latitude: 51.80023
    longitude: 19.75144
    population: 12289
    dem: 192
    timezone: "Europe/Warsaw"
  - name: "Belchatow"
    latitude: 51.36883
    longitude: 19.35671
    population: 62896
    dem: 202
    timezone: "Europe/Warsaw"
  - name: "Aleksandrow Lodzki"
    latitude: 51.81965
    longitude: 19.30384
    population: 20292
    dem: 195
    timezone: "Europe/Warsaw"
- name: "Wojewodztwo Kujawsko-Pomorskie"
  cities:
  - name: "Znin"
    latitude: 52.84958
    longitude: 17.71992
    population: 14008
    dem: 82
    timezone: "Europe/Warsaw"
  - name: "Wloclawek"
    latitude: 52.64817
    longitude: 19.0678
    population: 120339
    dem: 58
    timezone: "Europe/Warsaw"
  - name: "Wiecbork"
    latitude: 53.35384
    longitude: 17.49064
    population: 5953
    dem: 113
    timezone: "Europe/Warsaw"
  - name: "Wabrzezno"
    latitude: 53.27989
    longitude: 18.94773
    population: 13911
    dem: 105
    timezone: "Europe/Warsaw"
  - name: "Tuchola"
    latitude: 53.58792
    longitude: 17.85905
    population: 13686
    dem: 109
    timezone: "Europe/Warsaw"
  - name: "Torun"
    latitude: 53.01375
    longitude: 18.59814
    population: 208717
    dem: 51
    timezone: "Europe/Warsaw"
  - name: "Szubin"
    latitude: 53.00967
    longitude: 17.74
    population: 9206
    dem: 80
    timezone: "Europe/Warsaw"
  - name: "Swiecie"
    latitude: 53.40953
    longitude: 18.44742
    population: 25843
    dem: 41
    timezone: "Europe/Warsaw"
  - name: "Strzelno"
    latitude: 52.62789
    longitude: 18.17246
    population: 5951
    dem: 106
    timezone: "Europe/Warsaw"
  - name: "Solec Kujawski"
    latitude: 53.08371
    longitude: 18.22572
    population: 15125
    dem: 36
    timezone: "Europe/Warsaw"
  - name: "Sepolno Krajenskie"
    latitude: 53.45198
    longitude: 17.53169
    population: 9223
    dem: 119
    timezone: "Europe/Warsaw"
  - name: "Rypin"
    latitude: 53.06603
    longitude: 19.40941
    population: 16589
    dem: 92
    timezone: "Europe/Warsaw"
  - name: "Radziejow"
    latitude: 52.62481
    longitude: 18.52771
    population: 5759
    dem: 114
    timezone: "Europe/Warsaw"
  - name: "Piotrkow Kujawski"
    latitude: 52.55111
    longitude: 18.49905
    population: 5030
    dem: 103
    timezone: "Europe/Warsaw"
  - name: "Pakosc"
    latitude: 52.80178
    longitude: 18.0853
    population: 5762
    dem: 80
    timezone: "Europe/Warsaw"
  - name: "Nowe"
    latitude: 53.64906
    longitude: 18.72716
    population: 6104
    dem: 74
    timezone: "Europe/Warsaw"
  - name: "Naklo nad Notecia"
    latitude: 53.14214
    longitude: 17.60181
    population: 19565
    dem: 76
    timezone: "Europe/Warsaw"
  - name: "Mogilno"
    latitude: 52.65806
    longitude: 17.95578
    population: 12465
    dem: 93
    timezone: "Europe/Warsaw"
  - name: "Lipno"
    latitude: 52.84436
    longitude: 19.17852
    population: 14821
    dem: 90
    timezone: "Europe/Warsaw"
  - name: "Kruszwica"
    latitude: 52.67562
    longitude: 18.33131
    population: 9494
    dem: 83
    timezone: "Europe/Warsaw"
  - name: "Koronowo"
    latitude: 53.3137
    longitude: 17.93698
    population: 10965
    dem: 65
    timezone: "Europe/Warsaw"
  - name: "Janowiec Wielkopolski"
    latitude: 52.75583
    longitude: 17.48981
    population: 5110
    dem: 97
    timezone: "Europe/Warsaw"
  - name: "Janikowo"
    latitude: 52.75328
    longitude: 18.11328
    population: 9169
    dem: 92
    timezone: "Europe/Warsaw"
  - name: "Inowroclaw"
    latitude: 52.79886
    longitude: 18.26387
    population: 77597
    dem: 98
    timezone: "Europe/Warsaw"
  - name: "Grudziadz"
    latitude: 53.48411
    longitude: 18.75366
    population: 99486
    dem: 22
    timezone: "Europe/Warsaw"
  - name: "Golub-Dobrzyn"
    latitude: 53.11087
    longitude: 19.05381
    population: 12937
    dem: 62
    timezone: "Europe/Warsaw"
  - name: "Gniewkowo"
    latitude: 52.89461
    longitude: 18.40785
    population: 7224
    dem: 79
    timezone: "Europe/Warsaw"
  - name: "Fordon"
    latitude: 53.14821
    longitude: 18.17036
    population: 70000
    dem: 39
    timezone: "Europe/Warsaw"
  - name: "Ciechocinek"
    latitude: 52.87908
    longitude: 18.79505
    population: 10832
    dem: 46
    timezone: "Europe/Warsaw"
  - name: "Chelmza"
    latitude: 53.18463
    longitude: 18.60466
    population: 15403
    dem: 88
    timezone: "Europe/Warsaw"
  - name: "Chelmno"
    latitude: 53.34855
    longitude: 18.4251
    population: 20576
    dem: 72
    timezone: "Europe/Warsaw"
  - name: "Bydgoszcz"
    latitude: 53.1235
    longitude: 18.00762
    population: 366452
    dem: 37
    timezone: "Europe/Warsaw"
  - name: "Brodnica"
    latitude: 53.25967
    longitude: 19.39653
    population: 27341
    dem: 71
    timezone: "Europe/Warsaw"
  - name: "Biale Blota"
    latitude: 53.09516
    longitude: 17.91621
    population: 5989
    dem: 70
    timezone: "Europe/Warsaw"
  - name: "Barcin"
    latitude: 52.86607
    longitude: 17.94625
    population: 7682
    dem: 79
    timezone: "Europe/Warsaw"
  - name: "Aleksandrow Kujawski"
    latitude: 52.87659
    longitude: 18.69345
    population: 12290
    dem: 72
    timezone: "Europe/Warsaw"
