---
name: "Portugal"
iso: "PT"
iso3: "PRT"
code: "620"
capital: "Lisbon"
area: 92391.0
population: 10676000
continent: "EU"
currencyCode: "EUR"
currencyName: "Euro"
phone: "351"
postalCodeFormat: "####-###"
postalCodeRegex: "^\\d{4}-\\d{3}\\s?[a-zA-Z]{0,25}$"
languages: "pt-PT,mwl"
neighbours: "ES"
regions:
- name: "Distrito de Portalegre"
  cities:
  - name: "Vale da Amoreira"
    latitude: 39.06969
    longitude: -7.69849
    population: 10828
    dem: 207
    timezone: "Europe/Lisbon"
  - name: "Santo Andre"
    latitude: 39.05532
    longitude: -8.24414
    population: 11213
    dem: 94
    timezone: "Europe/Lisbon"
  - name: "Portalegre"
    latitude: 39.29379
    longitude: -7.43122
    population: 15581
    dem: 460
    timezone: "Europe/Lisbon"
  - name: "Ponte de Sor"
    latitude: 39.24964
    longitude: -8.01009
    population: 11062
    dem: 108
    timezone: "Europe/Lisbon"
  - name: "Nisa"
    latitude: 39.51499
    longitude: -7.64908
    population: 7450
    dem: 307
    timezone: "Europe/Lisbon"
  - name: "Elvas"
    latitude: 38.8815
    longitude: -7.16282
    population: 9904
    dem: 326
    timezone: "Europe/Lisbon"
  - name: "Campo Maior"
    latitude: 39.01774
    longitude: -7.06497
    population: 8235
    dem: 292
    timezone: "Europe/Lisbon"
- name: "Distrito de Viseu"
  cities:
  - name: "Viseu"
    latitude: 40.66101
    longitude: -7.90971
    population: 26364
    dem: 469
    timezone: "Europe/Lisbon"
  - name: "Vila Nova de Paiva"
    latitude: 40.85291
    longitude: -7.72791
    population: 5176
    dem: 800
    timezone: "Europe/Lisbon"
  - name: "Tondela"
    latitude: 40.51682
    longitude: -8.08087
    population: 8800
    dem: 305
    timezone: "Europe/Lisbon"
  - name: "Tabuaco"
    latitude: 41.11615
    longitude: -7.56793
    population: 6350
    dem: 542
    timezone: "Europe/Lisbon"
  - name: "Sernancelhe"
    latitude: 40.89871
    longitude: -7.49342
    population: 5671
    dem: 753
    timezone: "Europe/Lisbon"
  - name: "Sao Joao da Pesqueira"
    latitude: 41.14805
    longitude: -7.40489
    population: 7874
    dem: 609
    timezone: "Europe/Lisbon"
  - name: "Santa Comba Dao"
    latitude: 40.39856
    longitude: -8.1316
    population: 11597
    dem: 192
    timezone: "Europe/Lisbon"
  - name: "Rio de Loba"
    latitude: 40.66596
    longitude: -7.87781
    population: 9529
    dem: 489
    timezone: "Europe/Lisbon"
  - name: "Moimenta da Beira"
    latitude: 40.98383
    longitude: -7.61765
    population: 10212
    dem: 696
    timezone: "Europe/Lisbon"
  - name: "Mangualde"
    latitude: 40.60425
    longitude: -7.76115
    population: 8895
    dem: 543
    timezone: "Europe/Lisbon"
  - name: "Lamego"
    latitude: 41.09741
    longitude: -7.80991
    population: 10928
    dem: 502
    timezone: "Europe/Lisbon"
  - name: "Carregal do Sal"
    latitude: 40.43333
    longitude: -8.0
    population: 5600
    dem: 307
    timezone: "Europe/Lisbon"
  - name: "Abraveses"
    latitude: 40.68137
    longitude: -7.92102
    population: 9319
    dem: 512
    timezone: "Europe/Lisbon"
- name: "Distrito de Braga"
  cities:
  - name: "Vila Nova de Famalicao"
    latitude: 41.40797
    longitude: -8.51978
    population: 9496
    dem: 96
    timezone: "Europe/Lisbon"
  - name: "Urgeses"
    latitude: 41.4272
    longitude: -8.29796
    population: 5457
    dem: 252
    timezone: "Europe/Lisbon"
  - name: "Serzedo"
    latitude: 41.40502
    longitude: -8.22926
    population: 8000
    dem: 175
    timezone: "Europe/Lisbon"
  - name: "Semelhe"
    latitude: 41.55437
    longitude: -8.46281
    population: 11700
    dem: 126
    timezone: "Europe/Lisbon"
  - name: "Selho"
    latitude: 41.41938
    longitude: -8.34599
    population: 10223
    dem: 180
    timezone: "Europe/Lisbon"
  - name: "Sande"
    latitude: 41.7019
    longitude: -8.39246
    population: 7789
    dem: 195
    timezone: "Europe/Lisbon"
  - name: "Ribeirao"
    latitude: 41.36081
    longitude: -8.56774
    population: 8735
    dem: 71
    timezone: "Europe/Lisbon"
  - name: "Refojos de Basto"
    latitude: 41.51318
    longitude: -7.99517
    population: 5037
    dem: 313
    timezone: "Europe/Lisbon"
  - name: "Real"
    latitude: 41.55841
    longitude: -8.4433
    population: 11700
    dem: 74
    timezone: "Europe/Lisbon"
  - name: "Povoa de Lanhoso"
    latitude: 41.57873
    longitude: -8.28197
    population: 5008
    dem: 212
    timezone: "Europe/Lisbon"
  - name: "Ponte"
    latitude: 41.47057
    longitude: -8.3299
    population: 7041
    dem: 133
    timezone: "Europe/Lisbon"
  - name: "Oliveira"
    latitude: 41.47819
    longitude: -8.46965
    population: 6222
    dem: 184
    timezone: "Europe/Lisbon"
  - name: "Moreira de Conegos"
    latitude: 41.3868
    longitude: -8.3394
    population: 5607
    dem: 151
    timezone: "Europe/Lisbon"
  - name: "Merelim"
    latitude: 41.58568
    longitude: -8.46555
    population: 5363
    dem: 57
    timezone: "Europe/Lisbon"
  - name: "Marinhas"
    latitude: 41.55906
    longitude: -8.78297
    population: 6052
    dem: 15
    timezone: "Europe/Lisbon"
  - name: "Joane"
    latitude: 41.43906
    longitude: -8.40846
    population: 7869
    dem: 139
    timezone: "Europe/Lisbon"
  - name: "Guimaraes"
    latitude: 41.44443
    longitude: -8.29619
    population: 40604
    dem: 189
    timezone: "Europe/Lisbon"
  - name: "Gondizalves"
    latitude: 41.54158
    longitude: -8.4557
    population: 9148
    dem: 109
    timezone: "Europe/Lisbon"
  - name: "Galegos"
    latitude: 41.56268
    longitude: -8.57204
    population: 5404
    dem: 85
    timezone: "Europe/Lisbon"
  - name: "Ferreiros"
    latitude: 41.35
    longitude: -8.55
    population: 7870
    dem: 39
    timezone: "Europe/Lisbon"
  - name: "Apulia e Fao"
    latitude: 41.51194
    longitude: -8.77288
    population: 7301
    dem: 5
    timezone: "Europe/Lisbon"
  - name: "Fafe"
    latitude: 41.45083
    longitude: -8.17258
    population: 16868
    dem: 338
    timezone: "Europe/Lisbon"
  - name: "Esposende"
    latitude: 41.5361
    longitude: -8.78201
    population: 34625
    dem: 7
    timezone: "Europe/Lisbon"
  - name: "Calendario"
    latitude: 41.40361
    longitude: -8.52967
    population: 11357
    dem: 103
    timezone: "Europe/Lisbon"
  - name: "Caldelas"
    latitude: 41.67101
    longitude: -8.38148
    population: 5724
    dem: 78
    timezone: "Europe/Lisbon"
  - name: "Caldas de Vizela"
    latitude: 41.38212
    longitude: -8.3089
    population: 10239
    dem: 174
    timezone: "Europe/Lisbon"
  - name: "Caldas das Taipas"
    latitude: 41.48465
    longitude: -8.3485
    population: 5723
    dem: 131
    timezone: "Europe/Lisbon"
  - name: "Cabeceiras de Basto"
    latitude: 41.51431
    longitude: -7.98942
    population: 16710
    dem: 295
    timezone: "Europe/Lisbon"
  - name: "Brito"
    latitude: 41.45821
    longitude: -8.36103
    population: 5051
    dem: 149
    timezone: "Europe/Lisbon"
  - name: "Braga"
    latitude: 41.55032
    longitude: -8.42005
    population: 121394
    dem: 188
    timezone: "Europe/Lisbon"
  - name: "Barcelos"
    latitude: 41.53174
    longitude: -8.61843
    population: 19085
    dem: 24
    timezone: "Europe/Lisbon"
  - name: "Aveleda"
    latitude: 41.52113
    longitude: -8.46682
    population: 6671
    dem: 152
    timezone: "Europe/Lisbon"
  - name: "Arcos"
    latitude: 41.52185
    longitude: -8.42151
    population: 6805
    dem: 167
    timezone: "Europe/Lisbon"
- name: "Madeira"
  cities:
  - name: "Sao Vicente"
    latitude: 32.79673
    longitude: -17.04323
    population: 6063
    dem: 111
    timezone: "Atlantic/Madeira"
  - name: "Sao Roque"
    latitude: 32.66667
    longitude: -16.91667
    population: 9385
    dem: 294
    timezone: "Atlantic/Madeira"
  - name: "Sao Martinho"
    latitude: 32.6448
    longitude: -16.93843
    population: 26482
    dem: 193
    timezone: "Atlantic/Madeira"
  - name: "Santana"
    latitude: 32.8
    longitude: -16.88333
    population: 8804
    dem: 492
    timezone: "Atlantic/Madeira"
  - name: "Santa Cruz"
    latitude: 32.68806
    longitude: -16.79388
    population: 6010
    dem: 240
    timezone: "Atlantic/Madeira"
  - name: "Ribeira Brava"
    latitude: 32.67483
    longitude: -17.06288
    population: 5932
    dem: -9999
    timezone: "Atlantic/Madeira"
  - name: "Nossa Senhora do Monte"
    latitude: 32.66667
    longitude: -16.9
    population: 7444
    dem: 350
    timezone: "Atlantic/Madeira"
  - name: "Machico"
    latitude: 32.7162
    longitude: -16.76758
    population: 12567
    dem: 39
    timezone: "Atlantic/Madeira"
  - name: "Funchal"
    latitude: 32.66568
    longitude: -16.92547
    population: 100847
    dem: 280
    timezone: "Atlantic/Madeira"
  - name: "Canico"
    latitude: 32.65078
    longitude: -16.83749
    population: 23368
    dem: 337
    timezone: "Atlantic/Madeira"
  - name: "Camara de Lobos"
    latitude: 32.65043
    longitude: -16.97718
    population: 32209
    dem: 252
    timezone: "Atlantic/Madeira"
  - name: "Camacha"
    latitude: 32.67919
    longitude: -16.84462
    population: 7991
    dem: 703
    timezone: "Atlantic/Madeira"
- name: "Distrito de Setubal"
  cities:
  - name: "Trafaria"
    latitude: 38.67222
    longitude: -9.23268
    population: 5603
    dem: 12
    timezone: "Europe/Lisbon"
  - name: "Sobreda"
    latitude: 38.64961
    longitude: -9.18977
    population: 11146
    dem: 58
    timezone: "Europe/Lisbon"
  - name: "Sines"
    latitude: 37.95622
    longitude: -8.86979
    population: 12791
    dem: 40
    timezone: "Europe/Lisbon"
  - name: "Sesimbra"
    latitude: 38.44451
    longitude: -9.10149
    population: 41134
    dem: 26
    timezone: "Europe/Lisbon"
  - name: "Setubal"
    latitude: 38.5244
    longitude: -8.8882
    population: 117110
    dem: 16
    timezone: "Europe/Lisbon"
  - name: "Santo Antonio da Charneca"
    latitude: 38.62561
    longitude: -9.03043
    population: 11143
    dem: 49
    timezone: "Europe/Lisbon"
  - name: "Santo Andre"
    latitude: 38.06078
    longitude: -8.7822
    population: 10601
    dem: 32
    timezone: "Europe/Lisbon"
  - name: "Santiago do Cacem"
    latitude: 38.01693
    longitude: -8.69475
    population: 7797
    dem: 220
    timezone: "Europe/Lisbon"
  - name: "Quinta do Anjo"
    latitude: 38.56753
    longitude: -8.94228
    population: 9124
    dem: 94
    timezone: "Europe/Lisbon"
  - name: "Pragal"
    latitude: 38.67459
    longitude: -9.16981
    population: 7701
    dem: 96
    timezone: "Europe/Lisbon"
  - name: "Pinhal Novo"
    latitude: 38.63106
    longitude: -8.91376
    population: 23510
    dem: 41
    timezone: "Europe/Lisbon"
  - name: "Piedade"
    latitude: 38.67005
    longitude: -9.15852
    population: 19472
    dem: 16
    timezone: "Europe/Lisbon"
  - name: "Palmela"
    latitude: 38.56902
    longitude: -8.90126
    population: 16934
    dem: 190
    timezone: "Europe/Lisbon"
  - name: "Montijo"
    latitude: 38.70675
    longitude: -8.97388
    population: 30011
    dem: 9
    timezone: "Europe/Lisbon"
  - name: "Moita"
    latitude: 38.65078
    longitude: -8.99038
    population: 17795
    dem: 10
    timezone: "Europe/Lisbon"
  - name: "Lavradio"
    latitude: 38.66808
    longitude: -9.05204
    population: 21877
    dem: 10
    timezone: "Europe/Lisbon"
  - name: "Laranjeira"
    latitude: 38.65599
    longitude: -9.15376
    population: 20988
    dem: 42
    timezone: "Europe/Lisbon"
  - name: "Grandola"
    latitude: 38.17718
    longitude: -8.56675
    population: 10737
    dem: 102
    timezone: "Europe/Lisbon"
  - name: "Costa de Caparica"
    latitude: 38.64458
    longitude: -9.23556
    population: 14231
    dem: 11
    timezone: "Europe/Lisbon"
  - name: "Corroios"
    latitude: 38.64004
    longitude: -9.1508
    population: 52520
    dem: 19
    timezone: "Europe/Lisbon"
  - name: "Charneca de Caparica"
    latitude: 38.62032
    longitude: -9.19426
    population: 29763
    dem: 75
    timezone: "Europe/Lisbon"
  - name: "Caparica"
    latitude: 38.66179
    longitude: -9.20032
    population: 21167
    dem: 99
    timezone: "Europe/Lisbon"
  - name: "Cacilhas"
    latitude: 38.68638
    longitude: -9.14938
    population: 6494
    dem: 1
    timezone: "Europe/Lisbon"
  - name: "Barreiro"
    latitude: 38.66314
    longitude: -9.0724
    population: 51280
    dem: 7
    timezone: "Europe/Lisbon"
  - name: "Arrentela"
    latitude: 38.625
    longitude: -9.10151
    population: 30156
    dem: 33
    timezone: "Europe/Lisbon"
  - name: "Amora"
    latitude: 38.62961
    longitude: -9.11557
    population: 52577
    dem: 12
    timezone: "Europe/Lisbon"
  - name: "Almada"
    latitude: 38.67902
    longitude: -9.1569
    population: 34008
    dem: 58
    timezone: "Europe/Lisbon"
  - name: "Alhos Vedros"
    latitude: 38.65486
    longitude: -9.02368
    population: 13384
    dem: 14
    timezone: "Europe/Lisbon"
  - name: "Aldeia de Paio Pires"
    latitude: 38.61667
    longitude: -9.08333
    population: 12179
    dem: 33
    timezone: "Europe/Lisbon"
  - name: "Alcochete"
    latitude: 38.75534
    longitude: -8.96086
    population: 9705
    dem: 11
    timezone: "Europe/Lisbon"
  - name: "Alcacer do Sal"
    latitude: 38.37326
    longitude: -8.51444
    population: 9198
    dem: 49
    timezone: "Europe/Lisbon"
  - name: "Quinta Do Conde"
    latitude: 38.56528
    longitude: -9.04316
    population: 25606
    dem: 39
    timezone: "Europe/Lisbon"
  - name: "Azeitao"
    latitude: 38.51919
    longitude: -9.0139
    population: 18877
    dem: 127
    timezone: "Europe/Lisbon"
- name: "Distrito de Leiria"
  cities:
  - name: "Vieira de Leiria"
    latitude: 39.86945
    longitude: -8.93238
    population: 5807
    dem: 50
    timezone: "Europe/Lisbon"
  - name: "Porto de Mos"
    latitude: 39.60191
    longitude: -8.81839
    population: 6032
    dem: 136
    timezone: "Europe/Lisbon"
  - name: "Pombal"
    latitude: 39.91674
    longitude: -8.62847
    population: 17355
    dem: 69
    timezone: "Europe/Lisbon"
  - name: "Peniche"
    latitude: 39.3558
    longitude: -9.38112
    population: 15662
    dem: 17
    timezone: "Europe/Lisbon"
  - name: "Pataias"
    latitude: 39.66978
    longitude: -8.9958
    population: 5510
    dem: 126
    timezone: "Europe/Lisbon"
  - name: "Obidos"
    latitude: 39.36055
    longitude: -9.1567
    population: 11187
    dem: 48
    timezone: "Europe/Lisbon"
  - name: "Nazare"
    latitude: 39.60289
    longitude: -9.06836
    population: 8993
    dem: 46
    timezone: "Europe/Lisbon"
  - name: "Monte Real"
    latitude: 39.8521
    longitude: -8.86349
    population: 5756
    dem: 20
    timezone: "Europe/Lisbon"
  - name: "Marinha Grande"
    latitude: 39.74769
    longitude: -8.93228
    population: 28916
    dem: 91
    timezone: "Europe/Lisbon"
  - name: "Maceira"
    latitude: 39.68853
    longitude: -8.89423
    population: 9831
    dem: 164
    timezone: "Europe/Lisbon"
  - name: "Lourical"
    latitude: 40.0039
    longitude: -8.73736
    population: 5085
    dem: 29
    timezone: "Europe/Lisbon"
  - name: "Leiria"
    latitude: 39.74362
    longitude: -8.80705
    population: 45112
    dem: 33
    timezone: "Europe/Lisbon"
  - name: "Caranguejeira"
    latitude: 39.74619
    longitude: -8.7074
    population: 5248
    dem: 129
    timezone: "Europe/Lisbon"
  - name: "Caldas da Rainha"
    latitude: 39.40326
    longitude: -9.13839
    population: 27378
    dem: 60
    timezone: "Europe/Lisbon"
  - name: "Bombarral"
    latitude: 39.26723
    longitude: -9.15795
    population: 5852
    dem: 47
    timezone: "Europe/Lisbon"
  - name: "Benedita"
    latitude: 39.4247
    longitude: -8.96996
    population: 8556
    dem: 193
    timezone: "Europe/Lisbon"
  - name: "Batalha"
    latitude: 39.66025
    longitude: -8.82475
    population: 7910
    dem: 71
    timezone: "Europe/Lisbon"
  - name: "Atouguia da Baleia"
    latitude: 39.33814
    longitude: -9.3263
    population: 8313
    dem: 31
    timezone: "Europe/Lisbon"
  - name: "Aljubarrota"
    latitude: 39.56715
    longitude: -8.92925
    population: 6146
    dem: 183
    timezone: "Europe/Lisbon"
  - name: "Alcobaca"
    latitude: 39.55223
    longitude: -8.97749
    population: 15800
    dem: 38
    timezone: "Europe/Lisbon"
- name: "Distrito de Coimbra"
  cities:
  - name: "Tavarede"
    latitude: 40.16692
    longitude: -8.84568
    population: 8586
    dem: 41
    timezone: "Europe/Lisbon"
  - name: "Tabua"
    latitude: 40.36207
    longitude: -8.02936
    population: 12071
    dem: 239
    timezone: "Europe/Lisbon"
  - name: "Soure"
    latitude: 40.05989
    longitude: -8.62605
    population: 8416
    dem: 23
    timezone: "Europe/Lisbon"
  - name: "Santo Antonio dos Olivais"
    latitude: 40.21805
    longitude: -8.40523
    population: 38936
    dem: 122
    timezone: "Europe/Lisbon"
  - name: "Santa Clara"
    latitude: 40.19985
    longitude: -8.44018
    population: 9637
    dem: 14
    timezone: "Europe/Lisbon"
  - name: "Poiares"
    latitude: 40.21026
    longitude: -8.25746
    population: 5514
    dem: 136
    timezone: "Europe/Lisbon"
  - name: "Miranda do Corvo"
    latitude: 40.09318
    longitude: -8.33261
    population: 7857
    dem: 102
    timezone: "Europe/Lisbon"
  - name: "Mira"
    latitude: 40.42892
    longitude: -8.73746
    population: 7682
    dem: 32
    timezone: "Europe/Lisbon"
  - name: "Lousa"
    latitude: 40.11673
    longitude: -8.24921
    population: 11445
    dem: 150
    timezone: "Europe/Lisbon"
  - name: "Figueira da Foz"
    latitude: 40.15085
    longitude: -8.86179
    population: 46600
    dem: 15
    timezone: "Europe/Lisbon"
  - name: "Condeixa-a-Nova"
    latitude: 40.11283
    longitude: -8.49804
    population: 17078
    dem: 109
    timezone: "Europe/Lisbon"
  - name: "Coimbra"
    latitude: 40.20564
    longitude: -8.41955
    population: 106582
    dem: 98
    timezone: "Europe/Lisbon"
  - name: "Cantanhede"
    latitude: 40.34671
    longitude: -8.59419
    population: 7347
    dem: 63
    timezone: "Europe/Lisbon"
  - name: "Buarcos"
    latitude: 40.16604
    longitude: -8.8768
    population: 7865
    dem: 25
    timezone: "Europe/Lisbon"
  - name: "Assafarge"
    latitude: 40.15895
    longitude: -8.43167
    population: 5302
    dem: 171
    timezone: "Europe/Lisbon"
  - name: "Arazede"
    latitude: 40.28627
    longitude: -8.64999
    population: 5906
    dem: 89
    timezone: "Europe/Lisbon"
- name: "Distrito de Faro"
  cities:
  - name: "Vila Real de Santo Antonio"
    latitude: 37.195
    longitude: -7.41766
    population: 11560
    dem: 9
    timezone: "Europe/Lisbon"
  - name: "Tavira"
    latitude: 37.12734
    longitude: -7.64861
    population: 15133
    dem: 9
    timezone: "Europe/Lisbon"
  - name: "Silves"
    latitude: 37.18921
    longitude: -8.43822
    population: 10917
    dem: 27
    timezone: "Europe/Lisbon"
  - name: "Sao Bras de Alportel"
    latitude: 37.1531
    longitude: -7.88751
    population: 11153
    dem: 254
    timezone: "Europe/Lisbon"
  - name: "Sao Bartolomeu de Messines"
    latitude: 37.25648
    longitude: -8.28672
    population: 8381
    dem: 130
    timezone: "Europe/Lisbon"
  - name: "Quarteira"
    latitude: 37.06946
    longitude: -8.10064
    population: 18783
    dem: 23
    timezone: "Europe/Lisbon"
  - name: "Portimao"
    latitude: 37.13856
    longitude: -8.53775
    population: 38487
    dem: 13
    timezone: "Europe/Lisbon"
  - name: "Olhao"
    latitude: 37.0286
    longitude: -7.8411
    population: 29239
    dem: 11
    timezone: "Europe/Lisbon"
  - name: "Monchique"
    latitude: 37.31775
    longitude: -8.55529
    population: 5421
    dem: 439
    timezone: "Europe/Lisbon"
  - name: "Moncarapacho"
    latitude: 37.0836
    longitude: -7.78763
    population: 8545
    dem: 68
    timezone: "Europe/Lisbon"
  - name: "Loule"
    latitude: 37.13772
    longitude: -8.01968
    population: 23109
    dem: 186
    timezone: "Europe/Lisbon"
  - name: "Laranjeiro"
    latitude: 37.06799
    longitude: -7.8078
    population: 20473
    dem: 36
    timezone: "Europe/Lisbon"
  - name: "Lagos"
    latitude: 37.10202
    longitude: -8.67422
    population: 18831
    dem: 12
    timezone: "Europe/Lisbon"
  - name: "Lagoa"
    latitude: 37.13535
    longitude: -8.45319
    population: 6301
    dem: 53
    timezone: "Europe/Lisbon"
  - name: "Ferreiras"
    latitude: 37.12926
    longitude: -8.23759
    population: 5157
    dem: 80
    timezone: "Europe/Lisbon"
  - name: "Faro"
    latitude: 37.01869
    longitude: -7.92716
    population: 41355
    dem: 12
    timezone: "Europe/Lisbon"
  - name: "Estombar"
    latitude: 37.14629
    longitude: -8.48505
    population: 8590
    dem: 29
    timezone: "Europe/Lisbon"
  - name: "Castro Marim"
    latitude: 37.22068
    longitude: -7.4435
    population: 5089
    dem: 6
    timezone: "Europe/Lisbon"
  - name: "Alvor"
    latitude: 37.12994
    longitude: -8.59174
    population: 5272
    dem: 16
    timezone: "Europe/Lisbon"
  - name: "Almancil"
    latitude: 37.08686
    longitude: -8.03074
    population: 9898
    dem: 55
    timezone: "Europe/Lisbon"
  - name: "Aljezur"
    latitude: 37.31745
    longitude: -8.80147
    population: 5884
    dem: 101
    timezone: "Europe/Lisbon"
  - name: "Albufeira"
    latitude: 37.08819
    longitude: -8.2503
    population: 15851
    dem: 14
    timezone: "Europe/Lisbon"
- name: "Distrito de Vila Real"
  cities:
  - name: "Vilela"
    latitude: 41.22511
    longitude: -7.60338
    population: 5540
    dem: 712
    timezone: "Europe/Lisbon"
  - name: "Vila Real"
    latitude: 41.30062
    longitude: -7.74413
    population: 17001
    dem: 462
    timezone: "Europe/Lisbon"
  - name: "Sabrosa"
    latitude: 41.26702
    longitude: -7.57601
    population: 6361
    dem: 584
    timezone: "Europe/Lisbon"
  - name: "Peso da Regua"
    latitude: 41.16491
    longitude: -7.78703
    population: 5048
    dem: 146
    timezone: "Europe/Lisbon"
  - name: "Mondim de Basto"
    latitude: 41.41157
    longitude: -7.95441
    population: 7493
    dem: 201
    timezone: "Europe/Lisbon"
  - name: "Chaves"
    latitude: 41.74019
    longitude: -7.46879
    population: 17535
    dem: 362
    timezone: "Europe/Lisbon"
  - name: "Boticas"
    latitude: 41.68939
    longitude: -7.66914
    population: 5750
    dem: 491
    timezone: "Europe/Lisbon"
  - name: "Alijo"
    latitude: 41.27536
    longitude: -7.47465
    population: 11942
    dem: 601
    timezone: "Europe/Lisbon"
- name: "Distrito de Santarem"
  cities:
  - name: "Vila Nova da Barquinha"
    latitude: 39.46081
    longitude: -8.43588
    population: 7322
    dem: 91
    timezone: "Europe/Lisbon"
  - name: "Torres Novas"
    latitude: 39.47581
    longitude: -8.54348
    population: 15002
    dem: 61
    timezone: "Europe/Lisbon"
  - name: "Tomar"
    latitude: 39.60199
    longitude: -8.40924
    population: 19168
    dem: 55
    timezone: "Europe/Lisbon"
  - name: "Santarem"
    latitude: 39.23333
    longitude: -8.68333
    population: 29385
    dem: 107
    timezone: "Europe/Lisbon"
  - name: "Samora Correia"
    latitude: 38.93709
    longitude: -8.87178
    population: 14154
    dem: 10
    timezone: "Europe/Lisbon"
  - name: "Salvaterra de Magos"
    latitude: 39.02788
    longitude: -8.7935
    population: 5165
    dem: 13
    timezone: "Europe/Lisbon"
  - name: "Rio Maior"
    latitude: 39.33732
    longitude: -8.93906
    population: 12064
    dem: 82
    timezone: "Europe/Lisbon"
  - name: "Riachos"
    latitude: 39.44472
    longitude: -8.5142
    population: 5463
    dem: 42
    timezone: "Europe/Lisbon"
  - name: "Ourem"
    latitude: 39.64167
    longitude: -8.5919
    population: 12729
    dem: 315
    timezone: "Europe/Lisbon"
  - name: "Monsanto"
    latitude: 39.46203
    longitude: -8.7118
    population: 50000
    dem: 143
    timezone: "Europe/Lisbon"
  - name: "Marinhais"
    latitude: 39.0473
    longitude: -8.70236
    population: 5788
    dem: 34
    timezone: "Europe/Lisbon"
  - name: "Fazendas de Almeirim"
    latitude: 39.17553
    longitude: -8.56927
    population: 6635
    dem: 77
    timezone: "Europe/Lisbon"
  - name: "Fatima"
    latitude: 39.62071
    longitude: -8.65237
    population: 11798
    dem: 358
    timezone: "Europe/Lisbon"
  - name: "Entroncamento"
    latitude: 39.46667
    longitude: -8.46667
    population: 19887
    dem: 34
    timezone: "Europe/Lisbon"
  - name: "Coruche"
    latitude: 38.95955
    longitude: -8.52524
    population: 8776
    dem: 21
    timezone: "Europe/Lisbon"
  - name: "Cartaxo"
    latitude: 39.16022
    longitude: -8.78741
    population: 10502
    dem: 59
    timezone: "Europe/Lisbon"
  - name: "Benavente"
    latitude: 38.97919
    longitude: -8.80759
    population: 8932
    dem: 13
    timezone: "Europe/Lisbon"
  - name: "Alpiarca"
    latitude: 39.25712
    longitude: -8.58187
    population: 7946
    dem: 24
    timezone: "Europe/Lisbon"
  - name: "Almeirim"
    latitude: 39.20837
    longitude: -8.62635
    population: 11557
    dem: 38
    timezone: "Europe/Lisbon"
  - name: "Alcanede"
    latitude: 39.41501
    longitude: -8.82189
    population: 5020
    dem: 89
    timezone: "Europe/Lisbon"
  - name: "Abrantes"
    latitude: 39.46667
    longitude: -8.2
    population: 13646
    dem: 133
    timezone: "Europe/Lisbon"
- name: "Distrito de Beja"
  cities:
  - name: "Vidigueira"
    latitude: 38.20995
    longitude: -7.8005
    population: 5932
    dem: 211
    timezone: "Europe/Lisbon"
  - name: "Serpa"
    latitude: 37.94581
    longitude: -7.59754
    population: 6586
    dem: 198
    timezone: "Europe/Lisbon"
  - name: "Odemira"
    latitude: 37.59798
    longitude: -8.63972
    population: 5830
    dem: 52
    timezone: "Europe/Lisbon"
  - name: "Moura"
    latitude: 38.1401
    longitude: -7.44856
    population: 9360
    dem: 190
    timezone: "Europe/Lisbon"
  - name: "Mertola"
    latitude: 37.64304
    longitude: -7.6611
    population: 7274
    dem: 57
    timezone: "Europe/Lisbon"
  - name: "Beja"
    latitude: 38.01506
    longitude: -7.86323
    population: 34760
    dem: 286
    timezone: "Europe/Lisbon"
  - name: "Almodovar"
    latitude: 37.51279
    longitude: -8.06008
    population: 7449
    dem: 290
    timezone: "Europe/Lisbon"
  - name: "Aljustrel"
    latitude: 37.87759
    longitude: -8.16516
    population: 5334
    dem: 182
    timezone: "Europe/Lisbon"
- name: "Distrito de Castelo Branco"
  cities:
  - name: "Serta"
    latitude: 39.80205
    longitude: -8.09589
    population: 5636
    dem: 262
    timezone: "Europe/Lisbon"
  - name: "Oleiros"
    latitude: 39.91893
    longitude: -7.9137
    population: 5721
    dem: 510
    timezone: "Europe/Lisbon"
  - name: "Castelo Branco"
    latitude: 39.82219
    longitude: -7.49087
    population: 33479
    dem: 409
    timezone: "Europe/Lisbon"
  - name: "Fundao"
    latitude: 40.14025
    longitude: -7.50135
    population: 9725
    dem: 482
    timezone: "Europe/Lisbon"
  - name: "Covilha"
    latitude: 40.28106
    longitude: -7.50504
    population: 17610
    elevation: 205
    dem: 534
    timezone: "Europe/Lisbon"
- name: "Distrito da Guarda"
  cities:
  - name: "Alcains"
    latitude: 39.91642
    longitude: -7.45655
    population: 5030
    dem: 362
    timezone: "Europe/Lisbon"
  - name: "Vila Nova de Foz Coa"
    latitude: 41.08194
    longitude: -7.14146
    population: 7312
    dem: 385
    timezone: "Europe/Lisbon"
  - name: "Sequeira"
    latitude: 40.55364
    longitude: -7.22594
    population: 28502
    dem: 853
    timezone: "Europe/Lisbon"
  - name: "Seia"
    latitude: 40.4151
    longitude: -7.70859
    population: 7082
    dem: 551
    timezone: "Europe/Lisbon"
  - name: "Sao Romao"
    latitude: 40.40118
    longitude: -7.71464
    population: 6500
    dem: 594
    timezone: "Europe/Lisbon"
  - name: "Guarda"
    latitude: 40.53733
    longitude: -7.26575
    population: 32111
    dem: 1008
    timezone: "Europe/Lisbon"
  - name: "Custoias"
    latitude: 41.1053
    longitude: -7.32097
    population: 19406
    dem: 569
    timezone: "Europe/Lisbon"
  - name: "Aguiar da Beira"
    latitude: 40.81726
    longitude: -7.54431
    population: 5473
    dem: 794
    timezone: "Europe/Lisbon"
- name: "Distrito de Lisboa"
  cities:
  - name: "Vila Franca de Xira"
    latitude: 38.95525
    longitude: -8.98966
    population: 18355
    dem: 15
    timezone: "Europe/Lisbon"
  - name: "Vialonga"
    latitude: 38.87206
    longitude: -9.07805
    population: 16088
    dem: 50
    timezone: "Europe/Lisbon"
  - name: "Ventosa"
    latitude: 39.12696
    longitude: -9.08423
    population: 5215
    dem: 133
    timezone: "Europe/Lisbon"
  - name: "Unhos"
    latitude: 38.81958
    longitude: -9.12007
    population: 10712
    dem: 38
    timezone: "Europe/Lisbon"
  - name: "Torres Vedras"
    latitude: 39.09109
    longitude: -9.2586
    population: 24443
    dem: 41
    timezone: "Europe/Lisbon"
  - name: "Sintra"
    latitude: 38.80097
    longitude: -9.37826
    population: 26193
    dem: 197
    timezone: "Europe/Lisbon"
  - name: "Silveira"
    latitude: 39.1112
    longitude: -9.3643
    population: 6942
    dem: 37
    timezone: "Europe/Lisbon"
  - name: "Sao Joao da Talha"
    latitude: 38.82378
    longitude: -9.09719
    population: 18925
    dem: 10
    timezone: "Europe/Lisbon"
  - name: "Sao Joao das Lampas"
    latitude: 38.87376
    longitude: -9.39842
    population: 10484
    dem: 154
    timezone: "Europe/Lisbon"
  - name: "Sao Domingos de Rana"
    latitude: 38.70194
    longitude: -9.34083
    population: 46718
    dem: 69
    timezone: "Europe/Lisbon"
  - name: "Santa Iria da Azoia"
    latitude: 38.8411
    longitude: -9.09908
    population: 18573
    dem: 48
    timezone: "Europe/Lisbon"
  - name: "Sacavem"
    latitude: 38.79202
    longitude: -9.10801
    population: 17718
    dem: 39
    timezone: "Europe/Lisbon"
  - name: "Rio de Mouro"
    latitude: 38.76613
    longitude: -9.32804
    population: 54695
    dem: 127
    timezone: "Europe/Lisbon"
  - name: "Ramada"
    latitude: 38.80368
    longitude: -9.1877
    population: 17535
    dem: 116
    timezone: "Europe/Lisbon"
  - name: "Queluz"
    latitude: 38.75657
    longitude: -9.25451
    population: 103399
    dem: 125
    timezone: "Europe/Lisbon"
  - name: "Queijas"
    latitude: 38.71925
    longitude: -9.26255
    population: 8828
    elevation: 94
    dem: 73
    timezone: "Europe/Lisbon"
  - name: "Povoa de Santo Adriao"
    latitude: 38.8
    longitude: -9.16667
    population: 14897
    dem: 51
    timezone: "Europe/Lisbon"
  - name: "Povoa de Santa Iria"
    latitude: 38.86101
    longitude: -9.06453
    population: 28901
    dem: 18
    timezone: "Europe/Lisbon"
  - name: "Porto Salvo"
    latitude: 38.72293
    longitude: -9.30473
    population: 13867
    dem: 105
    timezone: "Europe/Lisbon"
  - name: "Pontinha"
    latitude: 38.76771
    longitude: -9.19935
    population: 23249
    dem: 98
    timezone: "Europe/Lisbon"
  - name: "Parede"
    latitude: 38.69282
    longitude: -9.35412
    population: 17212
    dem: 52
    timezone: "Europe/Lisbon"
  - name: "Paco de Arcos"
    latitude: 38.69569
    longitude: -9.29143
    population: 25974
    dem: 15
    timezone: "Europe/Lisbon"
  - name: "Olival do Basto"
    latitude: 38.79079
    longitude: -9.16621
    population: 5959
    dem: 22
    timezone: "Europe/Lisbon"
  - name: "Olivais"
    latitude: 38.76994
    longitude: -9.10674
    population: 33788
    dem: 33
    timezone: "Europe/Lisbon"
  - name: "Oeiras"
    latitude: 38.69105
    longitude: -9.31085
    population: 35000
    dem: 36
    timezone: "Europe/Lisbon"
  - name: "Odivelas"
    latitude: 38.79269
    longitude: -9.1838
    population: 54624
    dem: 50
    timezone: "Europe/Lisbon"
  - name: "Moscavide e Portela"
    latitude: 38.77929
    longitude: -9.10222
    population: 22488
    dem: 32
    timezone: "Europe/Lisbon"
  - name: "Monte Estoril"
    latitude: 38.70636
    longitude: -9.40595
    population: 23375
    dem: 1
    timezone: "Europe/Lisbon"
  - name: "Milharado"
    latitude: 38.94732
    longitude: -9.19914
    population: 5935
    dem: 211
    timezone: "Europe/Lisbon"
  - name: "Mem Martins"
    latitude: 38.79443
    longitude: -9.34284
    population: 9000
    dem: 170
    timezone: "Europe/Lisbon"
  - name: "Massama"
    latitude: 38.75279
    longitude: -9.2811
    population: 28112
    dem: 142
    timezone: "Europe/Lisbon"
  - name: "Mafra"
    latitude: 38.93793
    longitude: -9.32756
    population: 12259
    elevation: 300
    dem: 230
    timezone: "Europe/Lisbon"
  - name: "Lourinha"
    latitude: 39.24166
    longitude: -9.31254
    population: 9196
    dem: 11
    timezone: "Europe/Lisbon"
  - name: "Loures"
    latitude: 38.83091
    longitude: -9.16845
    population: 66231
    dem: 23
    timezone: "Europe/Lisbon"
  - name: "Lisbon"
    latitude: 38.71667
    longitude: -9.13333
    population: 517802
    dem: 45
    timezone: "Europe/Lisbon"
  - name: "Linda-a-Velha"
    latitude: 38.71446
    longitude: -9.2422
    population: 20895
    dem: 90
    timezone: "Europe/Lisbon"
  - name: "Fontanelas"
    latitude: 38.84806
    longitude: -9.43942
    population: 6001
    dem: 129
    timezone: "Europe/Lisbon"
  - name: "Famoes"
    latitude: 38.78804
    longitude: -9.21033
    population: 9435
    dem: 125
    timezone: "Europe/Lisbon"
  - name: "Estoril"
    latitude: 38.70571
    longitude: -9.39773
    population: 23700
    dem: 24
    timezone: "Europe/Lisbon"
  - name: "Ericeira"
    latitude: 38.96275
    longitude: -9.41563
    population: 7538
    dem: 33
    timezone: "Europe/Lisbon"
  - name: "Colares"
    latitude: 38.79921
    longitude: -9.44691
    population: 7905
    dem: 43
    timezone: "Europe/Lisbon"
  - name: "Charneca"
    latitude: 38.78351
    longitude: -9.14348
    population: 10509
    dem: 123
    timezone: "Europe/Lisbon"
  - name: "Caxias"
    latitude: 38.70314
    longitude: -9.27666
    population: 9007
    dem: 32
    timezone: "Europe/Lisbon"
  - name: "Castanheira do Ribatejo"
    latitude: 38.99298
    longitude: -8.97346
    population: 7651
    dem: 22
    timezone: "Europe/Lisbon"
  - name: "Cascais"
    latitude: 38.69681
    longitude: -9.42147
    population: 36436
    dem: 20
    timezone: "Europe/Lisbon"
  - name: "Carregado"
    latitude: 39.02362
    longitude: -8.97692
    population: 10474
    dem: 21
    timezone: "Europe/Lisbon"
  - name: "Carnaxide"
    latitude: 38.72706
    longitude: -9.24671
    population: 23698
    dem: 82
    timezone: "Europe/Lisbon"
  - name: "Carcavelos"
    latitude: 38.69105
    longitude: -9.32215
    population: 20366
    dem: 30
    timezone: "Europe/Lisbon"
  - name: "Canecas"
    latitude: 38.81321
    longitude: -9.22679
    population: 10978
    dem: 234
    timezone: "Europe/Lisbon"
  - name: "Camarate"
    latitude: 38.80358
    longitude: -9.12809
    population: 20177
    dem: 108
    timezone: "Europe/Lisbon"
  - name: "Cacem"
    latitude: 38.76698
    longitude: -9.29793
    population: 93982
    dem: 123
    timezone: "Europe/Lisbon"
  - name: "Bobadela"
    latitude: 38.80774
    longitude: -9.09925
    population: 8399
    dem: 44
    timezone: "Europe/Lisbon"
  - name: "Benfica"
    latitude: 38.75087
    longitude: -9.20282
    population: 36985
    dem: 90
    timezone: "Europe/Lisbon"
  - name: "Belas"
    latitude: 38.7767
    longitude: -9.26353
    population: 21019
    dem: 186
    timezone: "Europe/Lisbon"
  - name: "Beato Antonio"
    latitude: 38.73327
    longitude: -9.10335
    population: 12737
    dem: 7
    timezone: "Europe/Lisbon"
  - name: "Barcarena"
    latitude: 38.73245
    longitude: -9.28
    population: 11968
    dem: 47
    timezone: "Europe/Lisbon"
  - name: "Azambuja"
    latitude: 39.07029
    longitude: -8.86822
    population: 7179
    dem: 25
    timezone: "Europe/Lisbon"
  - name: "Arruda dos Vinhos"
    latitude: 38.98411
    longitude: -9.07746
    population: 6170
    dem: 99
    timezone: "Europe/Lisbon"
  - name: "Apelacao"
    latitude: 38.81387
    longitude: -9.13225
    population: 7182
    dem: 89
    timezone: "Europe/Lisbon"
  - name: "Amadora"
    latitude: 38.75382
    longitude: -9.23083
    population: 178858
    dem: 138
    timezone: "Europe/Lisbon"
  - name: "Almargem"
    latitude: 38.84485
    longitude: -9.27315
    population: 8271
    dem: 267
    timezone: "Europe/Lisbon"
  - name: "Alhandra"
    latitude: 38.92732
    longitude: -9.00864
    population: 7226
    dem: 13
    timezone: "Europe/Lisbon"
  - name: "Algueirao"
    latitude: 38.79764
    longitude: -9.3437
    population: 66250
    dem: 170
    timezone: "Europe/Lisbon"
  - name: "Alges"
    latitude: 38.70245
    longitude: -9.22936
    population: 19327
    dem: 16
    timezone: "Europe/Lisbon"
  - name: "Alenquer"
    latitude: 39.05315
    longitude: -9.00928
    population: 9626
    dem: 32
    timezone: "Europe/Lisbon"
  - name: "Alcabideche"
    latitude: 38.73366
    longitude: -9.40928
    population: 33315
    dem: 122
    timezone: "Europe/Lisbon"
  - name: "A dos Cunhados"
    latitude: 39.15237
    longitude: -9.2972
    population: 6594
    dem: 32
    timezone: "Europe/Lisbon"
  - name: "Prior Velho"
    latitude: 38.79174
    longitude: -9.12119
    population: 6500
    dem: 57
    timezone: "Europe/Lisbon"
  - name: "Alfragide"
    latitude: 38.73203
    longitude: -9.2192
    population: 17044
    dem: 127
    timezone: "Europe/Lisbon"
  - name: "Alvalade"
    latitude: 38.75328
    longitude: -9.14397
    population: 31813
    dem: 91
    timezone: "Europe/Lisbon"
- name: "Distrito de Viana do Castelo"
  cities:
  - name: "Viana do Castelo"
    latitude: 41.69323
    longitude: -8.83287
    population: 36148
    dem: 12
    timezone: "Europe/Lisbon"
  - name: "Ponte de Lima"
    latitude: 41.76719
    longitude: -8.58393
    population: 44667
    dem: 13
    timezone: "Europe/Lisbon"
  - name: "Mozelos"
    latitude: 41.86774
    longitude: -8.39776
    population: 7230
    dem: 108
    timezone: "Europe/Lisbon"
  - name: "Moncao"
    latitude: 42.07892
    longitude: -8.48076
    population: 19738
    dem: 34
    timezone: "Europe/Madrid"
  - name: "Meadela"
    latitude: 41.70654
    longitude: -8.79628
    population: 9981
    dem: 6
    timezone: "Europe/Lisbon"
  - name: "Darque"
    latitude: 41.68333
    longitude: -8.76667
    population: 8092
    dem: 9
    timezone: "Europe/Lisbon"
  - name: "Arcos de Valdevez"
    latitude: 41.84668
    longitude: -8.41905
    population: 22847
    dem: 42
    timezone: "Europe/Lisbon"
  - name: "Valenza"
    latitude: 42.02418
    longitude: -8.63474
    population: 14172
    dem: 48
    timezone: "Europe/Lisbon"
- name: "Distrito de Evora"
  cities:
  - name: "Vila Vicosa"
    latitude: 38.7777
    longitude: -7.41793
    population: 8319
    dem: 403
    timezone: "Europe/Lisbon"
  - name: "Vendas Novas"
    latitude: 38.67706
    longitude: -8.45792
    population: 11248
    dem: 148
    timezone: "Europe/Lisbon"
  - name: "Reguengos de Monsaraz"
    latitude: 38.42529
    longitude: -7.53494
    population: 7217
    dem: 218
    timezone: "Europe/Lisbon"
  - name: "Redondo"
    latitude: 38.64872
    longitude: -7.54708
    population: 5845
    dem: 298
    timezone: "Europe/Lisbon"
  - name: "Montemor-o-Novo"
    latitude: 38.64812
    longitude: -8.21455
    population: 12854
    dem: 247
    timezone: "Europe/Lisbon"
  - name: "Evora"
    latitude: 38.56667
    longitude: -7.9
    population: 55620
    dem: 269
    timezone: "Europe/Lisbon"
  - name: "Estremoz"
    latitude: 38.84432
    longitude: -7.58585
    population: 9350
    dem: 417
    timezone: "Europe/Lisbon"
- name: "Distrito do Porto"
  cities:
  - name: "Vilar do Paraiso"
    latitude: 41.08974
    longitude: -8.6211
    population: 14727
    dem: 67
    timezone: "Europe/Lisbon"
  - name: "Vilar de Andorinho"
    latitude: 41.10574
    longitude: -8.58622
    population: 18944
    dem: 145
    timezone: "Europe/Lisbon"
  - name: "Vila Nova de Gaia"
    latitude: 41.12401
    longitude: -8.61241
    population: 70811
    dem: 122
    timezone: "Europe/Lisbon"
  - name: "Vila Nova da Telha"
    latitude: 41.0717
    longitude: -8.64146
    population: 5848
    dem: 41
    timezone: "Europe/Lisbon"
  - name: "Vila do Conde"
    latitude: 41.35326
    longitude: -8.74516
    population: 27642
    dem: 19
    timezone: "Europe/Lisbon"
  - name: "Valongo"
    latitude: 41.18883
    longitude: -8.49857
    population: 21328
    dem: 126
    timezone: "Europe/Lisbon"
  - name: "Valbom"
    latitude: 41.12921
    longitude: -8.56199
    population: 14443
    dem: 45
    timezone: "Europe/Lisbon"
  - name: "Valadares"
    latitude: 41.14737
    longitude: -7.9812
    population: 9255
    dem: 574
    timezone: "Europe/Lisbon"
  - name: "Trofa"
    latitude: 41.33729
    longitude: -8.5596
    population: 20692
    dem: 44
    timezone: "Europe/Lisbon"
  - name: "Sobrado"
    latitude: 41.21041
    longitude: -8.45488
    population: 6703
    dem: 121
    timezone: "Europe/Lisbon"
  - name: "Serzedo"
    latitude: 41.05105
    longitude: -8.61605
    population: 7891
    dem: 89
    timezone: "Europe/Lisbon"
  - name: "Senhora da Hora"
    latitude: 41.18641
    longitude: -8.65172
    population: 28930
    dem: 85
    timezone: "Europe/Lisbon"
  - name: "Sao Romao do Coronado"
    latitude: 41.28544
    longitude: -8.5632
    population: 8697
    dem: 146
    timezone: "Europe/Lisbon"
  - name: "Sao Pedro da Cova"
    latitude: 41.14331
    longitude: -8.50033
    population: 17011
    dem: 73
    timezone: "Europe/Lisbon"
  - name: "Sao Miguel do Couto"
    latitude: 41.33167
    longitude: -8.46185
    population: 5416
    dem: 119
    timezone: "Europe/Lisbon"
  - name: "Sao Mamede de Infesta"
    latitude: 41.19183
    longitude: -8.61105
    population: 25940
    dem: 95
    timezone: "Europe/Lisbon"
  - name: "Sao Felix da Marinha"
    latitude: 41.03555
    longitude: -8.62259
    population: 11685
    dem: 62
    timezone: "Europe/Lisbon"
  - name: "Santo Tirso"
    latitude: 41.34257
    longitude: -8.47746
    population: 14021
    dem: 81
    timezone: "Europe/Lisbon"
  - name: "Santa Cruz do Bispo"
    latitude: 41.21462
    longitude: -8.67406
    population: 6230
    dem: 58
    timezone: "Europe/Lisbon"
  - name: "Sandim"
    latitude: 41.03508
    longitude: -8.507
    population: 6449
    dem: 179
    timezone: "Europe/Lisbon"
  - name: "Rio Tinto"
    latitude: 41.17872
    longitude: -8.55953
    population: 49966
    dem: 88
    timezone: "Europe/Lisbon"
  - name: "Rebordosa"
    latitude: 41.22405
    longitude: -8.40669
    population: 11491
    dem: 218
    timezone: "Europe/Lisbon"
  - name: "Povoa de Varzim"
    latitude: 41.38344
    longitude: -8.76364
    population: 29044
    dem: 16
    timezone: "Europe/Lisbon"
  - name: "Porto"
    latitude: 41.14961
    longitude: -8.61099
    population: 249633
    dem: 97
    timezone: "Europe/Lisbon"
  - name: "Perozinho"
    latitude: 41.06513
    longitude: -8.58531
    population: 6259
    dem: 137
    timezone: "Europe/Lisbon"
  - name: "Perafita"
    latitude: 41.18252
    longitude: -8.2545
    population: 12538
    dem: 437
    timezone: "Europe/Lisbon"
  - name: "Penafiel"
    latitude: 41.20835
    longitude: -8.28285
    population: 8065
    dem: 286
    timezone: "Europe/Lisbon"
  - name: "Pedroucos"
    latitude: 41.1888
    longitude: -8.58624
    population: 12553
    dem: 156
    timezone: "Europe/Lisbon"
  - name: "Pedroso"
    latitude: 41.41103
    longitude: -8.74897
    population: 18963
    dem: 35
    timezone: "Europe/Lisbon"
  - name: "Paredes"
    latitude: 41.20485
    longitude: -8.33147
    population: 19834
    dem: 179
    timezone: "Europe/Lisbon"
  - name: "Pacos de Ferreira"
    latitude: 41.27657
    longitude: -8.37617
    population: 6782
    dem: 312
    timezone: "Europe/Lisbon"
  - name: "Oliveira do Douro"
    latitude: 41.12466
    longitude: -8.58463
    population: 24407
    dem: 87
    timezone: "Europe/Lisbon"
  - name: "Olival"
    latitude: 41.05024
    longitude: -8.54416
    population: 5715
    dem: 184
    timezone: "Europe/Lisbon"
  - name: "Negrelos"
    latitude: 41.34946
    longitude: -8.40145
    population: 6664
    dem: 164
    timezone: "Europe/Lisbon"
  - name: "Moreira"
    latitude: 41.24756
    longitude: -8.64788
    population: 12890
    dem: 82
    timezone: "Europe/Lisbon"
  - name: "Moreira"
    latitude: 41.056
    longitude: -8.38939
    population: 11336
    dem: 75
    timezone: "Europe/Lisbon"
  - name: "Melres"
    latitude: 41.06989
    longitude: -8.40091
    population: 10328
    dem: 44
    timezone: "Europe/Lisbon"
  - name: "Matosinhos"
    latitude: 41.18207
    longitude: -8.68908
    population: 28070
    dem: 17
    timezone: "Europe/Lisbon"
  - name: "Margaride"
    latitude: 41.36478
    longitude: -8.19999
    population: 10652
    dem: 308
    timezone: "Europe/Lisbon"
  - name: "Marco de Canavezes"
    latitude: 41.18389
    longitude: -8.14864
    population: 9042
    dem: 206
    timezone: "Europe/Lisbon"
  - name: "Maia"
    latitude: 41.23574
    longitude: -8.6199
    population: 36426
    dem: 93
    timezone: "Europe/Lisbon"
  - name: "Madalena"
    latitude: 41.21616
    longitude: -8.33451
    population: 9618
    dem: 165
    timezone: "Europe/Lisbon"
  - name: "Lordelo"
    latitude: 41.23451
    longitude: -8.40297
    population: 10035
    dem: 243
    timezone: "Europe/Lisbon"
  - name: "Leca do Bailio"
    latitude: 41.21201
    longitude: -8.63422
    population: 16103
    dem: 84
    timezone: "Europe/Lisbon"
  - name: "Leca da Palmeira"
    latitude: 41.191
    longitude: -8.70027
    population: 17996
    dem: 18
    timezone: "Europe/Lisbon"
  - name: "Lavra"
    latitude: 41.25935
    longitude: -8.71849
    population: 9633
    dem: 15
    timezone: "Europe/Lisbon"
  - name: "Jovim"
    latitude: 41.11102
    longitude: -8.51903
    population: 7067
    dem: 87
    timezone: "Europe/Lisbon"
  - name: "Gulpilhares"
    latitude: 41.08292
    longitude: -8.62679
    population: 10660
    dem: 83
    timezone: "Europe/Lisbon"
  - name: "Guifoes"
    latitude: 41.19748
    longitude: -8.66899
    population: 9231
    dem: 80
    timezone: "Europe/Lisbon"
  - name: "Grijo"
    latitude: 41.02836
    longitude: -8.58017
    population: 10907
    dem: 130
    timezone: "Europe/Lisbon"
  - name: "Gondomar"
    latitude: 41.14454
    longitude: -8.53223
    population: 27691
    dem: 116
    timezone: "Europe/Lisbon"
  - name: "Gemunde"
    latitude: 41.26766
    longitude: -8.64515
    population: 5284
    dem: 92
    timezone: "Europe/Lisbon"
  - name: "Gandra"
    latitude: 41.20116
    longitude: -8.43376
    population: 6034
    dem: 177
    timezone: "Europe/Lisbon"
  - name: "Freamunde"
    latitude: 41.28835
    longitude: -8.33533
    population: 7983
    dem: 360
    timezone: "Europe/Lisbon"
  - name: "Foz do Sousa"
    latitude: 41.09668
    longitude: -8.50184
    population: 6315
    dem: 48
    timezone: "Europe/Lisbon"
  - name: "Foz do Douro"
    latitude: 41.15119
    longitude: -8.67125
    population: 10997
    dem: 23
    timezone: "Europe/Lisbon"
  - name: "Felgueiras"
    latitude: 41.36806
    longitude: -8.19396
    population: 58065
    dem: 348
    timezone: "Europe/Lisbon"
  - name: "Fanzeres"
    latitude: 41.16754
    longitude: -8.52981
    population: 23916
    dem: 166
    timezone: "Europe/Lisbon"
  - name: "Ermesinde"
    latitude: 41.21653
    longitude: -8.55318
    population: 39420
    dem: 131
    timezone: "Europe/Lisbon"
  - name: "Casteloes de Cepeda"
    latitude: 41.20265
    longitude: -8.33516
    population: 8322
    dem: 154
    timezone: "Europe/Lisbon"
  - name: "Canidelo"
    latitude: 41.12314
    longitude: -8.64654
    population: 26431
    dem: 83
    timezone: "Europe/Lisbon"
  - name: "Canelas"
    latitude: 41.08333
    longitude: -8.6
    population: 14247
    dem: 128
    timezone: "Europe/Lisbon"
  - name: "Campo"
    latitude: 41.18516
    longitude: -8.46493
    population: 8916
    dem: 127
    timezone: "Europe/Lisbon"
  - name: "Bougado"
    latitude: 41.33979
    longitude: -8.5518
    population: 21680
    dem: 35
    timezone: "Europe/Lisbon"
  - name: "Barrosas"
    latitude: 41.35534
    longitude: -8.29943
    population: 5573
    dem: 180
    timezone: "Europe/Lisbon"
  - name: "Baiao"
    latitude: 41.16273
    longitude: -8.0347
    population: 20522
    dem: 577
    timezone: "Europe/Lisbon"
  - name: "Baguim do Monte"
    latitude: 41.19203
    longitude: -8.54118
    population: 15850
    dem: 168
    timezone: "Europe/Lisbon"
  - name: "Azenha"
    latitude: 41.07651
    longitude: -8.62468
    population: 12260
    dem: 74
    timezone: "Europe/Lisbon"
  - name: "Avintes"
    latitude: 41.10711
    longitude: -8.55131
    population: 11577
    dem: 86
    timezone: "Europe/Lisbon"
  - name: "Aves"
    latitude: 41.37034
    longitude: -8.4101
    population: 8507
    dem: 116
    timezone: "Europe/Lisbon"
  - name: "Aver-o-Mar"
    latitude: 41.40607
    longitude: -8.77958
    population: 10501
    dem: 15
    timezone: "Europe/Lisbon"
  - name: "Arvore"
    latitude: 41.33922
    longitude: -8.71806
    population: 5196
    dem: 36
    timezone: "Europe/Lisbon"
  - name: "Arcozelo"
    latitude: 41.06187
    longitude: -8.63192
    population: 14352
    dem: 54
    timezone: "Europe/Lisbon"
  - name: "Anta"
    latitude: 41.26634
    longitude: -8.62844
    population: 10951
    dem: 121
    timezone: "Europe/Lisbon"
  - name: "Amarante"
    latitude: 41.27271
    longitude: -8.08245
    population: 6782
    dem: 96
    timezone: "Europe/Lisbon"
  - name: "Alpendurada"
    latitude: 41.08944
    longitude: -8.24643
    population: 8485
    dem: 216
    timezone: "Europe/Lisbon"
  - name: "Alfena"
    latitude: 41.23671
    longitude: -8.52454
    population: 15211
    dem: 117
    timezone: "Europe/Lisbon"
  - name: "Aguas Santas"
    latitude: 41.21017
    longitude: -8.57599
    population: 27686
    dem: 103
    timezone: "Europe/Lisbon"
- name: "Azores"
  cities:
  - name: "Vila Franca do Campo"
    latitude: 37.71667
    longitude: -25.43333
    population: 5035
    dem: 26
    timezone: "Atlantic/Azores"
  - name: "Rosto de Cao"
    latitude: 37.75
    longitude: -25.65
    population: 7880
    dem: 37
    timezone: "Atlantic/Azores"
  - name: "Ribeira Grande"
    latitude: 38.51667
    longitude: -28.7
    population: 5198
    dem: -9999
    timezone: "Atlantic/Azores"
  - name: "Rabo de Peixe"
    latitude: 37.81022
    longitude: -25.58263
    population: 7681
    dem: 1
    timezone: "Atlantic/Azores"
  - name: "Praia da Vitoria"
    latitude: 38.73333
    longitude: -27.06667
    population: 6061
    dem: 26
    timezone: "Atlantic/Azores"
  - name: "Madalena"
    latitude: 38.53642
    longitude: -28.5266
    population: 6136
    dem: 8
    timezone: "Atlantic/Azores"
  - name: "Lagoa"
    latitude: 37.74486
    longitude: -25.57184
    population: 14442
    dem: 41
    timezone: "Atlantic/Azores"
  - name: "Horta"
    latitude: 38.53737
    longitude: -28.62615
    population: 6572
    dem: 1
    timezone: "Atlantic/Azores"
  - name: "Arrifes"
    latitude: 37.76667
    longitude: -25.7
    population: 6981
    dem: 193
    timezone: "Atlantic/Azores"
  - name: "Angra do Heroismo"
    latitude: 38.65483
    longitude: -27.21734
    population: 12045
    dem: 1
    timezone: "Atlantic/Azores"
  - name: "Ponta Delgada"
    latitude: 37.73952
    longitude: -25.66874
    population: 20056
    dem: 1
    timezone: "Atlantic/Azores"
- name: "Distrito de Aveiro"
  cities:
  - name: "Valongo"
    latitude: 40.61667
    longitude: -8.45
    population: 5085
    dem: 73
    timezone: "Europe/Lisbon"
  - name: "Valega"
    latitude: 40.83629
    longitude: -8.58061
    population: 7005
    dem: 41
    timezone: "Europe/Lisbon"
  - name: "Vale de Cambra"
    latitude: 40.8497
    longitude: -8.39389
    population: 7649
    dem: 240
    timezone: "Europe/Lisbon"
  - name: "Silvalde"
    latitude: 40.99205
    longitude: -8.62567
    population: 7188
    dem: 52
    timezone: "Europe/Lisbon"
  - name: "Sao Roque"
    latitude: 40.87216
    longitude: -8.47149
    population: 5575
    dem: 208
    timezone: "Europe/Lisbon"
  - name: "Sao Joao de Ver"
    latitude: 40.95527
    longitude: -8.55117
    population: 9568
    dem: 170
    timezone: "Europe/Lisbon"
  - name: "Sao Joao da Madeira"
    latitude: 40.9007
    longitude: -8.4902
    population: 22079
    dem: 204
    timezone: "Europe/Lisbon"
  - name: "Sao Joao"
    latitude: 40.86802
    longitude: -8.60672
    population: 6762
    dem: 24
    timezone: "Europe/Lisbon"
  - name: "Ovar"
    latitude: 40.85862
    longitude: -8.62513
    population: 18452
    dem: 16
    timezone: "Europe/Lisbon"
  - name: "Oliveira do Bairro"
    latitude: 40.5146
    longitude: -8.49386
    population: 6239
    dem: 74
    timezone: "Europe/Lisbon"
  - name: "Oliveira de Azemeis"
    latitude: 40.84101
    longitude: -8.47555
    population: 11771
    dem: 221
    timezone: "Europe/Lisbon"
  - name: "Oia"
    latitude: 40.54264
    longitude: -8.53856
    population: 7118
    dem: 63
    timezone: "Europe/Lisbon"
  - name: "Nogueira da Regedoura"
    latitude: 41.0053
    longitude: -8.59195
    population: 5328
    dem: 109
    timezone: "Europe/Lisbon"
  - name: "Murtosa"
    latitude: 40.73695
    longitude: -8.6377
    population: 8282
    dem: 8
    timezone: "Europe/Lisbon"
  - name: "Lourosa"
    latitude: 40.9842
    longitude: -8.55142
    population: 9619
    dem: 159
    timezone: "Europe/Lisbon"
  - name: "Lobao"
    latitude: 40.98664
    longitude: -8.48566
    population: 6049
    dem: 213
    timezone: "Europe/Lisbon"
  - name: "Lamas"
    latitude: 40.98597
    longitude: -8.56923
    population: 5628
    dem: 137
    timezone: "Europe/Lisbon"
  - name: "Ilhavo"
    latitude: 40.60188
    longitude: -8.67021
    population: 17236
    dem: 12
    timezone: "Europe/Lisbon"
  - name: "Gafanha da Nazare"
    latitude: 40.63621
    longitude: -8.71338
    population: 14840
    dem: 7
    timezone: "Europe/Lisbon"
  - name: "Fiaes"
    latitude: 40.99446
    longitude: -8.52537
    population: 8708
    dem: 198
    timezone: "Europe/Lisbon"
  - name: "Feira"
    latitude: 40.92535
    longitude: -8.54277
    population: 16376
    dem: 122
    timezone: "Europe/Lisbon"
  - name: "Espinho"
    latitude: 41.00763
    longitude: -8.64125
    population: 32786
    dem: 19
    timezone: "Europe/Lisbon"
  - name: "Esmoriz"
    latitude: 40.95773
    longitude: -8.62753
    population: 11393
    dem: 26
    timezone: "Europe/Lisbon"
  - name: "Esgueira"
    latitude: 40.64899
    longitude: -8.62943
    population: 13431
    dem: 26
    timezone: "Europe/Lisbon"
  - name: "Eixo"
    latitude: 40.62758
    longitude: -8.56922
    population: 5978
    dem: 19
    timezone: "Europe/Lisbon"
  - name: "Cucujaes"
    latitude: 40.87413
    longitude: -8.50687
    population: 11087
    dem: 236
    timezone: "Europe/Lisbon"
  - name: "Branca"
    latitude: 40.76653
    longitude: -8.48262
    population: 5632
    dem: 161
    timezone: "Europe/Lisbon"
  - name: "Beduido"
    latitude: 40.76427
    longitude: -8.5611
    population: 8201
    dem: 33
    timezone: "Europe/Lisbon"
  - name: "Aveiro"
    latitude: 40.64427
    longitude: -8.64554
    population: 54162
    dem: 19
    timezone: "Europe/Lisbon"
  - name: "Avanca"
    latitude: 40.80771
    longitude: -8.5722
    population: 6540
    dem: 34
    timezone: "Europe/Lisbon"
  - name: "Arrifana"
    latitude: 40.91565
    longitude: -8.49657
    population: 6927
    dem: 271
    timezone: "Europe/Lisbon"
  - name: "Argoncilhe"
    latitude: 41.02541
    longitude: -8.53885
    population: 8743
    dem: 167
    timezone: "Europe/Lisbon"
  - name: "Arcos"
    latitude: 40.44779
    longitude: -8.44171
    population: 6725
    dem: 35
    timezone: "Europe/Lisbon"
  - name: "Aradas"
    latitude: 40.62084
    longitude: -8.64195
    population: 7295
    dem: 23
    timezone: "Europe/Lisbon"
  - name: "Albergaria-a-Velha"
    latitude: 40.69318
    longitude: -8.47994
    population: 7974
    dem: 128
    timezone: "Europe/Lisbon"
  - name: "Agueda"
    latitude: 40.5772
    longitude: -8.44442
    population: 11941
    dem: 39
    timezone: "Europe/Lisbon"
- name: "Distrito de Braganca"
  cities:
  - name: "Vinhais"
    latitude: 41.83509
    longitude: -7.00501
    population: 9066
    dem: 706
    timezone: "Europe/Lisbon"
  - name: "Torre de Moncorvo"
    latitude: 41.17454
    longitude: -7.05364
    population: 8572
    dem: 397
    timezone: "Europe/Lisbon"
  - name: "Mirandela"
    latitude: 41.48739
    longitude: -7.18695
    population: 12504
    dem: 215
    timezone: "Europe/Lisbon"
  - name: "Miranda do Douro"
    latitude: 41.49692
    longitude: -6.27308
    population: 7482
    dem: 674
    timezone: "Europe/Lisbon"
  - name: "Macedo de Cavaleiros"
    latitude: 41.53816
    longitude: -6.9611
    population: 6566
    dem: 558
    timezone: "Europe/Lisbon"
  - name: "Carrazeda de Anciaes"
    latitude: 41.24247
    longitude: -7.30721
    population: 6373
    dem: 766
    timezone: "Europe/Lisbon"
  - name: "Braganca"
    latitude: 41.80582
    longitude: -6.75719
    population: 34375
    dem: 673
    timezone: "Europe/Lisbon"
