---
name: "Ukraine"
iso: "UA"
iso3: "UKR"
code: "804"
capital: "Kyiv"
area: 603700.0
population: 45415596
continent: "EU"
currencyCode: "UAH"
currencyName: "Hryvnia"
phone: "380"
postalCodeFormat: "#####"
postalCodeRegex: "^(\\d{5})$"
languages: "uk,ru-UA,rom,pl,hu"
neighbours: "PL,MD,HU,SK,BY,RO,RU"
regions:
- name: "Zakarpattia Oblast"
  cities:
  - name: "Yasinya"
    latitude: 48.27937
    longitude: 24.36042
    population: 7708
    dem: 657
    timezone: "Europe/Uzhgorod"
  - name: "Vyshkovo"
    latitude: 48.04911
    longitude: 23.42113
    population: 7838
    dem: 192
    timezone: "Europe/Uzhgorod"
  - name: "Vynohradiv"
    latitude: 48.14135
    longitude: 23.02666
    population: 27600
    dem: 133
    timezone: "Europe/Uzhgorod"
  - name: "Volovets"
    latitude: 48.7109
    longitude: 23.1851
    population: 5177
    dem: 529
    timezone: "Europe/Uzhgorod"
  - name: "Velykyi Bereznyi"
    latitude: 48.88831
    longitude: 22.46052
    population: 7078
    elevation: 210
    dem: 197
    timezone: "Europe/Uzhgorod"
  - name: "Uzhgorod"
    latitude: 48.61667
    longitude: 22.3
    population: 117878
    dem: 119
    timezone: "Europe/Uzhgorod"
  - name: "Tyachiv"
    latitude: 48.01179
    longitude: 23.57061
    population: 9422
    dem: 213
    timezone: "Europe/Uzhgorod"
  - name: "Svalyava"
    latitude: 48.54853
    longitude: 22.99578
    population: 16507
    dem: 208
    timezone: "Europe/Uzhgorod"
  - name: "Serednye Vodyane"
    latitude: 47.98159
    longitude: 23.91041
    population: 5465
    dem: 272
    timezone: "Europe/Uzhgorod"
  - name: "Solotvyno"
    latitude: 47.94604
    longitude: 23.87035
    population: 8931
    dem: 286
    timezone: "Europe/Uzhgorod"
  - name: "Rakhiv"
    latitude: 48.0526
    longitude: 24.20089
    population: 14674
    dem: 439
    timezone: "Europe/Uzhgorod"
  - name: "Perechyn"
    latitude: 48.73616
    longitude: 22.482
    population: 7000
    dem: 151
    timezone: "Europe/Uzhgorod"
  - name: "Mukacheve"
    latitude: 48.43919
    longitude: 22.71779
    population: 81633
    dem: 126
    timezone: "Europe/Uzhgorod"
  - name: "Mizhhirya"
    latitude: 48.52458
    longitude: 23.50563
    population: 10000
    dem: 452
    timezone: "Europe/Uzhgorod"
  - name: "Korolevo"
    latitude: 48.15247
    longitude: 23.13659
    population: 7844
    dem: 144
    timezone: "Europe/Uzhgorod"
  - name: "Khust"
    latitude: 48.1793
    longitude: 23.29909
    population: 27999
    dem: 169
    timezone: "Europe/Uzhgorod"
  - name: "Kalyny"
    latitude: 48.14078
    longitude: 23.8738
    population: 5627
    dem: 353
    timezone: "Europe/Uzhgorod"
  - name: "Iza"
    latitude: 48.21525
    longitude: 23.32867
    population: 5237
    elevation: 182
    dem: 183
    timezone: "Europe/Uzhgorod"
  - name: "Irshava"
    latitude: 48.31667
    longitude: 23.03846
    population: 9161
    dem: 140
    timezone: "Europe/Uzhgorod"
  - name: "Dubove"
    latitude: 48.17205
    longitude: 23.88954
    population: 8902
    dem: 383
    timezone: "Europe/Uzhgorod"
  - name: "Dovhe"
    latitude: 48.36527
    longitude: 23.27904
    population: 6541
    dem: 172
    timezone: "Europe/Uzhgorod"
  - name: "Chop"
    latitude: 48.43198
    longitude: 22.20555
    population: 8587
    dem: 105
    timezone: "Europe/Uzhgorod"
  - name: "Chynadiyovo"
    latitude: 48.48179
    longitude: 22.8217
    population: 6564
    dem: 144
    timezone: "Europe/Uzhgorod"
  - name: "Bushtyno"
    latitude: 48.05121
    longitude: 23.48579
    population: 8236
    dem: 206
    timezone: "Europe/Uzhgorod"
  - name: "Berehove"
    latitude: 48.20555
    longitude: 22.64418
    population: 25741
    dem: 117
    timezone: "Europe/Uzhgorod"
  - name: "Bilky"
    latitude: 48.31503
    longitude: 23.13248
    population: 7778
    dem: 147
    timezone: "Europe/Uzhgorod"
- name: "Kharkivska Oblast"
  cities:
  - name: "Zolochiv"
    latitude: 50.27985
    longitude: 35.98179
    population: 11160
    dem: 140
    timezone: "Europe/Kiev"
  - name: "Zmiyiv"
    latitude: 49.67453
    longitude: 36.34775
    population: 16095
    dem: 93
    timezone: "Europe/Kiev"
  - name: "Vysokyy"
    latitude: 49.89156
    longitude: 36.12175
    population: 10988
    dem: 154
    timezone: "Europe/Kiev"
  - name: "Vovchansk"
    latitude: 50.29078
    longitude: 36.94108
    population: 19486
    dem: 111
    timezone: "Europe/Kiev"
  - name: "Vasyshcheve"
    latitude: 49.82852
    longitude: 36.32691
    population: 5862
    dem: 94
    timezone: "Europe/Kiev"
  - name: "Valky"
    latitude: 49.83597
    longitude: 35.61223
    population: 10099
    dem: 138
    timezone: "Europe/Kiev"
  - name: "Solonytsivka"
    latitude: 49.99682
    longitude: 36.03464
    population: 12378
    dem: 118
    timezone: "Europe/Kiev"
  - name: "Slatyne"
    latitude: 50.21041
    longitude: 36.15376
    population: 6544
    dem: 132
    timezone: "Europe/Kiev"
  - name: "Shevchenkove"
    latitude: 49.69585
    longitude: 37.17348
    population: 7090
    dem: 171
    timezone: "Europe/Kiev"
  - name: "Savyntsi"
    latitude: 49.40257
    longitude: 37.06266
    population: 5326
    dem: 101
    timezone: "Europe/Kiev"
  - name: "Sakhnovshchyna"
    latitude: 49.15166
    longitude: 35.87198
    population: 8188
    dem: 169
    timezone: "Europe/Kiev"
  - name: "Pokotylivka"
    latitude: 49.91343
    longitude: 36.17511
    population: 9962
    dem: 153
    timezone: "Europe/Kiev"
  - name: "Pivdenne"
    latitude: 49.88315
    longitude: 36.06785
    population: 8053
    dem: 180
    timezone: "Europe/Kiev"
  - name: "Pervomayskyy"
    latitude: 49.38742
    longitude: 36.21471
    population: 30000
    dem: 191
    timezone: "Europe/Kiev"
  - name: "Peresichna"
    latitude: 50.02452
    longitude: 35.97871
    population: 6894
    dem: 121
    timezone: "Europe/Kiev"
  - name: "Panyutyne"
    latitude: 48.93692
    longitude: 36.27563
    population: 7038
    dem: 172
    timezone: "Europe/Kiev"
  - name: "Nova Vodolaha"
    latitude: 49.71901
    longitude: 35.86578
    population: 13112
    dem: 116
    timezone: "Europe/Kiev"
  - name: "Merefa"
    latitude: 49.82302
    longitude: 36.05069
    population: 23679
    dem: 102
    timezone: "Europe/Kiev"
  - name: "Mala Danylivka"
    latitude: 50.06354
    longitude: 36.16564
    population: 7211
    dem: 117
    timezone: "Europe/Kiev"
  - name: "Lyubotyn"
    latitude: 49.94691
    longitude: 35.92907
    population: 22545
    dem: 182
    timezone: "Europe/Kiev"
  - name: "Lozova"
    latitude: 48.88937
    longitude: 36.31755
    population: 62311
    dem: 185
    timezone: "Europe/Kiev"
  - name: "Kupjansk"
    latitude: 49.71055
    longitude: 37.61517
    population: 32449
    dem: 92
    timezone: "Europe/Kiev"
  - name: "Krasnopavlivka"
    latitude: 49.13643
    longitude: 36.31911
    population: 7495
    dem: 147
    timezone: "Europe/Kiev"
  - name: "Krasnokutsk"
    latitude: 50.06602
    longitude: 35.16275
    population: 8008
    dem: 122
    timezone: "Europe/Kiev"
  - name: "Krasnohrad"
    latitude: 49.38009
    longitude: 35.44186
    population: 21426
    dem: 159
    timezone: "Europe/Kiev"
  - name: "Kivsharivka"
    latitude: 49.63096
    longitude: 37.68821
    population: 19738
    dem: 95
    timezone: "Europe/Kiev"
  - name: "Slobozhanske"
    latitude: 49.59701
    longitude: 36.52618
    population: 15825
    dem: 99
    timezone: "Europe/Kiev"
  - name: "Kharkiv"
    latitude: 49.98081
    longitude: 36.25272
    population: 1430885
    dem: 113
    timezone: "Europe/Kiev"
  - name: "Kehychivka"
    latitude: 49.28656
    longitude: 35.76153
    population: 6404
    dem: 163
    timezone: "Europe/Kiev"
  - name: "Izyum"
    latitude: 49.20875
    longitude: 37.24849
    population: 53778
    dem: 79
    timezone: "Europe/Kiev"
  - name: "Eskhar"
    latitude: 49.79614
    longitude: 36.59047
    population: 5349
    dem: 120
    timezone: "Europe/Kiev"
  - name: "Derhachi"
    latitude: 50.10659
    longitude: 36.12112
    population: 19322
    dem: 121
    timezone: "Europe/Kiev"
  - name: "Chuhuyiv"
    latitude: 49.83588
    longitude: 36.68803
    population: 36519
    dem: 133
    timezone: "Europe/Kiev"
  - name: "Budy"
    latitude: 49.89133
    longitude: 36.02096
    population: 6742
    dem: 122
    timezone: "Europe/Kiev"
  - name: "Borova"
    latitude: 49.3777
    longitude: 37.62136
    population: 6589
    dem: 88
    timezone: "Europe/Kiev"
  - name: "Bohodukhiv"
    latitude: 50.16466
    longitude: 35.52765
    population: 17818
    dem: 150
    timezone: "Europe/Kiev"
  - name: "Bezlyudivka"
    latitude: 49.87547
    longitude: 36.26539
    population: 9294
    dem: 105
    timezone: "Europe/Kiev"
  - name: "Barvinkove"
    latitude: 48.9097
    longitude: 37.02051
    population: 12344
    dem: 92
    timezone: "Europe/Kiev"
  - name: "Balakliya"
    latitude: 49.4627
    longitude: 36.85951
    population: 31156
    dem: 79
    timezone: "Europe/Kiev"
  - name: "Malynivka"
    latitude: 49.81667
    longitude: 36.73333
    population: 7502
    dem: 100
    timezone: "Europe/Kiev"
- name: "Kyiv Oblast"
  cities:
  - name: "Zgurovka"
    latitude: 50.50276
    longitude: 31.78492
    population: 6369
    dem: 126
    timezone: "Europe/Kiev"
  - name: "Yahotyn"
    latitude: 50.27975
    longitude: 31.76246
    population: 22779
    dem: 130
    timezone: "Europe/Kiev"
  - name: "Vyshhorod"
    latitude: 50.58476
    longitude: 30.4898
    population: 22080
    dem: 112
    timezone: "Europe/Kiev"
  - name: "Vorzel"
    latitude: 50.5444
    longitude: 30.15305
    population: 8500
    dem: 166
    timezone: "Europe/Kiev"
  - name: "Volodarka"
    latitude: 49.52484
    longitude: 29.91222
    population: 7355
    dem: 172
    timezone: "Europe/Kiev"
  - name: "Vyshneve"
    latitude: 50.38913
    longitude: 30.3705
    population: 33183
    dem: 176
    timezone: "Europe/Kiev"
  - name: "Velyka Dymerka"
    latitude: 50.59333
    longitude: 30.90313
    population: 9606
    dem: 122
    timezone: "Europe/Kiev"
  - name: "Vasylkiv"
    latitude: 50.18693
    longitude: 30.31346
    population: 39700
    dem: 164
    timezone: "Europe/Kiev"
  - name: "Uzyn"
    latitude: 49.82619
    longitude: 30.41487
    population: 12726
    dem: 179
    timezone: "Europe/Kiev"
  - name: "Ukrainka"
    latitude: 50.14317
    longitude: 30.74612
    population: 13636
    dem: 98
    timezone: "Europe/Kiev"
  - name: "Trebukhiv"
    latitude: 50.48432
    longitude: 30.90304
    population: 6207
    dem: 114
    timezone: "Europe/Kiev"
  - name: "Tetiiv"
    latitude: 49.3767
    longitude: 29.66474
    population: 14388
    dem: 195
    timezone: "Europe/Kiev"
  - name: "Tarashcha"
    latitude: 49.55832
    longitude: 30.49259
    population: 12952
    dem: 189
    timezone: "Europe/Kiev"
  - name: "Skvyra"
    latitude: 49.73177
    longitude: 29.66569
    population: 17452
    dem: 201
    timezone: "Europe/Kiev"
  - name: "Rzhyshchiv"
    latitude: 49.96886
    longitude: 31.04628
    population: 7993
    dem: 90
    timezone: "Europe/Kiev"
  - name: "Piskivka"
    latitude: 50.69378
    longitude: 29.61934
    population: 6889
    dem: 139
    timezone: "Europe/Kiev"
  - name: "Pereiaslav-Khmelnytskyi"
    latitude: 50.06739
    longitude: 31.44969
    population: 36527
    dem: 88
    timezone: "Europe/Kiev"
  - name: "Obukhiv"
    latitude: 50.10689
    longitude: 30.61848
    population: 31557
    dem: 136
    timezone: "Europe/Kiev"
  - name: "Novi Petrivtsi"
    latitude: 50.62754
    longitude: 30.4431
    population: 7747
    dem: 161
    timezone: "Europe/Kiev"
  - name: "Myronivka"
    latitude: 49.66007
    longitude: 30.98225
    population: 12871
    dem: 122
    timezone: "Europe/Kiev"
  - name: "Makariv"
    latitude: 50.46408
    longitude: 29.81128
    population: 11594
    dem: 168
    timezone: "Europe/Kiev"
  - name: "Knyazhichi"
    latitude: 50.46275
    longitude: 30.78369
    population: 5207
    dem: 111
    timezone: "Europe/Kiev"
  - name: "Kaharlyk"
    latitude: 49.86233
    longitude: 30.82815
    population: 13245
    dem: 159
    timezone: "Europe/Kiev"
  - name: "Ivankiv"
    latitude: 50.93865
    longitude: 29.89426
    population: 10170
    dem: 138
    timezone: "Europe/Kiev"
  - name: "Irpin"
    latitude: 50.52175
    longitude: 30.25055
    population: 40789
    dem: 121
    timezone: "Europe/Kiev"
  - name: "Hostomel"
    latitude: 50.56841
    longitude: 30.2651
    population: 12450
    dem: 109
    timezone: "Europe/Kiev"
  - name: "Hnidyn"
    latitude: 50.32899
    longitude: 30.71059
    population: 5400
    dem: 93
    timezone: "Europe/Kiev"
  - name: "Hlevakha"
    latitude: 50.27423
    longitude: 30.32706
    population: 8835
    dem: 188
    timezone: "Europe/Kiev"
  - name: "Fastiv"
    latitude: 50.0767
    longitude: 29.9177
    population: 51143
    dem: 208
    timezone: "Europe/Kiev"
  - name: "Dymer"
    latitude: 50.78647
    longitude: 30.3026
    population: 5653
    dem: 111
    timezone: "Europe/Kiev"
  - name: "Bucha"
    latitude: 50.54345
    longitude: 30.21201
    population: 42279
    dem: 135
    timezone: "Europe/Kiev"
  - name: "Brovary"
    latitude: 50.51809
    longitude: 30.80671
    population: 88506
    dem: 130
    timezone: "Europe/Kiev"
  - name: "Boyarka"
    latitude: 50.31911
    longitude: 30.29728
    population: 34631
    dem: 181
    timezone: "Europe/Kiev"
  - name: "Borova"
    latitude: 50.17625
    longitude: 30.10429
    population: 7315
    dem: 162
    timezone: "Europe/Kiev"
  - name: "Borodianka"
    latitude: 50.64484
    longitude: 29.9201
    population: 12069
    dem: 139
    timezone: "Europe/Kiev"
  - name: "Boryspil"
    latitude: 50.35269
    longitude: 30.95501
    population: 55000
    dem: 113
    timezone: "Europe/Kiev"
  - name: "Bohuslav"
    latitude: 49.54939
    longitude: 30.8744
    population: 16498
    dem: 164
    timezone: "Europe/Kiev"
  - name: "Bila Tserkva"
    latitude: 49.80939
    longitude: 30.11209
    population: 199163
    dem: 178
    timezone: "Europe/Kiev"
  - name: "Baryshivka"
    latitude: 50.36098
    longitude: 31.32173
    population: 10762
    dem: 100
    timezone: "Europe/Kiev"
  - name: "Slavutych"
    latitude: 51.5225
    longitude: 30.71806
    population: 25000
    dem: 131
    timezone: "Europe/Kiev"
  - name: "Sofiyivska Borschagivka"
    latitude: 50.41005
    longitude: 30.36724
    population: 6571
    dem: 163
    timezone: "Europe/Kiev"
  - name: "Horenka"
    latitude: 50.55731
    longitude: 30.33217
    population: 5358
    dem: 123
    timezone: "Europe/Kiev"
  - name: "Chabany"
    latitude: 50.34071
    longitude: 30.42356
    population: 7650
    dem: 188
    timezone: "Europe/Kiev"
- name: "Cherkaska Oblast"
  cities:
  - name: "Zvenihorodka"
    latitude: 49.07866
    longitude: 30.96755
    population: 19161
    dem: 158
    timezone: "Europe/Kiev"
  - name: "Zolotonosha"
    latitude: 49.66832
    longitude: 32.04047
    population: 27722
    dem: 93
    timezone: "Europe/Kiev"
  - name: "Zhashkiv"
    latitude: 49.24545
    longitude: 30.1102
    population: 15264
    dem: 236
    timezone: "Europe/Kiev"
  - name: "Vatutine"
    latitude: 49.01502
    longitude: 31.06211
    population: 19407
    dem: 141
    timezone: "Europe/Kiev"
  - name: "Uman"
    latitude: 48.74838
    longitude: 30.22184
    population: 87658
    dem: 215
    timezone: "Europe/Kiev"
  - name: "Talne"
    latitude: 48.88877
    longitude: 30.69482
    population: 16388
    dem: 127
    timezone: "Europe/Kiev"
  - name: "Smila"
    latitude: 49.22242
    longitude: 31.88714
    population: 67530
    dem: 101
    timezone: "Europe/Kiev"
  - name: "Shpola"
    latitude: 49.00687
    longitude: 31.39471
    population: 18689
    dem: 150
    timezone: "Europe/Kiev"
  - name: "Ruska Poliana"
    latitude: 49.417
    longitude: 31.92009
    population: 7780
    dem: 116
    timezone: "Europe/Kiev"
  - name: "Monastyryshche"
    latitude: 48.9909
    longitude: 29.8047
    population: 9111
    dem: 246
    timezone: "Europe/Kiev"
  - name: "Mankivka"
    latitude: 48.96349
    longitude: 30.33366
    population: 8596
    dem: 218
    timezone: "Europe/Kiev"
  - name: "Lysianka"
    latitude: 49.25229
    longitude: 30.82946
    population: 7954
    dem: 160
    timezone: "Europe/Kiev"
  - name: "Korsun-Shevchenkivskyi"
    latitude: 49.41894
    longitude: 31.25865
    population: 19000
    dem: 119
    timezone: "Europe/Kiev"
  - name: "Khrystynivka"
    latitude: 48.81577
    longitude: 29.97703
    population: 14056
    dem: 248
    timezone: "Europe/Kiev"
  - name: "Kaniv"
    latitude: 49.75182
    longitude: 31.46004
    population: 25666
    dem: 126
    timezone: "Europe/Kiev"
  - name: "Kamianka"
    latitude: 49.0318
    longitude: 32.10396
    population: 14547
    dem: 127
    timezone: "Europe/Kiev"
  - name: "Horodyshche"
    latitude: 49.28489
    longitude: 31.44513
    population: 15063
    dem: 114
    timezone: "Europe/Kiev"
  - name: "Drabiv"
    latitude: 49.96029
    longitude: 32.1407
    population: 7011
    dem: 119
    timezone: "Europe/Kiev"
  - name: "Chyhyryn"
    latitude: 49.08376
    longitude: 32.65549
    population: 11515
    dem: 76
    timezone: "Europe/Kiev"
  - name: "Chervona Sloboda"
    latitude: 49.37281
    longitude: 32.15742
    population: 9333
    dem: 83
    timezone: "Europe/Kiev"
  - name: "Chornobay"
    latitude: 49.66644
    longitude: 32.32932
    population: 8053
    dem: 116
    timezone: "Europe/Kiev"
  - name: "Cherkasy"
    latitude: 49.42854
    longitude: 32.06207
    population: 297568
    dem: 107
    timezone: "Europe/Kiev"
- name: "Mykolayivska Oblast"
  cities:
  - name: "Vradiyivka"
    latitude: 47.86195
    longitude: 30.59195
    population: 9578
    dem: 148
    timezone: "Europe/Kiev"
  - name: "Voznesensk"
    latitude: 47.56494
    longitude: 31.33078
    population: 42248
    dem: 9
    timezone: "Europe/Kiev"
  - name: "Veselynove"
    latitude: 47.35666
    longitude: 31.23488
    population: 6997
    dem: 18
    timezone: "Europe/Kiev"
  - name: "Snihurivka"
    latitude: 47.07579
    longitude: 32.80516
    population: 14873
    dem: 51
    timezone: "Europe/Kiev"
  - name: "Pervomaysk"
    latitude: 48.04433
    longitude: 30.85073
    population: 70746
    dem: 76
    timezone: "Europe/Kiev"
  - name: "Ochakiv"
    latitude: 46.61283
    longitude: 31.54982
    population: 16300
    dem: 37
    timezone: "Europe/Kiev"
  - name: "Novyy Buh"
    latitude: 47.69308
    longitude: 32.5216
    population: 15646
    dem: 100
    timezone: "Europe/Kiev"
  - name: "Nova Odesa"
    latitude: 47.30778
    longitude: 31.78506
    population: 13547
    dem: 25
    timezone: "Europe/Kiev"
  - name: "Mykolayiv"
    latitude: 46.96591
    longitude: 31.9974
    population: 510840
    dem: 18
    timezone: "Europe/Kiev"
  - name: "Kryve Ozero"
    latitude: 47.95242
    longitude: 30.34928
    population: 8258
    dem: 96
    timezone: "Europe/Kiev"
  - name: "Kazanka"
    latitude: 47.84625
    longitude: 32.82177
    population: 8010
    dem: 92
    timezone: "Europe/Kiev"
  - name: "Domanivka"
    latitude: 47.63192
    longitude: 30.98851
    population: 6517
    dem: 71
    timezone: "Europe/Kiev"
  - name: "Bereznehuvate"
    latitude: 47.30783
    longitude: 32.84993
    population: 7506
    dem: 20
    timezone: "Europe/Kiev"
  - name: "Bashtanka"
    latitude: 47.40719
    longitude: 32.43868
    population: 12657
    dem: 77
    timezone: "Europe/Kiev"
  - name: "Arbuzynka"
    latitude: 47.90972
    longitude: 31.31963
    population: 7140
    dem: 124
    timezone: "Europe/Kiev"
  - name: "Oleksandrivka"
    latitude: 46.83826
    longitude: 32.76116
    population: 5653
    dem: 37
    timezone: "Europe/Kiev"
  - name: "Yuzhnoukrainsk"
    latitude: 47.81777
    longitude: 31.18263
    population: 39430
    dem: 87
    timezone: "Europe/Kiev"
- name: "Ternopilska Oblast"
  cities:
  - name: "Zboriv"
    latitude: 49.66484
    longitude: 25.14097
    population: 7159
    dem: 354
    timezone: "Europe/Kiev"
  - name: "Zbarazh"
    latitude: 49.66357
    longitude: 25.77616
    population: 12736
    dem: 317
    timezone: "Europe/Kiev"
  - name: "Zalishchyky"
    latitude: 48.64331
    longitude: 25.73794
    population: 9749
    dem: 179
    timezone: "Europe/Kiev"
  - name: "Ternopil"
    latitude: 49.55342
    longitude: 25.58918
    population: 235676
    dem: 317
    timezone: "Europe/Kiev"
  - name: "Terebovlya"
    latitude: 49.30187
    longitude: 25.70997
    population: 13153
    dem: 350
    timezone: "Europe/Kiev"
  - name: "Pochaiv"
    latitude: 50.00509
    longitude: 25.51183
    population: 8075
    dem: 372
    timezone: "Europe/Kiev"
  - name: "Lanivtsi"
    latitude: 49.86328
    longitude: 26.09082
    population: 8357
    dem: 272
    timezone: "Europe/Kiev"
  - name: "Kremenets"
    latitude: 50.09693
    longitude: 25.72459
    population: 21000
    dem: 301
    timezone: "Europe/Kiev"
  - name: "Kozova"
    latitude: 49.43544
    longitude: 25.15086
    population: 9019
    dem: 361
    timezone: "Europe/Kiev"
  - name: "Kopychyntsi"
    latitude: 49.10441
    longitude: 25.91026
    population: 6774
    dem: 309
    timezone: "Europe/Kiev"
  - name: "Khorostkiv"
    latitude: 49.21114
    longitude: 25.92165
    population: 7034
    dem: 306
    timezone: "Europe/Kiev"
  - name: "Husiatyn"
    latitude: 49.0729
    longitude: 26.1848
    population: 7122
    dem: 277
    timezone: "Europe/Kiev"
  - name: "Chortkiv"
    latitude: 49.01709
    longitude: 25.79804
    population: 28855
    elevation: 394
    dem: 227
    timezone: "Europe/Kiev"
  - name: "Buchach"
    latitude: 49.06254
    longitude: 25.38798
    population: 12082
    dem: 326
    timezone: "Europe/Kiev"
  - name: "Borshchiv"
    latitude: 48.80332
    longitude: 26.04347
    population: 10959
    dem: 253
    timezone: "Europe/Kiev"
  - name: "Berezhani"
    latitude: 49.45
    longitude: 24.93333
    population: 16962
    dem: 305
    timezone: "Europe/Kiev"
- name: "Dnipropetrovska Oblast"
  cities:
  - name: "Zhovti Vody"
    latitude: 48.34493
    longitude: 33.50374
    population: 51559
    dem: 151
    timezone: "Europe/Kiev"
  - name: "Vilne"
    latitude: 47.63645
    longitude: 34.81387
    population: 5432
    dem: 83
    timezone: "Europe/Kiev"
  - name: "Tsarychanka"
    latitude: 48.93697
    longitude: 34.4786
    population: 7638
    dem: 68
    timezone: "Europe/Kiev"
  - name: "Tomakivka"
    latitude: 47.81569
    longitude: 34.74137
    population: 8006
    dem: 49
    timezone: "Europe/Kiev"
  - name: "Solone"
    latitude: 48.20805
    longitude: 34.87208
    population: 7304
    dem: 105
    timezone: "Europe/Kiev"
  - name: "Sofiyivka"
    latitude: 48.04865
    longitude: 33.87618
    population: 8017
    dem: 108
    timezone: "Europe/Kiev"
  - name: "Synelnykove"
    latitude: 48.32044
    longitude: 35.51792
    population: 31900
    dem: 171
    timezone: "Europe/Kiev"
  - name: "Shyroke"
    latitude: 47.69173
    longitude: 33.25715
    population: 10920
    dem: 29
    timezone: "Europe/Kiev"
  - name: "Piatykhatky"
    latitude: 48.41333
    longitude: 33.71056
    population: 20459
    dem: 169
    timezone: "Europe/Kiev"
  - name: "Pidhorodne"
    latitude: 48.57528
    longitude: 35.1068
    population: 17103
    dem: 56
    timezone: "Europe/Kiev"
  - name: "Petropavlivka"
    latitude: 48.45643
    longitude: 36.4367
    population: 8912
    dem: 78
    timezone: "Europe/Kiev"
  - name: "Pavlohrad"
    latitude: 48.53426
    longitude: 35.87098
    population: 115932
    dem: 70
    timezone: "Europe/Kiev"
  - name: "Novomoskovsk"
    latitude: 48.63799
    longitude: 35.24548
    population: 73100
    dem: 58
    timezone: "Europe/Kiev"
  - name: "Nikopol"
    latitude: 47.57119
    longitude: 34.39637
    population: 130500
    dem: 67
    timezone: "Europe/Kiev"
  - name: "Mezhova"
    latitude: 48.25318
    longitude: 36.73468
    population: 7817
    dem: 181
    timezone: "Europe/Kiev"
  - name: "Marhanets"
    latitude: 47.63543
    longitude: 34.62769
    population: 50443
    dem: 75
    timezone: "Europe/Kiev"
  - name: "Mahdalynivka"
    latitude: 48.92111
    longitude: 34.91491
    population: 6567
    dem: 100
    timezone: "Europe/Kiev"
  - name: "Kryvyi Rih"
    latitude: 47.90966
    longitude: 33.38044
    population: 652380
    dem: 99
    timezone: "Europe/Kiev"
  - name: "Hubynykha"
    latitude: 48.8098
    longitude: 35.25602
    population: 5745
    dem: 126
    timezone: "Europe/Kiev"
  - name: "Dnipro"
    latitude: 48.4593
    longitude: 35.03865
    population: 1032822
    dem: 100
    timezone: "Europe/Kiev"
  - name: "Kamianske"
    latitude: 48.51134
    longitude: 34.6021
    population: 248575
    dem: 94
    timezone: "Europe/Kiev"
  - name: "Chervonohryhorivka"
    latitude: 47.62298
    longitude: 34.53887
    population: 6444
    dem: 23
    timezone: "Europe/Kiev"
  - name: "Apostolove"
    latitude: 47.66003
    longitude: 33.71369
    population: 15828
    dem: 87
    timezone: "Europe/Kiev"
- name: "Rivnenska Oblast"
  cities:
  - name: "Zdolbuniv"
    latitude: 50.5206
    longitude: 26.24251
    population: 23697
    dem: 195
    timezone: "Europe/Kiev"
  - name: "Zarichne"
    latitude: 51.8126
    longitude: 26.12902
    population: 6671
    dem: 150
    timezone: "Europe/Kiev"
  - name: "Volodymyrets"
    latitude: 51.4213
    longitude: 26.14469
    population: 8537
    dem: 170
    timezone: "Europe/Kiev"
  - name: "Sarny"
    latitude: 51.33795
    longitude: 26.60191
    population: 27097
    dem: 158
    timezone: "Europe/Kiev"
  - name: "Rokytne"
    latitude: 51.2796
    longitude: 27.214
    population: 11726
    dem: 174
    timezone: "Europe/Kiev"
  - name: "Rivne"
    latitude: 50.62308
    longitude: 26.22743
    population: 255106
    dem: 207
    timezone: "Europe/Kiev"
  - name: "Ostroh"
    latitude: 50.32942
    longitude: 26.51425
    population: 14251
    dem: 219
    timezone: "Europe/Kiev"
  - name: "Mlyniv"
    latitude: 50.509
    longitude: 25.61675
    population: 8228
    dem: 196
    timezone: "Europe/Kiev"
  - name: "Kostopil"
    latitude: 50.87841
    longitude: 26.45192
    population: 30500
    dem: 182
    timezone: "Europe/Kiev"
  - name: "Korets"
    latitude: 50.61655
    longitude: 27.16055
    population: 8446
    dem: 214
    timezone: "Europe/Kiev"
  - name: "Hoshcha"
    latitude: 50.6003
    longitude: 26.67435
    population: 5084
    dem: 199
    timezone: "Europe/Kiev"
  - name: "Dubrovytsya"
    latitude: 51.57438
    longitude: 26.56503
    population: 9285
    dem: 153
    timezone: "Europe/Kiev"
  - name: "Dubno"
    latitude: 50.41694
    longitude: 25.73432
    population: 37690
    dem: 199
    timezone: "Europe/Kiev"
  - name: "Radyvyliv"
    latitude: 50.12994
    longitude: 25.25576
    population: 9928
    dem: 221
    timezone: "Europe/Kiev"
  - name: "Varash"
    latitude: 51.3509
    longitude: 25.84738
    population: 42000
    dem: 167
    timezone: "Europe/Kiev"
- name: "Kirovohradska Oblast"
  cities:
  - name: "Znomenka"
    latitude: 48.71278
    longitude: 32.66472
    population: 28318
    dem: 202
    timezone: "Europe/Kiev"
  - name: "Zavallya"
    latitude: 48.21354
    longitude: 30.01558
    population: 5010
    dem: 145
    timezone: "Europe/Kiev"
  - name: "Svitlovodsk"
    latitude: 49.04894
    longitude: 33.24106
    population: 47946
    dem: 68
    timezone: "Europe/Kiev"
  - name: "Rivne"
    latitude: 48.24742
    longitude: 31.75432
    population: 5296
    dem: 151
    timezone: "Europe/Kiev"
  - name: "Pomichna"
    latitude: 48.24222
    longitude: 31.41583
    population: 10539
    dem: 204
    timezone: "Europe/Kiev"
  - name: "Pobugskoye"
    latitude: 48.16579
    longitude: 30.59274
    population: 5716
    dem: 121
    timezone: "Europe/Kiev"
  - name: "Petrove"
    latitude: 48.32467
    longitude: 33.25617
    population: 8252
    dem: 104
    timezone: "Europe/Kiev"
  - name: "Oleksandriya"
    latitude: 48.66961
    longitude: 33.11593
    population: 103000
    dem: 106
    timezone: "Europe/Kiev"
  - name: "Oleksandrivka"
    latitude: 48.96336
    longitude: 32.23492
    population: 10687
    dem: 127
    timezone: "Europe/Kiev"
  - name: "Novoukrayinka"
    latitude: 48.32635
    longitude: 31.52852
    population: 18633
    dem: 156
    timezone: "Europe/Kiev"
  - name: "Novomyrhorod"
    latitude: 48.78105
    longitude: 31.64204
    population: 12728
    dem: 140
    timezone: "Europe/Kiev"
  - name: "Novoarkhanhelsk"
    latitude: 48.65803
    longitude: 30.81821
    population: 7624
    dem: 134
    timezone: "Europe/Kiev"
  - name: "Novhorodka"
    latitude: 48.36506
    longitude: 32.65785
    population: 6405
    dem: 114
    timezone: "Europe/Kiev"
  - name: "Nova Praha"
    latitude: 48.56821
    longitude: 32.90273
    population: 7513
    dem: 107
    timezone: "Europe/Kiev"
  - name: "Mala Vyska"
    latitude: 48.64308
    longitude: 31.63657
    population: 12644
    dem: 185
    timezone: "Europe/Kiev"
  - name: "Lozuvatka"
    latitude: 48.0571
    longitude: 33.28581
    population: 6412
    dem: 88
    timezone: "Europe/Kiev"
  - name: "Kropyvnytskyi"
    latitude: 48.5132
    longitude: 32.2597
    population: 249454
    dem: 114
    timezone: "Europe/Kiev"
  - name: "Hayvoron"
    latitude: 48.33958
    longitude: 29.86791
    population: 15526
    dem: 151
    timezone: "Europe/Kiev"
  - name: "Dolynska"
    latitude: 48.11041
    longitude: 32.76449
    population: 34267
    dem: 193
    timezone: "Europe/Kiev"
  - name: "Oleksandriyske"
    latitude: 48.60767
    longitude: 32.98347
    population: 5410
    dem: 145
    timezone: "Europe/Kiev"
- name: "Volynska Oblast"
  cities:
  - name: "Volodymyr-Volynskyi"
    latitude: 50.85253
    longitude: 24.32364
    population: 38256
    dem: 192
    timezone: "Europe/Kiev"
  - name: "Stara Vyzhivka"
    latitude: 51.43762
    longitude: 24.43997
    population: 5466
    dem: 176
    timezone: "Europe/Kiev"
  - name: "Shatsk"
    latitude: 51.50208
    longitude: 23.93806
    population: 5708
    dem: 167
    timezone: "Europe/Kiev"
  - name: "Rozhyshche"
    latitude: 50.91542
    longitude: 25.26906
    population: 13280
    dem: 180
    timezone: "Europe/Kiev"
  - name: "Ratne"
    latitude: 51.6683
    longitude: 24.5303
    population: 9081
    dem: 156
    timezone: "Europe/Kiev"
  - name: "Novovolynsk"
    latitude: 50.72576
    longitude: 24.16265
    population: 57800
    dem: 237
    timezone: "Europe/Kiev"
  - name: "Liuboml"
    latitude: 51.22601
    longitude: 24.03727
    population: 10000
    dem: 188
    timezone: "Europe/Kiev"
  - name: "Lutsk"
    latitude: 50.75932
    longitude: 25.34244
    population: 213661
    dem: 192
    timezone: "Europe/Kiev"
  - name: "Kovel"
    latitude: 51.21526
    longitude: 24.70867
    population: 66400
    dem: 172
    timezone: "Europe/Kiev"
  - name: "Kivertsi"
    latitude: 50.83425
    longitude: 25.45821
    population: 16509
    dem: 199
    timezone: "Europe/Kiev"
  - name: "Kamin-Kashyrskyi"
    latitude: 51.62412
    longitude: 24.95864
    population: 11042
    dem: 153
    timezone: "Europe/Kiev"
- name: "Poltavska Oblast"
  cities:
  - name: "Zinkiv"
    latitude: 50.20806
    longitude: 34.36376
    population: 10393
    dem: 115
    timezone: "Europe/Kiev"
  - name: "Velyka Bahachka"
    latitude: 49.79116
    longitude: 33.72258
    population: 5707
    dem: 92
    timezone: "Europe/Kiev"
  - name: "Shyshaky"
    latitude: 49.88175
    longitude: 34.01118
    population: 5671
    dem: 150
    timezone: "Europe/Kiev"
  - name: "Semenivka"
    latitude: 49.59031
    longitude: 33.18049
    population: 7305
    dem: 92
    timezone: "Europe/Kiev"
  - name: "Reshetylivka"
    latitude: 49.56501
    longitude: 34.07815
    population: 9336
    dem: 90
    timezone: "Europe/Kiev"
  - name: "Poltava"
    latitude: 49.59373
    longitude: 34.54073
    population: 317847
    dem: 159
    timezone: "Europe/Kiev"
  - name: "Pyryatyn"
    latitude: 50.24242
    longitude: 32.50621
    population: 16089
    dem: 119
    timezone: "Europe/Kiev"
  - name: "Oposhnya"
    latitude: 49.95652
    longitude: 34.61226
    population: 6003
    dem: 173
    timezone: "Europe/Kiev"
  - name: "Novi Sanzhary"
    latitude: 49.34395
    longitude: 34.31084
    population: 8020
    dem: 77
    timezone: "Europe/Kiev"
  - name: "Myrhorod"
    latitude: 49.96854
    longitude: 33.60886
    population: 41377
    dem: 100
    timezone: "Europe/Kiev"
  - name: "Lubny"
    latitude: 50.01625
    longitude: 32.99694
    population: 52600
    dem: 153
    timezone: "Europe/Kiev"
  - name: "Lokhvytsya"
    latitude: 50.36776
    longitude: 33.26024
    population: 11950
    dem: 104
    timezone: "Europe/Kiev"
  - name: "Kremenchuk"
    latitude: 49.06802
    longitude: 33.42041
    population: 227494
    dem: 66
    timezone: "Europe/Kiev"
  - name: "Kotelva"
    latitude: 50.06864
    longitude: 34.75862
    population: 12660
    dem: 100
    timezone: "Europe/Kiev"
  - name: "Kobelyaky"
    latitude: 49.14892
    longitude: 34.19653
    population: 11692
    dem: 82
    timezone: "Europe/Kiev"
  - name: "Khorol"
    latitude: 49.78367
    longitude: 33.27833
    population: 14117
    dem: 116
    timezone: "Europe/Kiev"
  - name: "Karlivka"
    latitude: 49.45723
    longitude: 35.12975
    population: 17226
    dem: 151
    timezone: "Europe/Kiev"
  - name: "Hrebinka"
    latitude: 50.11712
    longitude: 32.4361
    population: 11017
    dem: 113
    timezone: "Europe/Kiev"
  - name: "Hradyzk"
    latitude: 49.23458
    longitude: 33.13613
    population: 7400
    dem: 89
    timezone: "Europe/Kiev"
  - name: "Hlobyne"
    latitude: 49.38784
    longitude: 33.25959
    population: 12544
    dem: 95
    timezone: "Europe/Kiev"
  - name: "Hadyach"
    latitude: 50.37112
    longitude: 33.99099
    population: 22667
    dem: 154
    timezone: "Europe/Kiev"
  - name: "Dykanka"
    latitude: 49.82501
    longitude: 34.52787
    population: 8000
    dem: 168
    timezone: "Europe/Kiev"
  - name: "Chutove"
    latitude: 49.71043
    longitude: 35.16571
    population: 6274
    dem: 101
    timezone: "Europe/Kiev"
  - name: "Horishni Plavni"
    latitude: 49.01018
    longitude: 33.63567
    population: 51740
    dem: 69
    timezone: "Europe/Kiev"
- name: "Ivano-Frankivska Oblast"
  cities:
  - name: "Yaremche"
    latitude: 48.45157
    longitude: 24.55436
    population: 7558
    dem: 521
    timezone: "Europe/Kiev"
  - name: "Verkhovyna"
    latitude: 48.15571
    longitude: 24.79112
    population: 5290
    dem: 629
    timezone: "Europe/Kiev"
  - name: "Tysmenytsya"
    latitude: 48.90219
    longitude: 24.84482
    population: 9426
    dem: 248
    timezone: "Europe/Kiev"
  - name: "Stari Kuty"
    latitude: 48.27093
    longitude: 25.17293
    population: 5068
    dem: 347
    timezone: "Europe/Kiev"
  - name: "Sniatyn"
    latitude: 48.44692
    longitude: 25.56937
    population: 10089
    dem: 227
    timezone: "Europe/Kiev"
  - name: "Rozhniv"
    latitude: 48.36597
    longitude: 25.2258
    population: 5351
    dem: 282
    timezone: "Europe/Kiev"
  - name: "Rohatyn"
    latitude: 49.409
    longitude: 24.60927
    population: 8287
    dem: 255
    timezone: "Europe/Kiev"
  - name: "Pechenizhyn"
    latitude: 48.51551
    longitude: 24.89423
    population: 5126
    dem: 333
    timezone: "Europe/Kiev"
  - name: "Otyniya"
    latitude: 48.73767
    longitude: 24.86111
    population: 5205
    dem: 284
    timezone: "Europe/Kiev"
  - name: "Nadvirna"
    latitude: 48.6348
    longitude: 24.56936
    population: 20154
    dem: 428
    timezone: "Europe/Kiev"
  - name: "Lanchyn"
    latitude: 48.55781
    longitude: 24.75622
    population: 7718
    dem: 379
    timezone: "Europe/Kiev"
  - name: "Kosiv"
    latitude: 48.31071
    longitude: 25.09575
    population: 7992
    dem: 369
    timezone: "Europe/Kiev"
  - name: "Kosmach"
    latitude: 48.75089
    longitude: 24.36731
    population: 6204
    dem: 479
    timezone: "Europe/Kiev"
  - name: "Kosmach"
    latitude: 48.32991
    longitude: 24.82052
    population: 6054
    dem: 622
    timezone: "Europe/Kiev"
  - name: "Kolomyia"
    latitude: 48.53115
    longitude: 25.03649
    population: 61781
    dem: 289
    timezone: "Europe/Kiev"
  - name: "Kalush"
    latitude: 49.01187
    longitude: 24.37308
    population: 67698
    dem: 279
    timezone: "Europe/Kiev"
  - name: "Ivano-Frankivsk"
    latitude: 48.9215
    longitude: 24.70972
    population: 204200
    dem: 259
    timezone: "Europe/Kiev"
  - name: "Horodenka"
    latitude: 48.67274
    longitude: 25.50163
    population: 9430
    dem: 267
    timezone: "Europe/Kiev"
  - name: "Halych"
    latitude: 49.12179
    longitude: 24.72578
    population: 6256
    dem: 218
    timezone: "Europe/Kiev"
  - name: "Dolyna"
    latitude: 48.9733
    longitude: 24.00944
    population: 20696
    dem: 404
    timezone: "Europe/Kiev"
  - name: "Delyatyn"
    latitude: 48.52354
    longitude: 24.62466
    population: 7980
    dem: 423
    timezone: "Europe/Kiev"
  - name: "Burshtyn"
    latitude: 49.25867
    longitude: 24.62777
    population: 14729
    dem: 243
    timezone: "Europe/Kiev"
  - name: "Broshniv-Osada"
    latitude: 48.99621
    longitude: 24.19748
    population: 5548
    dem: 349
    timezone: "Europe/Kiev"
  - name: "Bolekhiv"
    latitude: 49.06607
    longitude: 23.86435
    population: 10590
    dem: 365
    timezone: "Europe/Kiev"
  - name: "Bohorodchany"
    latitude: 48.807
    longitude: 24.53834
    population: 7328
    dem: 334
    timezone: "Europe/Kiev"
- name: "Misto Kyyiv"
  cities:
  - name: "Kyiv"
    latitude: 50.45466
    longitude: 30.5238
    population: 2797553
    dem: 187
    timezone: "Europe/Kiev"
  - name: "Kotsyubynske"
    latitude: 50.48836
    longitude: 30.32957
    population: 13934
    dem: 156
    timezone: "Europe/Kiev"
- name: "Zhytomyrska Oblast"
  cities:
  - name: "Zhytomyr"
    latitude: 50.26487
    longitude: 28.67669
    population: 282192
    dem: 228
    timezone: "Europe/Kiev"
  - name: "Stavyshche"
    latitude: 50.40051
    longitude: 29.52796
    population: 7634
    dem: 181
    timezone: "Europe/Kiev"
  - name: "Radomyshl"
    latitude: 50.49613
    longitude: 29.22911
    population: 15252
    dem: 163
    timezone: "Europe/Kiev"
  - name: "Popilnia"
    latitude: 49.9532
    longitude: 29.45265
    population: 6109
    dem: 206
    timezone: "Europe/Kiev"
  - name: "Ozerne"
    latitude: 50.17816
    longitude: 28.73384
    population: 5646
    dem: 220
    timezone: "Europe/Kiev"
  - name: "Ovruch"
    latitude: 51.3246
    longitude: 28.80351
    population: 16398
    dem: 165
    timezone: "Europe/Kiev"
  - name: "Novohrad-Volynskyi"
    latitude: 50.59412
    longitude: 27.6165
    population: 55925
    dem: 218
    timezone: "Europe/Kiev"
  - name: "Nova Borova"
    latitude: 50.69296
    longitude: 28.63446
    population: 5494
    dem: 192
    timezone: "Europe/Kiev"
  - name: "Malyn"
    latitude: 50.77233
    longitude: 29.23833
    population: 27068
    dem: 161
    timezone: "Europe/Kiev"
  - name: "Korostyshiv"
    latitude: 50.31723
    longitude: 29.0563
    population: 25099
    dem: 180
    timezone: "Europe/Kiev"
  - name: "Korosten"
    latitude: 50.95937
    longitude: 28.63855
    population: 65000
    dem: 178
    timezone: "Europe/Kiev"
  - name: "Horodnytsya"
    latitude: 50.80697
    longitude: 27.31676
    population: 5238
    dem: 196
    timezone: "Europe/Kiev"
  - name: "Chudniv"
    latitude: 50.05204
    longitude: 28.11745
    population: 6314
    dem: 246
    timezone: "Europe/Kiev"
  - name: "Cherniakhiv"
    latitude: 50.45652
    longitude: 28.67018
    population: 10082
    dem: 226
    timezone: "Europe/Kiev"
  - name: "Brusyliv"
    latitude: 50.28449
    longitude: 29.52626
    population: 5242
    dem: 166
    timezone: "Europe/Kiev"
  - name: "Berdychiv"
    latitude: 49.89928
    longitude: 28.60235
    population: 86250
    dem: 250
    timezone: "Europe/Kiev"
  - name: "Baranivka"
    latitude: 50.29691
    longitude: 27.6622
    population: 12220
    dem: 223
    timezone: "Europe/Kiev"
  - name: "Andrushivka"
    latitude: 50.02288
    longitude: 29.02023
    population: 9522
    dem: 212
    timezone: "Europe/Kiev"
- name: "Lvivska Oblast"
  cities:
  - name: "Staryy Dobrotvir"
    latitude: 50.23154
    longitude: 24.37701
    population: 6436
    dem: 201
    timezone: "Europe/Kiev"
  - name: "Ivano-Frankove"
    latitude: 49.91978
    longitude: 23.72913
    population: 6223
    dem: 307
    timezone: "Europe/Kiev"
  - name: "Zolochiv"
    latitude: 49.80597
    longitude: 24.89436
    population: 22608
    dem: 276
    timezone: "Europe/Kiev"
  - name: "Zhovkva"
    latitude: 50.05825
    longitude: 23.9726
    population: 12973
    dem: 232
    timezone: "Europe/Kiev"
  - name: "Yavoriv"
    latitude: 49.93864
    longitude: 23.38254
    population: 13008
    dem: 231
    timezone: "Europe/Kiev"
  - name: "Turka"
    latitude: 49.15411
    longitude: 23.02967
    population: 7395
    dem: 561
    timezone: "Europe/Kiev"
  - name: "Truskavets"
    latitude: 49.27837
    longitude: 23.50618
    population: 26600
    dem: 356
    timezone: "Europe/Kiev"
  - name: "Sudova Vyshnya"
    latitude: 49.78892
    longitude: 23.37218
    population: 6420
    dem: 216
    timezone: "Europe/Kiev"
  - name: "Stryi"
    latitude: 49.26223
    longitude: 23.85609
    population: 61404
    dem: 296
    timezone: "Europe/Kiev"
  - name: "Stebnyk"
    latitude: 49.29416
    longitude: 23.56357
    population: 20087
    dem: 314
    timezone: "Europe/Kiev"
  - name: "Staryy Sambir"
    latitude: 49.43856
    longitude: 23.00056
    population: 5603
    elevation: 337
    dem: 348
    timezone: "Europe/Kiev"
  - name: "Sokal"
    latitude: 50.47438
    longitude: 24.28288
    population: 21451
    dem: 198
    timezone: "Europe/Kiev"
  - name: "Slavske"
    latitude: 48.84734
    longitude: 23.44587
    population: 6436
    elevation: 590
    dem: 588
    timezone: "Europe/Kiev"
  - name: "Skole"
    latitude: 49.03717
    longitude: 23.51346
    population: 6491
    dem: 439
    timezone: "Europe/Kiev"
  - name: "Shklo"
    latitude: 49.95675
    longitude: 23.54408
    population: 5164
    dem: 265
    timezone: "Europe/Kiev"
  - name: "Shchyrets"
    latitude: 49.65096
    longitude: 23.87426
    population: 5733
    dem: 260
    timezone: "Europe/Kiev"
  - name: "Sambir"
    latitude: 49.5183
    longitude: 23.19752
    population: 35197
    dem: 308
    timezone: "Europe/Kiev"
  - name: "Rudne"
    latitude: 49.83333
    longitude: 23.9
    population: 6016
    dem: 311
    timezone: "Europe/Kiev"
  - name: "Rava-Ruska"
    latitude: 50.23079
    longitude: 23.62825
    population: 8328
    dem: 241
    timezone: "Europe/Kiev"
  - name: "Pustomyty"
    latitude: 49.71532
    longitude: 23.91295
    population: 9434
    dem: 301
    timezone: "Europe/Kiev"
  - name: "Peremyshlyany"
    latitude: 49.66523
    longitude: 24.55846
    population: 7284
    dem: 301
    timezone: "Europe/Kiev"
  - name: "Mykolaiv"
    latitude: 49.52372
    longitude: 23.98522
    population: 14251
    dem: 290
    timezone: "Europe/Kiev"
  - name: "Mostyska"
    latitude: 49.79467
    longitude: 23.15077
    population: 11000
    dem: 210
    timezone: "Europe/Kiev"
  - name: "Morshyn"
    latitude: 49.15652
    longitude: 23.87232
    population: 6241
    dem: 337
    timezone: "Europe/Kiev"
  - name: "Lviv"
    latitude: 49.83826
    longitude: 24.02324
    population: 717803
    dem: 284
    timezone: "Europe/Kiev"
  - name: "Krasne"
    latitude: 49.91447
    longitude: 24.6134
    population: 6250
    dem: 220
    timezone: "Europe/Kiev"
  - name: "Khodoriv"
    latitude: 49.40993
    longitude: 24.3047
    population: 10172
    dem: 265
    timezone: "Europe/Kiev"
  - name: "Horodok"
    latitude: 49.78465
    longitude: 23.64806
    population: 15993
    dem: 280
    timezone: "Europe/Kiev"
  - name: "Dublyany"
    latitude: 49.90411
    longitude: 24.08637
    population: 8154
    dem: 258
    timezone: "Europe/Kiev"
  - name: "Drohobych"
    latitude: 49.34991
    longitude: 23.50561
    population: 79406
    dem: 301
    timezone: "Europe/Kiev"
  - name: "Chervonohrad"
    latitude: 50.39105
    longitude: 24.23514
    population: 83000
    dem: 195
    timezone: "Europe/Kiev"
  - name: "Bryukhovychi"
    latitude: 49.90467
    longitude: 23.95969
    population: 5590
    dem: 286
    timezone: "Europe/Kiev"
  - name: "Brody"
    latitude: 50.08791
    longitude: 25.15027
    population: 23239
    dem: 223
    timezone: "Europe/Kiev"
  - name: "Boryslav"
    latitude: 49.28672
    longitude: 23.43238
    population: 36704
    dem: 359
    timezone: "Europe/Kiev"
  - name: "Novoyavorivsk"
    latitude: 49.93023
    longitude: 23.57357
    population: 28807
    dem: 297
    timezone: "Europe/Kiev"
- name: "Khmelnytska Oblast"
  cities:
  - name: "Yarmolyntsi"
    latitude: 49.19236
    longitude: 26.83725
    population: 8583
    dem: 341
    timezone: "Europe/Kiev"
  - name: "Starokostiantyniv"
    latitude: 49.75764
    longitude: 27.20342
    population: 33897
    dem: 268
    timezone: "Europe/Kiev"
  - name: "Stara Syniava"
    latitude: 49.60318
    longitude: 27.61909
    population: 5771
    dem: 292
    timezone: "Europe/Kiev"
  - name: "Slavuta"
    latitude: 50.30155
    longitude: 26.86506
    population: 33080
    dem: 218
    timezone: "Europe/Kiev"
  - name: "Shepetivka"
    latitude: 50.18545
    longitude: 27.06365
    population: 46419
    dem: 252
    timezone: "Europe/Kiev"
  - name: "Poninka"
    latitude: 50.18492
    longitude: 27.53629
    population: 7642
    dem: 239
    timezone: "Europe/Kiev"
  - name: "Polonne"
    latitude: 50.12424
    longitude: 27.51087
    population: 22348
    dem: 233
    timezone: "Europe/Kiev"
  - name: "Netishyn"
    latitude: 50.34004
    longitude: 26.64171
    population: 33063
    dem: 207
    timezone: "Europe/Kiev"
  - name: "Makiv"
    latitude: 48.79487
    longitude: 26.69188
    population: 5602
    dem: 266
    timezone: "Europe/Kiev"
  - name: "Letychiv"
    latitude: 49.38263
    longitude: 27.63051
    population: 10669
    dem: 278
    timezone: "Europe/Kiev"
  - name: "Krasyliv"
    latitude: 49.65186
    longitude: 26.97253
    population: 19815
    dem: 299
    timezone: "Europe/Kiev"
  - name: "Khmelnytskyi"
    latitude: 49.42161
    longitude: 26.99653
    population: 398346
    dem: 286
    timezone: "Europe/Kiev"
  - name: "Kamianets-Podilskyi"
    latitude: 48.6845
    longitude: 26.58559
    population: 100000
    dem: 227
    timezone: "Europe/Kiev"
  - name: "Izyaslav"
    latitude: 50.11947
    longitude: 26.82125
    population: 17758
    dem: 231
    timezone: "Europe/Kiev"
  - name: "Horodok"
    latitude: 49.16374
    longitude: 26.58394
    population: 17086
    dem: 256
    timezone: "Europe/Kiev"
  - name: "Dunaivtsi"
    latitude: 48.88909
    longitude: 26.85636
    population: 15836
    dem: 320
    timezone: "Europe/Kiev"
  - name: "Derazhnya"
    latitude: 49.2692
    longitude: 27.43382
    population: 10058
    dem: 281
    timezone: "Europe/Kiev"
- name: "Sumska Oblast"
  cities:
  - name: "Lebedyn"
    latitude: 50.58518
    longitude: 34.4849
    population: 27695
    dem: 122
    timezone: "Europe/Kiev"
  - name: "Yampil"
    latitude: 51.94765
    longitude: 33.78759
    population: 7200
    dem: 157
    timezone: "Europe/Kiev"
  - name: "Vorozhba"
    latitude: 51.17334
    longitude: 34.21917
    population: 7915
    dem: 152
    timezone: "Europe/Kiev"
  - name: "Velyka Pysarivka"
    latitude: 50.4243
    longitude: 35.47989
    population: 5235
    dem: 119
    timezone: "Europe/Kiev"
  - name: "Trostyanets"
    latitude: 50.48478
    longitude: 34.96567
    population: 8151
    dem: 120
    timezone: "Europe/Kiev"
  - name: "Sumy"
    latitude: 50.9216
    longitude: 34.80029
    population: 294456
    dem: 143
    timezone: "Europe/Kiev"
  - name: "Shostka"
    latitude: 51.86296
    longitude: 33.4698
    population: 85432
    dem: 154
    timezone: "Europe/Kiev"
  - name: "Seredyna-Buda"
    latitude: 52.18903
    longitude: 34.03639
    population: 7161
    dem: 194
    timezone: "Europe/Kiev"
  - name: "Romny"
    latitude: 50.75104
    longitude: 33.47471
    population: 48570
    dem: 157
    timezone: "Europe/Kiev"
  - name: "Putyvl"
    latitude: 51.33745
    longitude: 33.87066
    population: 20000
    dem: 184
    timezone: "Europe/Kiev"
  - name: "Nedryhayliv"
    latitude: 50.83398
    longitude: 33.87626
    population: 6031
    dem: 127
    timezone: "Europe/Kiev"
  - name: "Lypova Dolyna"
    latitude: 50.56428
    longitude: 33.79793
    population: 5199
    dem: 120
    timezone: "Europe/Kiev"
  - name: "Krolevets"
    latitude: 51.54775
    longitude: 33.38475
    population: 24115
    dem: 166
    timezone: "Europe/Kiev"
  - name: "Krasnopillya"
    latitude: 50.77458
    longitude: 35.25965
    population: 8603
    dem: 175
    timezone: "Europe/Kiev"
  - name: "Konotop"
    latitude: 51.24032
    longitude: 33.20263
    population: 91798
    dem: 142
    timezone: "Europe/Kiev"
  - name: "Hlukhiv"
    latitude: 51.67822
    longitude: 33.9162
    population: 35387
    dem: 169
    timezone: "Europe/Kiev"
  - name: "Druzhba"
    latitude: 52.04545
    longitude: 33.94517
    population: 5220
    dem: 185
    timezone: "Europe/Kiev"
  - name: "Buryn"
    latitude: 51.19912
    longitude: 33.83523
    population: 11400
    dem: 150
    timezone: "Europe/Kiev"
  - name: "Bilopillya"
    latitude: 51.15016
    longitude: 34.31287
    population: 17824
    dem: 165
    timezone: "Europe/Kiev"
  - name: "Okhtyrka"
    latitude: 50.31036
    longitude: 34.89879
    population: 49818
    dem: 111
    timezone: "Europe/Kiev"
- name: "Chernivtsi Oblast"
  cities:
  - name: "Zastavna"
    latitude: 48.52307
    longitude: 25.84369
    population: 8536
    dem: 239
    timezone: "Europe/Kiev"
  - name: "Vashkivtsi"
    latitude: 48.38491
    longitude: 25.51023
    population: 5764
    dem: 211
    timezone: "Europe/Kiev"
  - name: "Sokyryany"
    latitude: 48.44747
    longitude: 27.41678
    population: 9192
    dem: 223
    timezone: "Europe/Kiev"
  - name: "Novoselytsya"
    latitude: 48.21931
    longitude: 26.26531
    population: 8088
    dem: 139
    timezone: "Europe/Kiev"
  - name: "Novodnistrovsk"
    latitude: 48.58303
    longitude: 27.4407
    population: 10770
    dem: 225
    timezone: "Europe/Kiev"
  - name: "Chudey"
    latitude: 48.05247
    longitude: 25.62208
    population: 5058
    dem: 387
    timezone: "Europe/Kiev"
  - name: "Marshintsy"
    latitude: 48.21751
    longitude: 26.29133
    population: 5141
    dem: 134
    timezone: "Europe/Kiev"
  - name: "Klishkivtsi"
    latitude: 48.43161
    longitude: 26.26231
    population: 6272
    dem: 266
    timezone: "Europe/Kiev"
  - name: "Khotyn"
    latitude: 48.50693
    longitude: 26.49121
    population: 10799
    dem: 244
    timezone: "Europe/Kiev"
  - name: "Hlyboka"
    latitude: 48.08971
    longitude: 25.92933
    population: 8942
    dem: 348
    timezone: "Europe/Kiev"
  - name: "Chernivtsi"
    latitude: 48.29149
    longitude: 25.94034
    population: 236250
    dem: 228
    timezone: "Europe/Kiev"
  - name: "Berehomet"
    latitude: 48.17882
    longitude: 25.34855
    population: 8227
    dem: 450
    timezone: "Europe/Kiev"
- name: "Sebastopol City"
  cities:
  - name: "Sevastopol"
    latitude: 44.58883
    longitude: 33.5224
    population: 416263
    elevation: 50
    dem: 72
    timezone: "Europe/Simferopol"
  - name: "Inkerman"
    latitude: 44.61391
    longitude: 33.6098
    population: 10204
    elevation: 50
    dem: 19
    timezone: "Europe/Simferopol"
  - name: "Balaklava"
    latitude: 44.51118
    longitude: 33.59942
    population: 18649
    elevation: 10
    dem: 12
    timezone: "Europe/Simferopol"
- name: "Luhanska Oblast"
  cities:
  - name: "Zorynsk"
    latitude: 48.41194
    longitude: 38.62361
    population: 7532
    dem: 265
    timezone: "Europe/Zaporozhye"
  - name: "Zymohiria"
    latitude: 48.58528
    longitude: 38.9375
    population: 9807
    dem: 53
    timezone: "Europe/Zaporozhye"
  - name: "Uspenka"
    latitude: 48.39077
    longitude: 39.16284
    population: 9400
    dem: 93
    timezone: "Europe/Zaporozhye"
  - name: "Syevyerodonetsk"
    latitude: 48.94832
    longitude: 38.49166
    population: 130000
    dem: 74
    timezone: "Europe/Zaporozhye"
  - name: "Sverdlovsk"
    latitude: 48.08964
    longitude: 39.65243
    population: 68000
    dem: 271
    timezone: "Europe/Zaporozhye"
  - name: "Svatove"
    latitude: 49.41029
    longitude: 38.15035
    population: 18770
    dem: 70
    timezone: "Europe/Zaporozhye"
  - name: "Starobilsk"
    latitude: 49.27832
    longitude: 38.91069
    population: 22000
    dem: 62
    timezone: "Europe/Zaporozhye"
  - name: "Stanytsya Luhanska"
    latitude: 48.65433
    longitude: 39.47943
    population: 12765
    dem: 45
    timezone: "Europe/Zaporozhye"
  - name: "Kadiyivka"
    latitude: 48.56818
    longitude: 38.64352
    population: 84425
    dem: 217
    timezone: "Europe/Zaporozhye"
  - name: "Slov`yanoserbsk"
    latitude: 48.69779
    longitude: 38.98133
    population: 8065
    dem: 68
    timezone: "Europe/Zaporozhye"
  - name: "Shchastya"
    latitude: 48.73963
    longitude: 39.2323
    population: 13800
    dem: 45
    timezone: "Europe/Zaporozhye"
  - name: "Rubizhne"
    latitude: 49.01229
    longitude: 38.37967
    population: 62993
    dem: 73
    timezone: "Europe/Zaporozhye"
  - name: "Rovenky"
    latitude: 48.08331
    longitude: 39.37764
    population: 53600
    dem: 265
    timezone: "Europe/Zaporozhye"
  - name: "Rozkishne"
    latitude: 48.48959
    longitude: 39.27881
    population: 6205
    dem: 55
    timezone: "Europe/Zaporozhye"
  - name: "Pryvillya"
    latitude: 49.01501
    longitude: 38.30457
    population: 8669
    dem: 71
    timezone: "Europe/Zaporozhye"
  - name: "Popasna"
    latitude: 48.63328
    longitude: 38.37804
    population: 25442
    dem: 243
    timezone: "Europe/Zaporozhye"
  - name: "Pervomaysk"
    latitude: 48.62988
    longitude: 38.54806
    population: 41480
    dem: 154
    timezone: "Europe/Zaporozhye"
  - name: "Perevalsk"
    latitude: 48.43779
    longitude: 38.84384
    population: 29220
    dem: 227
    timezone: "Europe/Zaporozhye"
  - name: "Novopskov"
    latitude: 49.5464
    longitude: 39.08987
    population: 9739
    dem: 69
    timezone: "Europe/Zaporozhye"
  - name: "Molodohvardiysk"
    latitude: 48.34511
    longitude: 39.65244
    population: 25654
    dem: 215
    timezone: "Europe/Zaporozhye"
  - name: "Miusynsk"
    latitude: 48.0775
    longitude: 38.90364
    population: 6000
    dem: 97
    timezone: "Europe/Zaporozhye"
  - name: "Milove"
    latitude: 49.37528
    longitude: 40.13222
    population: 5418
    dem: 185
    timezone: "Europe/Zaporozhye"
  - name: "Markivka"
    latitude: 49.5229
    longitude: 39.57055
    population: 7087
    dem: 115
    timezone: "Europe/Zaporozhye"
  - name: "Lutuhyne"
    latitude: 48.40507
    longitude: 39.22675
    population: 18830
    dem: 119
    timezone: "Europe/Zaporozhye"
  - name: "Luhansk"
    latitude: 48.56705
    longitude: 39.31706
    population: 452000
    dem: 103
    timezone: "Europe/Zaporozhye"
  - name: "Lysychansk"
    latitude: 48.90485
    longitude: 38.44207
    population: 111600
    dem: 183
    timezone: "Europe/Zaporozhye"
  - name: "Kripenskyy"
    latitude: 48.07709
    longitude: 39.058
    population: 7487
    dem: 189
    timezone: "Europe/Zaporozhye"
  - name: "Kreminna"
    latitude: 49.0495
    longitude: 38.21792
    population: 23538
    dem: 62
    timezone: "Europe/Zaporozhye"
  - name: "Krasnyy Luch"
    latitude: 48.13954
    longitude: 38.93715
    population: 90005
    dem: 266
    timezone: "Europe/Zaporozhye"
  - name: "Teple"
    latitude: 48.31245
    longitude: 39.56284
    population: 5398
    dem: 184
    timezone: "Europe/Zaporozhye"
  - name: "Sorokyne"
    latitude: 48.29235
    longitude: 39.73921
    population: 49352
    dem: 143
    timezone: "Europe/Zaporozhye"
  - name: "Kirovsk"
    latitude: 48.63751
    longitude: 38.6428
    population: 40000
    dem: 196
    timezone: "Europe/Zaporozhye"
  - name: "Hirske"
    latitude: 48.73468
    longitude: 38.49541
    population: 11046
    dem: 207
    timezone: "Europe/Zaporozhye"
  - name: "Chervonopartyzansk"
    latitude: 48.07613
    longitude: 39.79618
    population: 17526
    dem: 301
    timezone: "Europe/Zaporozhye"
  - name: "Chornukhyne"
    latitude: 48.32339
    longitude: 38.52272
    population: 7782
    dem: 311
    timezone: "Europe/Zaporozhye"
  - name: "Bryanka"
    latitude: 48.511
    longitude: 38.67222
    population: 51921
    dem: 219
    timezone: "Europe/Zaporozhye"
  - name: "Bile"
    latitude: 48.49523
    longitude: 39.05051
    population: 6775
    dem: 68
    timezone: "Europe/Zaporozhye"
  - name: "Bilovodsk"
    latitude: 49.20846
    longitude: 39.58975
    population: 8626
    dem: 64
    timezone: "Europe/Zaporozhye"
  - name: "Bilokurakyne"
    latitude: 49.5341
    longitude: 38.73067
    population: 7712
    dem: 88
    timezone: "Europe/Zaporozhye"
  - name: "Artemivsk"
    latitude: 48.44061
    longitude: 38.732
    population: 7616
    elevation: 250
    dem: 282
    timezone: "Europe/Zaporozhye"
  - name: "Antratsyt"
    latitude: 48.11503
    longitude: 39.09128
    population: 61600
    dem: 235
    timezone: "Europe/Zaporozhye"
  - name: "Alchevsk"
    latitude: 48.46893
    longitude: 38.81669
    population: 116000
    dem: 211
    timezone: "Europe/Zaporozhye"
- name: "Odeska Oblast"
  cities:
  - name: "Zorya"
    latitude: 45.9908
    longitude: 29.69672
    population: 5243
    dem: 16
    timezone: "Europe/Kiev"
  - name: "Yuzhne"
    latitude: 46.62211
    longitude: 31.10131
    population: 25000
    dem: 32
    timezone: "Europe/Kiev"
  - name: "Vylkove"
    latitude: 45.40214
    longitude: 29.58595
    population: 8916
    dem: 1
    timezone: "Europe/Kiev"
  - name: "Velyka Mykhaylivka"
    latitude: 47.07971
    longitude: 29.85753
    population: 5777
    dem: 48
    timezone: "Europe/Kiev"
  - name: "Usatove"
    latitude: 46.53296
    longitude: 30.6596
    population: 7732
    dem: 25
    timezone: "Europe/Kiev"
  - name: "Tatarbunary"
    latitude: 45.83731
    longitude: 29.61424
    population: 10396
    dem: 19
    timezone: "Europe/Kiev"
  - name: "Tarutyne"
    latitude: 46.18636
    longitude: 29.15203
    population: 5988
    dem: 84
    timezone: "Europe/Kiev"
  - name: "Starokozache"
    latitude: 46.33722
    longitude: 29.98528
    population: 5108
    dem: 78
    timezone: "Europe/Kiev"
  - name: "Shyryayeve"
    latitude: 47.38052
    longitude: 30.19638
    population: 7018
    dem: 54
    timezone: "Europe/Kiev"
  - name: "Shevchenkove"
    latitude: 45.55604
    longitude: 29.33357
    population: 5362
    dem: 16
    timezone: "Europe/Kiev"
  - name: "Shabo"
    latitude: 46.13262
    longitude: 30.38595
    population: 6886
    dem: 15
    timezone: "Europe/Kiev"
  - name: "Serhiyivka"
    latitude: 46.0272
    longitude: 30.37682
    population: 5045
    dem: 13
    timezone: "Europe/Kiev"
  - name: "Savran"
    latitude: 48.13219
    longitude: 30.08247
    population: 7000
    dem: 94
    timezone: "Europe/Kiev"
  - name: "Sarata"
    latitude: 46.01966
    longitude: 29.66567
    population: 5035
    dem: 13
    timezone: "Europe/Kiev"
  - name: "Rozdilna"
    latitude: 46.84334
    longitude: 30.07919
    population: 17615
    dem: 146
    timezone: "Europe/Kiev"
  - name: "Reni"
    latitude: 45.45623
    longitude: 28.27914
    population: 19719
    dem: 7
    timezone: "Europe/Kiev"
  - name: "Plakhtiyivka"
    latitude: 46.1006
    longitude: 29.72169
    population: 5038
    dem: 41
    timezone: "Europe/Kiev"
  - name: "Ozerne"
    latitude: 45.403
    longitude: 28.67546
    population: 5162
    dem: 34
    timezone: "Europe/Kiev"
  - name: "Ovidiopol"
    latitude: 46.24998
    longitude: 30.44127
    population: 11818
    elevation: 12
    dem: 19
    timezone: "Europe/Kiev"
  - name: "Odessa"
    latitude: 46.47747
    longitude: 30.73262
    population: 1001558
    dem: 58
    timezone: "Europe/Kiev"
  - name: "Mayaky"
    latitude: 46.41748
    longitude: 30.27413
    population: 5937
    dem: 16
    timezone: "Europe/Kiev"
  - name: "Lyubashivka"
    latitude: 47.83716
    longitude: 30.25976
    population: 9426
    dem: 176
    timezone: "Europe/Kiev"
  - name: "Lymanske"
    latitude: 46.6557
    longitude: 29.96722
    population: 8600
    dem: 11
    timezone: "Europe/Kiev"
  - name: "Podilsk"
    latitude: 47.75305
    longitude: 29.53205
    population: 40664
    dem: 241
    timezone: "Europe/Kiev"
  - name: "Kodyma"
    latitude: 48.09875
    longitude: 29.12463
    population: 9276
    dem: 289
    timezone: "Europe/Kiev"
  - name: "Kiliya"
    latitude: 45.45518
    longitude: 29.26367
    population: 21754
    dem: 5
    timezone: "Europe/Kiev"
  - name: "Izmayil"
    latitude: 45.34929
    longitude: 28.84079
    population: 82485
    dem: 27
    timezone: "Europe/Kiev"
  - name: "Chornomorsk"
    latitude: 46.30495
    longitude: 30.65478
    population: 54102
    dem: 26
    timezone: "Europe/Kiev"
  - name: "Zakharivka"
    latitude: 47.33232
    longitude: 29.75903
    population: 5007
    dem: 68
    timezone: "Europe/Kiev"
  - name: "Fontanka"
    latitude: 46.56646
    longitude: 30.85965
    population: 6027
    dem: 41
    timezone: "Europe/Kiev"
  - name: "Bolhrad"
    latitude: 45.68262
    longitude: 28.61487
    population: 15274
    dem: 70
    timezone: "Europe/Kiev"
  - name: "Bilhorod-Dnistrovskyi"
    latitude: 46.1952
    longitude: 30.34938
    population: 50201
    dem: 20
    timezone: "Europe/Kiev"
  - name: "Berezivka"
    latitude: 47.20429
    longitude: 30.9078
    population: 9128
    dem: 14
    timezone: "Europe/Kiev"
  - name: "Bilyayivka"
    latitude: 46.48319
    longitude: 30.21678
    population: 13762
    dem: 7
    timezone: "Europe/Kiev"
  - name: "Balta"
    latitude: 47.93548
    longitude: 29.61982
    population: 19220
    dem: 123
    timezone: "Europe/Kiev"
  - name: "Artsyz"
    latitude: 45.99194
    longitude: 29.41824
    population: 15761
    dem: 17
    timezone: "Europe/Kiev"
  - name: "Okny"
    latitude: 47.54044
    longitude: 29.46001
    population: 5461
    dem: 93
    timezone: "Europe/Kiev"
  - name: "Teplodar"
    latitude: 46.50585
    longitude: 30.32521
    population: 8502
    dem: 78
    timezone: "Europe/Kiev"
- name: "Chernihivska Oblast"
  cities:
  - name: "Varva"
    latitude: 50.49503
    longitude: 32.71968
    population: 8549
    dem: 128
    timezone: "Europe/Kiev"
  - name: "Talalayivka"
    latitude: 50.95783
    longitude: 31.92085
    population: 5054
    dem: 128
    timezone: "Europe/Kiev"
  - name: "Sosnytsya"
    latitude: 51.52387
    longitude: 32.49985
    population: 7825
    dem: 117
    timezone: "Europe/Kiev"
  - name: "Shchors"
    latitude: 51.81865
    longitude: 31.94504
    population: 11857
    dem: 125
    timezone: "Europe/Kiev"
  - name: "Semenivka"
    latitude: 52.17827
    longitude: 32.58183
    population: 9320
    dem: 160
    timezone: "Europe/Kiev"
  - name: "Ripky"
    latitude: 51.80105
    longitude: 31.08383
    population: 7708
    dem: 145
    timezone: "Europe/Kiev"
  - name: "Pryluky"
    latitude: 50.59323
    longitude: 32.38761
    population: 62823
    dem: 127
    timezone: "Europe/Kiev"
  - name: "Oster"
    latitude: 50.9506
    longitude: 30.88229
    population: 6794
    dem: 114
    timezone: "Europe/Kiev"
  - name: "Novhorod-Siverskyy"
    latitude: 52.00577
    longitude: 33.2615
    population: 14400
    dem: 159
    timezone: "Europe/Kiev"
  - name: "Nosivka"
    latitude: 50.93152
    longitude: 31.58282
    population: 15164
    dem: 121
    timezone: "Europe/Kiev"
  - name: "Nizhyn"
    latitude: 51.04801
    longitude: 31.88688
    population: 75499
    dem: 128
    timezone: "Europe/Kiev"
  - name: "Mena"
    latitude: 51.5217
    longitude: 32.21568
    population: 12766
    dem: 129
    timezone: "Europe/Kiev"
  - name: "Ladan"
    latitude: 50.51959
    longitude: 32.58178
    population: 6719
    dem: 155
    timezone: "Europe/Kiev"
  - name: "Kulykivka"
    latitude: 51.37345
    longitude: 31.64661
    population: 5739
    dem: 119
    timezone: "Europe/Kiev"
  - name: "Kozelets"
    latitude: 50.91334
    longitude: 31.1214
    population: 8305
    dem: 112
    timezone: "Europe/Kiev"
  - name: "Koryukivka"
    latitude: 51.76877
    longitude: 32.24813
    population: 14215
    dem: 130
    timezone: "Europe/Kiev"
  - name: "Korop"
    latitude: 51.56638
    longitude: 32.95861
    population: 5478
    dem: 126
    timezone: "Europe/Kiev"
  - name: "Ichnya"
    latitude: 50.86258
    longitude: 32.39425
    population: 12417
    dem: 155
    timezone: "Europe/Kiev"
  - name: "Horodnya"
    latitude: 51.89085
    longitude: 31.59741
    population: 13601
    dem: 137
    timezone: "Europe/Kiev"
  - name: "Desna"
    latitude: 50.92731
    longitude: 30.76048
    population: 6906
    dem: 115
    timezone: "Europe/Kiev"
  - name: "Chernihiv"
    latitude: 51.50551
    longitude: 31.28487
    population: 307684
    dem: 127
    timezone: "Europe/Kiev"
  - name: "Borzna"
    latitude: 51.25464
    longitude: 32.4269
    population: 11363
    dem: 130
    timezone: "Europe/Kiev"
  - name: "Bobrovytsya"
    latitude: 50.74693
    longitude: 31.3948
    population: 11544
    dem: 131
    timezone: "Europe/Kiev"
  - name: "Berezna"
    latitude: 51.5716
    longitude: 31.78456
    population: 5172
    dem: 129
    timezone: "Europe/Kiev"
  - name: "Bakhmach"
    latitude: 51.18144
    longitude: 32.83463
    population: 23379
    dem: 144
    timezone: "Europe/Kiev"
- name: "Vinnytska Oblast"
  cities:
  - name: "Zhmerynka"
    latitude: 49.03705
    longitude: 28.11201
    population: 35960
    dem: 318
    timezone: "Europe/Kiev"
  - name: "Voronovytsya"
    latitude: 49.10954
    longitude: 28.68078
    population: 6389
    dem: 287
    timezone: "Europe/Kiev"
  - name: "Vinnytsia"
    latitude: 49.23278
    longitude: 28.48097
    population: 352115
    dem: 235
    timezone: "Europe/Kiev"
  - name: "Vapnyarka"
    latitude: 48.53479
    longitude: 28.74358
    population: 8443
    dem: 313
    timezone: "Europe/Kiev"
  - name: "Turbiv"
    latitude: 49.34788
    longitude: 28.72117
    population: 6740
    dem: 252
    timezone: "Europe/Kiev"
  - name: "Tulchyn"
    latitude: 48.67448
    longitude: 28.84641
    population: 16136
    dem: 231
    timezone: "Europe/Kiev"
  - name: "Teplyk"
    latitude: 48.66566
    longitude: 29.74504
    population: 6604
    dem: 201
    timezone: "Europe/Kiev"
  - name: "Sutysky"
    latitude: 49.04245
    longitude: 28.41733
    population: 6111
    dem: 250
    timezone: "Europe/Kiev"
  - name: "Sharhorod"
    latitude: 48.75587
    longitude: 28.07507
    population: 6895
    dem: 271
    timezone: "Europe/Kiev"
  - name: "Pohrebyshche"
    latitude: 49.48639
    longitude: 29.26361
    population: 10354
    dem: 228
    timezone: "Europe/Kiev"
  - name: "Nemyriv"
    latitude: 48.97076
    longitude: 28.83779
    population: 11633
    dem: 272
    timezone: "Europe/Kiev"
  - name: "Murovani Kurylivtsi"
    latitude: 48.72348
    longitude: 27.51892
    population: 5994
    dem: 172
    timezone: "Europe/Kiev"
  - name: "Mohyliv-Podilskyi"
    latitude: 48.44598
    longitude: 27.7982
    population: 32500
    dem: 68
    timezone: "Europe/Kiev"
  - name: "Lityn"
    latitude: 49.32509
    longitude: 28.08094
    population: 6804
    dem: 268
    timezone: "Europe/Kiev"
  - name: "Ladyzhyn"
    latitude: 48.68496
    longitude: 29.23679
    population: 21393
    dem: 205
    timezone: "Europe/Kiev"
  - name: "Kryzhopil"
    latitude: 48.38289
    longitude: 28.86622
    population: 9024
    dem: 299
    timezone: "Europe/Kiev"
  - name: "Khmilnyk"
    latitude: 49.55979
    longitude: 27.95754
    population: 28136
    dem: 266
    timezone: "Europe/Kiev"
  - name: "Kozyatyn"
    latitude: 49.71431
    longitude: 28.83385
    population: 25645
    dem: 293
    timezone: "Europe/Kiev"
  - name: "Kalynivka"
    latitude: 49.45389
    longitude: 28.52608
    population: 19315
    dem: 280
    timezone: "Europe/Kiev"
  - name: "Illintsi"
    latitude: 49.10479
    longitude: 29.21773
    population: 10770
    dem: 214
    timezone: "Europe/Kiev"
  - name: "Haisyn"
    latitude: 48.81143
    longitude: 29.38977
    population: 24687
    dem: 210
    timezone: "Europe/Kiev"
  - name: "Chechelnyk"
    latitude: 48.21509
    longitude: 29.36728
    population: 5100
    dem: 168
    timezone: "Europe/Kiev"
  - name: "Bratslav"
    latitude: 48.82257
    longitude: 28.9407
    population: 5819
    dem: 215
    timezone: "Europe/Kiev"
  - name: "Bar"
    latitude: 49.07717
    longitude: 27.68256
    population: 16641
    dem: 282
    timezone: "Europe/Kiev"
- name: "Autonomous Republic of Crimea"
  cities:
  - name: "Zuya"
    latitude: 45.05418
    longitude: 34.32152
    population: 6230
    elevation: 257
    dem: 253
    timezone: "Europe/Simferopol"
  - name: "Yevpatoriya"
    latitude: 45.20091
    longitude: 33.36655
    population: 106202
    dem: 11
    timezone: "Europe/Simferopol"
  - name: "Yalta"
    latitude: 44.50218
    longitude: 34.16624
    population: 77003
    elevation: 54
    dem: 56
    timezone: "Europe/Simferopol"
  - name: "Vilino"
    latitude: 44.8456
    longitude: 33.67161
    population: 6960
    elevation: 37
    dem: 34
    timezone: "Europe/Simferopol"
  - name: "Sudak"
    latitude: 44.84924
    longitude: 34.97471
    population: 16597
    dem: 33
    timezone: "Europe/Simferopol"
  - name: "Stary Krym"
    latitude: 45.02887
    longitude: 35.09174
    population: 9370
    elevation: 300
    dem: 336
    timezone: "Europe/Simferopol"
  - name: "Sovetskiy"
    latitude: 45.34267
    longitude: 34.92463
    population: 10410
    elevation: 20
    dem: 17
    timezone: "Europe/Simferopol"
  - name: "Simferopol"
    latitude: 44.95719
    longitude: 34.11079
    population: 336460
    dem: 247
    timezone: "Europe/Simferopol"
  - name: "Saki"
    latitude: 45.13424
    longitude: 33.59996
    population: 28322
    dem: 17
    timezone: "Europe/Simferopol"
  - name: "Razdolnoye"
    latitude: 45.77083
    longitude: 33.48777
    population: 7326
    elevation: 30
    dem: 19
    timezone: "Europe/Simferopol"
  - name: "Primorskiy"
    latitude: 45.11904
    longitude: 35.48025
    population: 12560
    elevation: 6
    dem: 14
    timezone: "Europe/Simferopol"
  - name: "Pionerskoye"
    latitude: 44.88083
    longitude: 34.20194
    population: 5534
    elevation: 317
    dem: 346
    timezone: "Europe/Simferopol"
  - name: "Petrovka"
    latitude: 45.49776
    longitude: 34.28816
    population: 6714
    elevation: 37
    dem: 42
    timezone: "Europe/Simferopol"
  - name: "Pervomayskoye"
    latitude: 45.71744
    longitude: 33.85596
    population: 8470
    elevation: 30
    dem: 29
    timezone: "Europe/Simferopol"
  - name: "Oktyabrskoye"
    latitude: 45.28866
    longitude: 34.13521
    population: 10244
    elevation: 87
    dem: 90
    timezone: "Europe/Simferopol"
  - name: "Nizhnegorskiy"
    latitude: 45.44789
    longitude: 34.73839
    population: 8741
    elevation: 22
    dem: 21
    timezone: "Europe/Simferopol"
  - name: "Shchyolkino"
    latitude: 45.42985
    longitude: 35.8225
    population: 10593
    dem: 3
    timezone: "Europe/Zaporozhye"
  - name: "Molodyozhnoye"
    latitude: 45.00354
    longitude: 34.05634
    population: 7597
    elevation: 216
    dem: 219
    timezone: "Europe/Simferopol"
  - name: "Massandra"
    latitude: 44.50958
    longitude: 34.18817
    population: 7280
    elevation: 140
    dem: 216
    timezone: "Europe/Simferopol"
  - name: "Lenino"
    latitude: 45.29857
    longitude: 35.77708
    population: 7871
    dem: 22
    timezone: "Europe/Simferopol"
  - name: "Krasnoperekopsk"
    latitude: 45.95716
    longitude: 33.7965
    population: 30700
    dem: 9
    timezone: "Europe/Simferopol"
  - name: "Krasnogvardeyskoye"
    latitude: 45.50271
    longitude: 34.30134
    population: 11134
    elevation: 46
    dem: 36
    timezone: "Europe/Simferopol"
  - name: "Koreiz"
    latitude: 44.43374
    longitude: 34.08516
    population: 5455
    elevation: 154
    dem: 170
    timezone: "Europe/Simferopol"
  - name: "Kirovskoye"
    latitude: 45.22967
    longitude: 35.19987
    population: 7064
    elevation: 30
    dem: 25
    timezone: "Europe/Simferopol"
  - name: "Kerch"
    latitude: 45.3531
    longitude: 36.47429
    population: 148932
    dem: 6
    timezone: "Europe/Simferopol"
  - name: "Mirnoye"
    latitude: 44.9833
    longitude: 34.0616
    population: 9284
    elevation: 221
    dem: 214
    timezone: "Europe/Simferopol"
  - name: "Hvardiiske"
    latitude: 45.11692
    longitude: 34.02188
    population: 12589
    elevation: 146
    dem: 143
    timezone: "Europe/Simferopol"
  - name: "Gurzuf"
    latitude: 44.54624
    longitude: 34.27841
    population: 8933
    elevation: 62
    dem: 81
    timezone: "Europe/Simferopol"
  - name: "Gresovskiy"
    latitude: 45.00804
    longitude: 34.02657
    population: 9835
    elevation: 224
    dem: 199
    timezone: "Europe/Simferopol"
  - name: "Gaspra"
    latitude: 44.43364
    longitude: 34.10297
    population: 10310
    elevation: 68
    dem: 108
    timezone: "Europe/Simferopol"
  - name: "Partenit"
    latitude: 44.578
    longitude: 34.34464
    population: 6193
    elevation: 90
    dem: 70
    timezone: "Europe/Simferopol"
  - name: "Feodosiya"
    latitude: 45.03677
    longitude: 35.37789
    population: 68562
    dem: 23
    timezone: "Europe/Simferopol"
  - name: "Dzhankoy"
    latitude: 45.71168
    longitude: 34.39274
    population: 41731
    dem: 16
    timezone: "Europe/Simferopol"
  - name: "Chistenkoye"
    latitude: 44.88152
    longitude: 34.04716
    population: 5126
    elevation: 301
    dem: 306
    timezone: "Europe/Simferopol"
  - name: "Chernomorskoye"
    latitude: 45.50657
    longitude: 32.69776
    population: 11039
    elevation: 20
    dem: 17
    timezone: "Europe/Simferopol"
  - name: "Bilohirsk"
    latitude: 45.05462
    longitude: 34.60185
    population: 16428
    dem: 182
    timezone: "Europe/Simferopol"
  - name: "Bakhchysarai"
    latitude: 44.75525
    longitude: 33.85782
    population: 27351
    dem: 173
    timezone: "Europe/Simferopol"
  - name: "Armyansk"
    latitude: 46.10919
    longitude: 33.69206
    population: 24442
    dem: 16
    timezone: "Europe/Simferopol"
  - name: "Alushta"
    latitude: 44.67728
    longitude: 34.4097
    population: 29586
    dem: 40
    timezone: "Europe/Simferopol"
  - name: "Alupka"
    latitude: 44.41808
    longitude: 34.04531
    population: 7849
    elevation: 90
    dem: 84
    timezone: "Europe/Simferopol"
  - name: "Novofedorovka"
    latitude: 45.09473
    longitude: 33.57211
    population: 5651
    dem: 7
    timezone: "Europe/Simferopol"
- name: "Donetska Oblast"
  cities:
  - name: "Druzhkivka"
    latitude: 48.63013
    longitude: 37.55259
    population: 62315
    dem: 101
    timezone: "Europe/Kiev"
  - name: "Zuhres"
    latitude: 48.0114
    longitude: 38.26444
    population: 19121
    dem: 115
    timezone: "Europe/Kiev"
  - name: "Yenakiyeve"
    latitude: 48.23331
    longitude: 38.21137
    population: 104101
    dem: 208
    timezone: "Europe/Kiev"
  - name: "Yasynuvata"
    latitude: 48.1298
    longitude: 37.8594
    population: 37600
    dem: 263
    timezone: "Europe/Kiev"
  - name: "Yalta"
    latitude: 46.96279
    longitude: 37.27365
    population: 5519
    dem: 32
    timezone: "Europe/Kiev"
  - name: "Volnovakha"
    latitude: 47.60103
    longitude: 37.49674
    population: 23731
    dem: 260
    timezone: "Europe/Kiev"
  - name: "Vuhlehirsk"
    latitude: 48.31474
    longitude: 38.27423
    population: 9926
    dem: 296
    timezone: "Europe/Kiev"
  - name: "Chystyakove"
    latitude: 48.03876
    longitude: 38.59685
    population: 68037
    dem: 240
    timezone: "Europe/Kiev"
  - name: "Svetlodarsk"
    latitude: 48.43374
    longitude: 38.22331
    population: 12273
    dem: 181
    timezone: "Europe/Kiev"
  - name: "Staryy Krym"
    latitude: 47.16146
    longitude: 37.48934
    population: 5977
    dem: 45
    timezone: "Europe/Kiev"
  - name: "Starobesheve"
    latitude: 47.75038
    longitude: 38.03051
    population: 6917
    dem: 126
    timezone: "Europe/Kiev"
  - name: "Snizhne"
    latitude: 48.02612
    longitude: 38.77225
    population: 55587
    dem: 290
    timezone: "Europe/Kiev"
  - name: "Sloviansk"
    latitude: 48.86667
    longitude: 37.61667
    population: 124800
    dem: 61
    timezone: "Europe/Kiev"
  - name: "Shakhtarsk"
    latitude: 48.05657
    longitude: 38.43826
    population: 71700
    dem: 227
    timezone: "Europe/Kiev"
  - name: "Siversk"
    latitude: 48.86699
    longitude: 38.10007
    population: 13900
    dem: 69
    timezone: "Europe/Kiev"
  - name: "Selydove"
    latitude: 48.14708
    longitude: 37.30032
    population: 24269
    dem: 167
    timezone: "Europe/Kiev"
  - name: "Rodynske"
    latitude: 48.35199
    longitude: 37.20602
    population: 11550
    dem: 192
    timezone: "Europe/Kiev"
  - name: "Sartana"
    latitude: 47.17436
    longitude: 37.69266
    population: 10543
    dem: 13
    timezone: "Europe/Kiev"
  - name: "Manhush"
    latitude: 47.05582
    longitude: 37.31068
    population: 8153
    dem: 52
    timezone: "Europe/Kiev"
  - name: "Novyy Svit"
    latitude: 47.80591
    longitude: 38.02112
    population: 9488
    dem: 121
    timezone: "Europe/Kiev"
  - name: "Novodonetske"
    latitude: 48.63526
    longitude: 36.98477
    population: 5895
    dem: 150
    timezone: "Europe/Kiev"
  - name: "Novoazovsk"
    latitude: 47.11389
    longitude: 38.08599
    population: 12200
    dem: 24
    timezone: "Europe/Kiev"
  - name: "Nyzhnya Krynka"
    latitude: 48.1135
    longitude: 38.16064
    population: 14253
    dem: 173
    timezone: "Europe/Kiev"
  - name: "Mospyne"
    latitude: 47.89081
    longitude: 38.06395
    population: 11300
    dem: 140
    timezone: "Europe/Kiev"
  - name: "Mariupol"
    latitude: 47.09514
    longitude: 37.54131
    population: 481626
    dem: 65
    timezone: "Europe/Kiev"
  - name: "Maryinka"
    latitude: 47.94527
    longitude: 37.50544
    population: 9900
    dem: 139
    timezone: "Europe/Kiev"
  - name: "Makiyivka"
    latitude: 48.04782
    longitude: 37.92576
    population: 376610
    dem: 223
    timezone: "Europe/Kiev"
  - name: "Kurakhovo"
    latitude: 47.98522
    longitude: 37.2821
    population: 20700
    dem: 132
    timezone: "Europe/Kiev"
  - name: "Lyman"
    latitude: 48.98837
    longitude: 37.80225
    population: 28200
    dem: 101
    timezone: "Europe/Kiev"
  - name: "Pokrovsk"
    latitude: 48.28198
    longitude: 37.17585
    population: 68263
    dem: 199
    timezone: "Europe/Kiev"
  - name: "Kramatorsk"
    latitude: 48.72305
    longitude: 37.55629
    population: 173700
    dem: 74
    timezone: "Europe/Kiev"
  - name: "Kostyantynivka"
    latitude: 48.5277
    longitude: 37.7069
    population: 91259
    dem: 87
    timezone: "Europe/Kiev"
  - name: "Khartsyzk"
    latitude: 48.04243
    longitude: 38.14728
    population: 64000
    dem: 241
    timezone: "Europe/Kiev"
  - name: "Soledar"
    latitude: 48.67935
    longitude: 38.08902
    population: 12662
    dem: 82
    timezone: "Europe/Kiev"
  - name: "Ilovaysk"
    latitude: 47.92498
    longitude: 38.20235
    population: 17621
    dem: 194
    timezone: "Europe/Kiev"
  - name: "Horlivka"
    latitude: 48.33576
    longitude: 38.05325
    population: 278550
    dem: 282
    timezone: "Europe/Kiev"
  - name: "Toretsk"
    latitude: 48.39869
    longitude: 37.84787
    population: 41758
    dem: 200
    timezone: "Europe/Kiev"
  - name: "Donetsk"
    latitude: 48.023
    longitude: 37.80224
    population: 1024700
    dem: 223
    timezone: "Europe/Kiev"
  - name: "Dokuchayevsk"
    latitude: 47.75046
    longitude: 37.67936
    population: 23900
    dem: 158
    timezone: "Europe/Kiev"
  - name: "Dobropillya"
    latitude: 48.46147
    longitude: 37.08524
    population: 35977
    dem: 183
    timezone: "Europe/Kiev"
  - name: "Myrnohrad"
    latitude: 48.30523
    longitude: 37.26091
    population: 49646
    dem: 179
    timezone: "Europe/Kiev"
  - name: "Debaltseve"
    latitude: 48.34072
    longitude: 38.4049
    population: 30200
    dem: 323
    timezone: "Europe/Kiev"
  - name: "Chasiv Yar"
    latitude: 48.59348
    longitude: 37.85724
    population: 14360
    dem: 230
    timezone: "Europe/Kiev"
  - name: "Bilytske"
    latitude: 48.40642
    longitude: 37.18111
    population: 9718
    dem: 193
    timezone: "Europe/Kiev"
  - name: "Avdiyivka"
    latitude: 48.13989
    longitude: 37.74255
    population: 35826
    dem: 212
    timezone: "Europe/Kiev"
  - name: "Bakhmut"
    latitude: 48.59559
    longitude: 37.99987
    population: 80500
    dem: 102
    timezone: "Europe/Kiev"
  - name: "Amvrosiyivka"
    latitude: 47.79348
    longitude: 38.47768
    population: 21307
    dem: 141
    timezone: "Europe/Kiev"
- name: "Zaporizka Oblast"
  cities:
  - name: "Vasylivka"
    latitude: 47.43694
    longitude: 35.27417
    population: 15012
    dem: 39
    timezone: "Europe/Zaporozhye"
  - name: "Zaporizhia"
    latitude: 47.82289
    longitude: 35.19031
    population: 796217
    dem: 84
    timezone: "Europe/Zaporozhye"
  - name: "Vodyane"
    latitude: 47.48746
    longitude: 34.49235
    population: 5685
    dem: 20
    timezone: "Europe/Zaporozhye"
  - name: "Vesele"
    latitude: 47.01479
    longitude: 34.91504
    population: 10683
    dem: 76
    timezone: "Europe/Zaporozhye"
  - name: "Tokmak"
    latitude: 47.25522
    longitude: 35.71238
    population: 34926
    dem: 48
    timezone: "Europe/Zaporozhye"
  - name: "Prymorsk"
    latitude: 46.73479
    longitude: 36.34425
    population: 13900
    dem: 13
    timezone: "Europe/Zaporozhye"
  - name: "Polohy"
    latitude: 47.48444
    longitude: 36.25361
    population: 21380
    dem: 98
    timezone: "Europe/Zaporozhye"
  - name: "Orikhiv"
    latitude: 47.56731
    longitude: 35.78575
    population: 17287
    dem: 57
    timezone: "Europe/Zaporozhye"
  - name: "Novomykolayivka"
    latitude: 47.9781
    longitude: 35.9102
    population: 5568
    dem: 91
    timezone: "Europe/Zaporozhye"
  - name: "Mykhaylivka"
    latitude: 47.27235
    longitude: 35.22235
    population: 13216
    dem: 84
    timezone: "Europe/Zaporozhye"
  - name: "Melitopol"
    latitude: 46.84891
    longitude: 35.36533
    population: 158000
    dem: 37
    timezone: "Europe/Zaporozhye"
  - name: "Mala Bilozerka"
    latitude: 47.24737
    longitude: 34.93457
    population: 5717
    dem: 76
    timezone: "Europe/Zaporozhye"
  - name: "Kuybysheve"
    latitude: 47.358
    longitude: 36.64908
    population: 7832
    dem: 201
    timezone: "Europe/Zaporozhye"
  - name: "Kushuhum"
    latitude: 47.71278
    longitude: 35.20917
    population: 7475
    dem: 53
    timezone: "Europe/Zaporozhye"
  - name: "Kostyantynivka"
    latitude: 46.81673
    longitude: 35.42287
    population: 11540
    dem: 7
    timezone: "Europe/Zaporozhye"
  - name: "Komyshuvakha"
    latitude: 47.71598
    longitude: 35.52981
    population: 5231
    dem: 29
    timezone: "Europe/Zaporozhye"
  - name: "Hulyaypole"
    latitude: 47.66389
    longitude: 36.25633
    population: 16442
    dem: 112
    timezone: "Europe/Zaporozhye"
  - name: "Energodar"
    latitude: 47.49865
    longitude: 34.6574
    population: 55800
    dem: 29
    timezone: "Europe/Zaporozhye"
  - name: "Dniprorudne"
    latitude: 47.38169
    longitude: 34.97652
    population: 20271
    dem: 67
    timezone: "Europe/Zaporozhye"
  - name: "Berdyansk"
    latitude: 46.76644
    longitude: 36.79872
    population: 118284
    dem: 31
    timezone: "Europe/Zaporozhye"
  - name: "Balky"
    latitude: 47.38336
    longitude: 34.94396
    population: 5717
    dem: 73
    timezone: "Europe/Zaporozhye"
  - name: "Yakymivka"
    latitude: 46.69972
    longitude: 35.15916
    population: 12353
    dem: 19
    timezone: "Europe/Zaporozhye"
- name: "Khersonska Oblast"
  cities:
  - name: "Verkhniy Rohachyk"
    latitude: 47.25053
    longitude: 34.33797
    population: 6557
    dem: 54
    timezone: "Europe/Kiev"
  - name: "Velyki Kopani"
    latitude: 46.48684
    longitude: 32.97498
    population: 5464
    dem: 11
    timezone: "Europe/Kiev"
  - name: "Velyka Lepetykha"
    latitude: 47.17572
    longitude: 33.94362
    population: 9511
    dem: 46
    timezone: "Europe/Kiev"
  - name: "Velyka Oleksandrivka"
    latitude: 47.31969
    longitude: 33.30373
    population: 7281
    dem: 45
    timezone: "Europe/Kiev"
  - name: "Tsyurupynsk"
    latitude: 46.61842
    longitude: 32.7189
    population: 28800
    dem: 9
    timezone: "Europe/Kiev"
  - name: "Skadovsk"
    latitude: 46.1161
    longitude: 32.91124
    population: 19404
    dem: 6
    timezone: "Europe/Kiev"
  - name: "Novovorontsovka"
    latitude: 47.50035
    longitude: 33.91748
    population: 6847
    dem: 86
    timezone: "Europe/Kiev"
  - name: "Novofedorivka"
    latitude: 46.17128
    longitude: 32.31781
    population: 5620
    dem: 6
    timezone: "Europe/Kiev"
  - name: "Novooleksiyivka"
    latitude: 46.22472
    longitude: 34.64031
    population: 9852
    dem: 20
    timezone: "Europe/Kiev"
  - name: "Nova Mayachka"
    latitude: 46.59996
    longitude: 33.22707
    population: 7238
    dem: 13
    timezone: "Europe/Kiev"
  - name: "Nova Kakhovka"
    latitude: 46.75451
    longitude: 33.34864
    population: 50672
    dem: 15
    timezone: "Europe/Kiev"
  - name: "Nyzhni Sirohozy"
    latitude: 46.84842
    longitude: 34.38044
    population: 5797
    dem: 47
    timezone: "Europe/Kiev"
  - name: "Lyubymivka"
    latitude: 46.81063
    longitude: 33.56862
    population: 5786
    dem: 60
    timezone: "Europe/Kiev"
  - name: "Kherson"
    latitude: 46.65581
    longitude: 32.6178
    population: 320477
    dem: 51
    timezone: "Europe/Kiev"
  - name: "Komyshany"
    latitude: 46.63716
    longitude: 32.50719
    population: 6978
    dem: 23
    timezone: "Europe/Kiev"
  - name: "Kalanchak"
    latitude: 46.25623
    longitude: 33.2907
    population: 10673
    dem: 9
    timezone: "Europe/Kiev"
  - name: "Kakhovka"
    latitude: 46.81371
    longitude: 33.48698
    population: 36816
    dem: 29
    timezone: "Europe/Kiev"
  - name: "Ivanivka"
    latitude: 46.72082
    longitude: 34.55298
    population: 5036
    dem: 37
    timezone: "Europe/Kiev"
  - name: "Hornostayivka"
    latitude: 47.00777
    longitude: 33.72899
    population: 6762
    dem: 59
    timezone: "Europe/Kiev"
  - name: "Hola Prystan"
    latitude: 46.52719
    longitude: 32.52417
    population: 16102
    dem: 0
    timezone: "Europe/Kiev"
  - name: "Henichesk"
    latitude: 46.17592
    longitude: 34.8034
    population: 21663
    dem: 11
    timezone: "Europe/Kiev"
  - name: "Chornobayivka"
    latitude: 46.69411
    longitude: 32.55371
    population: 8954
    dem: 19
    timezone: "Europe/Kiev"
  - name: "Chaplynka"
    latitude: 46.36507
    longitude: 33.54027
    population: 10224
    dem: 19
    timezone: "Europe/Kiev"
  - name: "Beryslav"
    latitude: 46.84152
    longitude: 33.42838
    population: 14880
    dem: 45
    timezone: "Europe/Kiev"
  - name: "Bilozerka"
    latitude: 46.6248
    longitude: 32.44251
    population: 9348
    dem: 18
    timezone: "Europe/Kiev"
