---
name: "Uruguay"
iso: "UY"
iso3: "URY"
code: "858"
capital: "Montevideo"
area: 176220.0
population: 3477000
continent: "SA"
currencyCode: "UYU"
currencyName: "Peso"
phone: "598"
postalCodeFormat: "#####"
postalCodeRegex: "^(\\d{5})$"
languages: "es-UY"
neighbours: "BR,AR"
regions:
- name: "Departamento de Montevideo"
  cities:
  - name: "Montevideo"
    latitude: -34.90328
    longitude: -56.18816
    population: 1270737
    dem: 34
    timezone: "America/Montevideo"
- name: "Departamento de Treinta y Tres"
  cities:
  - name: "Treinta y Tres"
    latitude: -33.23333
    longitude: -54.38333
    population: 25653
    dem: 52
    timezone: "America/Montevideo"
- name: "Departamento de Colonia"
  cities:
  - name: "Tarariras"
    latitude: -34.26555
    longitude: -57.61866
    population: 6069
    dem: 92
    timezone: "America/Montevideo"
  - name: "Rosario"
    latitude: -34.31667
    longitude: -57.35
    population: 9308
    dem: 26
    timezone: "America/Montevideo"
  - name: "Nueva Palmira"
    latitude: -33.87031
    longitude: -58.41176
    population: 9335
    dem: 8
    timezone: "America/Montevideo"
  - name: "Nueva Helvecia"
    latitude: -34.3
    longitude: -57.23333
    population: 10054
    dem: 52
    timezone: "America/Montevideo"
  - name: "Juan L. Lacaze"
    latitude: -34.41888
    longitude: -57.45285
    population: 13223
    dem: 15
    timezone: "America/Montevideo"
  - name: "Colonia del Sacramento"
    latitude: -34.46262
    longitude: -57.83976
    population: 21714
    dem: 30
    timezone: "America/Montevideo"
  - name: "Carmelo"
    latitude: -34.00023
    longitude: -58.28402
    population: 16921
    dem: 13
    timezone: "America/Montevideo"
- name: "Departamento de Tacuarembo"
  cities:
  - name: "Tacuarembo"
    latitude: -31.71694
    longitude: -55.98111
    population: 51854
    dem: 135
    timezone: "America/Montevideo"
  - name: "Paso de los Toros"
    latitude: -32.81667
    longitude: -56.51667
    population: 13221
    dem: 57
    timezone: "America/Montevideo"
- name: "Departamento de Flores"
  cities:
  - name: "Trinidad"
    latitude: -33.5165
    longitude: -56.89957
    population: 21429
    dem: 142
    timezone: "America/Montevideo"
- name: "Departamento de Rio Negro"
  cities:
  - name: "Young"
    latitude: -32.69844
    longitude: -57.62693
    population: 15924
    dem: 86
    timezone: "America/Montevideo"
  - name: "Fray Bentos"
    latitude: -33.11651
    longitude: -58.31067
    population: 23279
    dem: 17
    timezone: "America/Montevideo"
- name: "Departamento de Maldonado"
  cities:
  - name: "San Carlos"
    latitude: -34.79123
    longitude: -54.91824
    population: 24938
    dem: 28
    timezone: "America/Montevideo"
  - name: "Punta del Este"
    latitude: -34.94747
    longitude: -54.93382
    population: 7234
    dem: 15
    timezone: "America/Montevideo"
  - name: "Piriapolis"
    latitude: -34.86287
    longitude: -55.27471
    population: 7968
    elevation: 0
    dem: 17
    timezone: "America/Montevideo"
  - name: "Pan de Azucar"
    latitude: -34.7787
    longitude: -55.23582
    population: 7180
    dem: 22
    timezone: "America/Montevideo"
  - name: "Maldonado"
    latitude: -34.9
    longitude: -54.95
    population: 55478
    dem: 30
    timezone: "America/Montevideo"
- name: "Departamento de Salto"
  cities:
  - name: "Salto"
    latitude: -31.38333
    longitude: -57.96667
    population: 99823
    dem: 18
    timezone: "America/Montevideo"
- name: "Departamento de Cerro Largo"
  cities:
  - name: "Rio Branco"
    latitude: -32.59802
    longitude: -53.38583
    population: 13567
    dem: 9
    timezone: "America/Montevideo"
  - name: "Melo"
    latitude: -32.37028
    longitude: -54.1675
    population: 51023
    dem: 115
    timezone: "America/Montevideo"
- name: "Departamento de Soriano"
  cities:
  - name: "Mercedes"
    latitude: -33.2524
    longitude: -58.03047
    population: 42359
    dem: 29
    timezone: "America/Montevideo"
  - name: "Dolores"
    latitude: -33.53009
    longitude: -58.21701
    population: 15880
    dem: 22
    timezone: "America/Montevideo"
- name: "Departamento de Canelones"
  cities:
  - name: "Sauce"
    latitude: -34.65191
    longitude: -56.06431
    population: 5910
    dem: 52
    timezone: "America/Montevideo"
  - name: "Santa Lucia"
    latitude: -34.45333
    longitude: -56.39056
    population: 16438
    dem: 24
    timezone: "America/Montevideo"
  - name: "San Ramon"
    latitude: -34.29155
    longitude: -55.95571
    population: 7008
    dem: 44
    timezone: "America/Montevideo"
  - name: "Progreso"
    latitude: -34.66737
    longitude: -56.21758
    population: 15973
    dem: 56
    timezone: "America/Montevideo"
  - name: "Paso de Carrasco"
    latitude: -34.86028
    longitude: -56.05222
    population: 15393
    dem: 9
    timezone: "America/Montevideo"
  - name: "Pando"
    latitude: -34.71716
    longitude: -55.9584
    population: 24047
    dem: 23
    timezone: "America/Montevideo"
  - name: "Las Piedras"
    latitude: -34.7302
    longitude: -56.21915
    population: 69682
    dem: 72
    timezone: "America/Montevideo"
  - name: "La Paz"
    latitude: -34.76031
    longitude: -56.2259
    population: 19913
    dem: 57
    timezone: "America/Montevideo"
  - name: "Joaquin Suarez"
    latitude: -34.73501
    longitude: -56.0347
    population: 6257
    dem: 58
    timezone: "America/Montevideo"
  - name: "Canelones"
    latitude: -34.52278
    longitude: -56.27778
    population: 19698
    dem: 18
    timezone: "America/Montevideo"
  - name: "Colonia Nicolich"
    latitude: -34.81516
    longitude: -56.02435
    population: 8902
    dem: 16
    timezone: "America/Montevideo"
  - name: "Barros Blancos"
    latitude: -34.7524
    longitude: -56.00259
    population: 31650
    dem: 34
    timezone: "America/Montevideo"
- name: "Departamento de Durazno"
  cities:
  - name: "Sarandi del Yi"
    latitude: -33.35
    longitude: -55.63333
    population: 7367
    dem: 126
    timezone: "America/Montevideo"
  - name: "Durazno"
    latitude: -33.38056
    longitude: -56.52361
    population: 33926
    dem: 93
    timezone: "America/Montevideo"
- name: "Departamento de Paysandu"
  cities:
  - name: "Paysandu"
    latitude: -32.3171
    longitude: -58.08072
    population: 73249
    dem: 50
    timezone: "America/Montevideo"
  - name: "Guichon"
    latitude: -32.35846
    longitude: -57.19778
    population: 5051
    dem: 94
    timezone: "America/Montevideo"
- name: "Departamento de Rocha"
  cities:
  - name: "Rocha"
    latitude: -34.48333
    longitude: -54.33333
    population: 25515
    dem: 30
    timezone: "America/Montevideo"
  - name: "Lascano"
    latitude: -33.67235
    longitude: -54.2065
    population: 6976
    dem: 45
    timezone: "America/Montevideo"
  - name: "Chui"
    latitude: -33.69792
    longitude: -53.45926
    population: 10485
    dem: 16
    timezone: "America/Montevideo"
  - name: "Castillos"
    latitude: -34.19871
    longitude: -53.85919
    population: 7686
    dem: 33
    timezone: "America/Montevideo"
- name: "Departamento de Lavalleja"
  cities:
  - name: "Minas"
    latitude: -34.37589
    longitude: -55.23771
    population: 38025
    dem: 134
    timezone: "America/Montevideo"
  - name: "Jose Pedro Varela"
    latitude: -33.45451
    longitude: -54.53586
    population: 5388
    dem: 72
    timezone: "America/Montevideo"
- name: "Departamento de Rivera"
  cities:
  - name: "Tranqueras"
    latitude: -31.2
    longitude: -55.75
    population: 7474
    dem: 187
    timezone: "America/Montevideo"
  - name: "Rivera"
    latitude: -30.90534
    longitude: -55.55076
    population: 64631
    dem: 194
    timezone: "America/Montevideo"
- name: "Departamento de Florida"
  cities:
  - name: "Sarandi Grande"
    latitude: -33.73333
    longitude: -56.33333
    population: 6441
    dem: 132
    timezone: "America/Montevideo"
  - name: "Florida"
    latitude: -34.09556
    longitude: -56.21417
    population: 32234
    dem: 74
    timezone: "America/Montevideo"
- name: "Departamento de San Jose"
  cities:
  - name: "San Jose de Mayo"
    latitude: -34.3375
    longitude: -56.71361
    population: 36529
    dem: 52
    timezone: "America/Montevideo"
  - name: "Libertad"
    latitude: -34.63459
    longitude: -56.61739
    population: 9311
    dem: 40
    timezone: "America/Montevideo"
  - name: "Delta del Tigre"
    latitude: -34.76488
    longitude: -56.3645
    population: 17973
    dem: 5
    timezone: "America/Montevideo"
- name: "Departamento de Artigas"
  cities:
  - name: "Bella Union"
    latitude: -30.25966
    longitude: -57.59919
    population: 13171
    dem: 53
    timezone: "America/Montevideo"
  - name: "Artigas"
    latitude: -30.4
    longitude: -56.46667
    population: 41909
    dem: 113
    timezone: "America/Montevideo"
