---
name: "Venezuela"
iso: "VE"
iso3: "VEN"
code: "862"
capital: "Caracas"
area: 912050.0
population: 27223228
continent: "SA"
currencyCode: "VES"
currencyName: "Bolivar Soberano"
phone: "58"
postalCodeFormat: "####"
postalCodeRegex: "^(\\d{4})$"
languages: "es-VE"
neighbours: "GY,BR,CO"
regions:
- name: "Estado Merida"
  cities:
  - name: "Mucumpiz"
    latitude: 8.41667
    longitude: -71.13333
    population: 215259
    dem: 2236
    timezone: "America/Caracas"
  - name: "Merida"
    latitude: 8.58972
    longitude: -71.15611
    population: 300000
    dem: 1544
    timezone: "America/Caracas"
  - name: "El Vigia"
    latitude: 8.6135
    longitude: -71.65702
    population: 59092
    dem: 161
    timezone: "America/Caracas"
  - name: "Ejido"
    latitude: 8.54665
    longitude: -71.24087
    population: 106915
    dem: 1143
    timezone: "America/Caracas"
- name: "Estado Tachira"
  cities:
  - name: "Tariba"
    latitude: 7.8188
    longitude: -72.22427
    population: 27432
    dem: 885
    timezone: "America/Caracas"
  - name: "Colon"
    latitude: 8.03125
    longitude: -72.26053
    population: 38233
    dem: 805
    timezone: "America/Caracas"
  - name: "San Cristobal"
    latitude: 7.76694
    longitude: -72.225
    population: 246583
    dem: 899
    timezone: "America/Caracas"
  - name: "San Antonio del Tachira"
    latitude: 7.81454
    longitude: -72.4431
    population: 32458
    dem: 430
    timezone: "America/Caracas"
  - name: "Rubio"
    latitude: 7.70131
    longitude: -72.35569
    population: 51568
    dem: 833
    timezone: "America/Caracas"
  - name: "La Fria"
    latitude: 8.21523
    longitude: -72.24888
    population: 27077
    dem: 119
    timezone: "America/Caracas"
- name: "Estado Cojedes"
  cities:
  - name: "Tinaquillo"
    latitude: 9.91861
    longitude: -68.30472
    population: 82145
    dem: 429
    timezone: "America/Caracas"
  - name: "San Carlos"
    latitude: 9.66124
    longitude: -68.58268
    population: 77192
    dem: 156
    timezone: "America/Caracas"
- name: "Estado Nueva Esparta"
  cities:
  - name: "La Asuncion"
    latitude: 11.03333
    longitude: -63.86278
    population: 35084
    dem: 42
    timezone: "America/Caracas"
  - name: "Porlamar"
    latitude: 10.95771
    longitude: -63.86971
    population: 87120
    dem: 22
    timezone: "America/Caracas"
  - name: "Juan Griego"
    latitude: 11.08172
    longitude: -63.96549
    population: 28256
    dem: 5
    timezone: "America/Caracas"
- name: "Estado Anzoategui"
  cities:
  - name: "Anaco"
    latitude: 9.42958
    longitude: -64.46428
    population: 117596
    dem: 208
    timezone: "America/Caracas"
  - name: "San Jose de Guanipa"
    latitude: 8.88724
    longitude: -64.16512
    population: 62128
    dem: 261
    timezone: "America/Caracas"
  - name: "Puerto La Cruz"
    latitude: 10.21382
    longitude: -64.6328
    population: 370000
    dem: 40
    timezone: "America/Caracas"
  - name: "El Tigre"
    latitude: 8.88902
    longitude: -64.2527
    population: 150999
    dem: 276
    timezone: "America/Caracas"
  - name: "Cantaura"
    latitude: 9.30571
    longitude: -64.35841
    population: 33040
    dem: 263
    timezone: "America/Caracas"
  - name: "Barcelona"
    latitude: 10.13625
    longitude: -64.68618
    population: 424795
    dem: 8
    timezone: "America/Caracas"
- name: "Estado Zulia"
  cities:
  - name: "Santa Rita"
    latitude: 10.53642
    longitude: -71.51104
    population: 31810
    dem: 9
    timezone: "America/Caracas"
  - name: "San Carlos del Zulia"
    latitude: 9.00098
    longitude: -71.92683
    population: 56582
    dem: 4
    timezone: "America/Caracas"
  - name: "La Villa del Rosario"
    latitude: 10.3258
    longitude: -72.31343
    population: 65011
    dem: 83
    timezone: "America/Caracas"
  - name: "Maracaibo"
    latitude: 10.66663
    longitude: -71.61245
    population: 2225000
    dem: 40
    timezone: "America/Caracas"
  - name: "Machiques"
    latitude: 10.06077
    longitude: -72.55212
    population: 62968
    dem: 99
    timezone: "America/Caracas"
  - name: "Lagunillas"
    latitude: 10.13008
    longitude: -71.25946
    population: 44257
    dem: -4
    timezone: "America/Caracas"
  - name: "Cabimas"
    latitude: 10.39907
    longitude: -71.45206
    population: 200818
    dem: 5
    timezone: "America/Caracas"
- name: "Estado Barinas"
  cities:
  - name: "Alto Barinas"
    latitude: 8.5931
    longitude: -70.2261
    population: 284289
    dem: 194
    timezone: "America/Caracas"
  - name: "Barinitas"
    latitude: 8.76171
    longitude: -70.41199
    population: 34397
    dem: 463
    timezone: "America/Caracas"
  - name: "Barinas"
    latitude: 8.62261
    longitude: -70.20749
    population: 353442
    dem: 187
    timezone: "America/Caracas"
- name: "Estado Yaracuy"
  cities:
  - name: "Yaritagua"
    latitude: 10.08081
    longitude: -69.1242
    population: 89662
    dem: 516
    timezone: "America/Caracas"
  - name: "San Felipe"
    latitude: 10.33991
    longitude: -68.74247
    population: 76766
    dem: 287
    timezone: "America/Caracas"
  - name: "Nirgua"
    latitude: 10.15039
    longitude: -68.56478
    population: 30188
    dem: 874
    timezone: "America/Caracas"
  - name: "Chivacoa"
    latitude: 10.15951
    longitude: -68.89453
    population: 45904
    dem: 305
    timezone: "America/Caracas"
- name: "Estado Monagas"
  cities:
  - name: "Maturin"
    latitude: 9.74569
    longitude: -63.18323
    population: 410972
    dem: 71
    timezone: "America/Caracas"
- name: "Estado Aragua"
  cities:
  - name: "Villa de Cura"
    latitude: 10.03863
    longitude: -67.48938
    population: 76614
    dem: 523
    timezone: "America/Caracas"
  - name: "Turmero"
    latitude: 10.22856
    longitude: -67.47421
    population: 344700
    dem: 475
    timezone: "America/Caracas"
  - name: "San Mateo"
    latitude: 10.21302
    longitude: -67.42365
    population: 50401
    dem: 497
    timezone: "America/Caracas"
  - name: "Palo Negro"
    latitude: 10.17389
    longitude: -67.54194
    population: 128875
    dem: 437
    timezone: "America/Caracas"
  - name: "Maracay"
    latitude: 10.23535
    longitude: -67.59113
    population: 1754256
    dem: 443
    timezone: "America/Caracas"
  - name: "La Victoria"
    latitude: 10.22677
    longitude: -67.33122
    population: 87045
    dem: 612
    timezone: "America/Caracas"
  - name: "Las Tejerias"
    latitude: 10.25416
    longitude: -67.17333
    population: 33320
    dem: 581
    timezone: "America/Caracas"
  - name: "El Limon"
    latitude: 10.30589
    longitude: -67.63212
    population: 148247
    dem: 492
    timezone: "America/Caracas"
  - name: "Cagua"
    latitude: 10.18634
    longitude: -67.45935
    population: 119033
    dem: 465
    timezone: "America/Caracas"
- name: "Distrito Capital"
  cities:
  - name: "Caracas"
    latitude: 10.48801
    longitude: -66.87919
    population: 3000000
    dem: 887
    timezone: "America/Caracas"
- name: "Estado Sucre"
  cities:
  - name: "Gueiria"
    latitude: 10.57721
    longitude: -62.29841
    population: 40000
    dem: -9999
    timezone: "America/Caracas"
  - name: "Cumana"
    latitude: 10.45397
    longitude: -64.18256
    population: 257783
    dem: 4
    timezone: "America/Caracas"
  - name: "Carupano"
    latitude: 10.66516
    longitude: -63.25387
    population: 112082
    dem: 15
    timezone: "America/Caracas"
- name: "Estado Lara"
  cities:
  - name: "Quibor"
    latitude: 9.92866
    longitude: -69.6201
    population: 41526
    dem: 695
    timezone: "America/Caracas"
  - name: "Los Rastrojos"
    latitude: 10.02588
    longitude: -69.24166
    population: 34636
    dem: 446
    timezone: "America/Caracas"
  - name: "El Tocuyo"
    latitude: 9.78709
    longitude: -69.79294
    population: 53099
    dem: 616
    timezone: "America/Caracas"
  - name: "Carora"
    latitude: 10.17283
    longitude: -70.081
    population: 93788
    dem: 539
    timezone: "America/Caracas"
  - name: "Barquisimeto"
    latitude: 10.0647
    longitude: -69.35703
    population: 809490
    dem: 606
    timezone: "America/Caracas"
- name: "Estado Carabobo"
  cities:
  - name: "Valencia"
    latitude: 10.16202
    longitude: -68.00765
    population: 1385083
    dem: 457
    timezone: "America/Caracas"
  - name: "San Joaquin"
    latitude: 10.26061
    longitude: -67.79348
    population: 41630
    dem: 533
    timezone: "America/Caracas"
  - name: "Puerto Cabello"
    latitude: 10.47306
    longitude: -68.0125
    population: 174000
    dem: 49
    timezone: "America/Caracas"
  - name: "Moron"
    latitude: 10.48715
    longitude: -68.20078
    population: 44308
    dem: 19
    timezone: "America/Caracas"
  - name: "Mariara"
    latitude: 10.29532
    longitude: -67.7177
    population: 105486
    dem: 582
    timezone: "America/Caracas"
  - name: "Guigue"
    latitude: 10.08344
    longitude: -67.77799
    population: 71530
    dem: 590
    timezone: "America/Caracas"
  - name: "Guacara"
    latitude: 10.22609
    longitude: -67.877
    population: 151752
    dem: 442
    timezone: "America/Caracas"
  - name: "Tacarigua"
    latitude: 10.08621
    longitude: -67.91982
    population: 39205
    dem: 427
    timezone: "America/Caracas"
- name: "Estado Amazonas"
  cities:
  - name: "Puerto Ayacucho"
    latitude: 5.66049
    longitude: -67.58343
    population: 52526
    dem: 84
    timezone: "America/Caracas"
- name: "Miranda"
  cities:
  - name: "Santa Teresa del Tuy"
    latitude: 10.23291
    longitude: -66.66474
    population: 278890
    dem: 135
    timezone: "America/Caracas"
  - name: "San Antonio de Los Altos"
    latitude: 10.38853
    longitude: -66.95179
    population: 63873
    dem: 1396
    timezone: "America/Caracas"
  - name: "Petare"
    latitude: 10.47679
    longitude: -66.80786
    population: 364684
    dem: 914
    timezone: "America/Caracas"
  - name: "Ocumare del Tuy"
    latitude: 10.1182
    longitude: -66.77513
    population: 166072
    dem: 184
    timezone: "America/Caracas"
  - name: "Los Teques"
    latitude: 10.34447
    longitude: -67.04325
    population: 140617
    dem: 1185
    timezone: "America/Caracas"
  - name: "Los Dos Caminos"
    latitude: 10.49389
    longitude: -66.82863
    population: 58168
    dem: 876
    timezone: "America/Caracas"
  - name: "Guatire"
    latitude: 10.474
    longitude: -66.54241
    population: 191903
    dem: 368
    timezone: "America/Caracas"
  - name: "Guarenas"
    latitude: 10.47027
    longitude: -66.61934
    population: 181612
    dem: 523
    timezone: "America/Caracas"
  - name: "El Hatillo"
    latitude: 10.42411
    longitude: -66.82581
    population: 57591
    dem: 1222
    timezone: "America/Caracas"
  - name: "Cua"
    latitude: 10.16245
    longitude: -66.88248
    population: 182558
    dem: 235
    timezone: "America/Caracas"
  - name: "Charallave"
    latitude: 10.24247
    longitude: -66.85723
    population: 129182
    dem: 311
    timezone: "America/Caracas"
  - name: "Chacao"
    latitude: 10.49581
    longitude: -66.85367
    population: 64609
    dem: 887
    timezone: "America/Caracas"
  - name: "Caucaguito"
    latitude: 10.48666
    longitude: -66.73799
    population: 52556
    dem: 707
    timezone: "America/Caracas"
  - name: "Carrizal"
    latitude: 10.34985
    longitude: -66.98632
    population: 40618
    dem: 1341
    timezone: "America/Caracas"
  - name: "Baruta"
    latitude: 10.43424
    longitude: -66.87558
    population: 244216
    dem: 1139
    timezone: "America/Caracas"
  - name: "El Cafetal"
    latitude: 10.46541
    longitude: -66.82951
    population: 80029
    dem: 882
    timezone: "America/Caracas"
  - name: "Caucaguita"
    latitude: 10.35782
    longitude: -66.80252
    population: 59000
    dem: 1003
    timezone: "America/Caracas"
  - name: "La Dolorita"
    latitude: 10.4883
    longitude: -66.78608
    population: 56846
    dem: 1034
    timezone: "America/Caracas"
- name: "Delta Amacuro"
  cities:
  - name: "Tucupita"
    latitude: 9.05806
    longitude: -62.05
    population: 51534
    dem: 9
    timezone: "America/Caracas"
- name: "Estado Trujillo"
  cities:
  - name: "Valera"
    latitude: 9.31778
    longitude: -70.60361
    population: 93756
    dem: 524
    timezone: "America/Caracas"
  - name: "Trujillo"
    latitude: 9.36583
    longitude: -70.43694
    population: 38110
    dem: 795
    timezone: "America/Caracas"
- name: "Dependencias Federales"
- name: "Estado Portuguesa"
  cities:
  - name: "Villa Bruzual"
    latitude: 9.33186
    longitude: -69.11968
    population: 27993
    dem: 122
    timezone: "America/Caracas"
  - name: "Guanare"
    latitude: 9.04183
    longitude: -69.74206
    population: 112286
    dem: 164
    timezone: "America/Caracas"
  - name: "Araure"
    latitude: 9.58144
    longitude: -69.23851
    population: 73054
    dem: 217
    timezone: "America/Caracas"
  - name: "Acarigua"
    latitude: 9.55451
    longitude: -69.19564
    population: 143704
    dem: 189
    timezone: "America/Caracas"
- name: "Estado Apure"
  cities:
  - name: "Guasdualito"
    latitude: 7.24241
    longitude: -70.73235
    population: 30860
    dem: 130
    timezone: "America/Caracas"
  - name: "San Fernando de Apure"
    latitude: 7.88782
    longitude: -67.47236
    population: 78779
    dem: 51
    timezone: "America/Caracas"
- name: "Estado Guarico"
  cities:
  - name: "Zaraza"
    latitude: 9.35029
    longitude: -65.32452
    population: 41483
    dem: 80
    timezone: "America/Caracas"
  - name: "Valle de La Pascua"
    latitude: 9.21554
    longitude: -66.00734
    population: 89080
    dem: 189
    timezone: "America/Caracas"
  - name: "San Juan de los Morros"
    latitude: 9.91152
    longitude: -67.35381
    population: 87739
    dem: 433
    timezone: "America/Caracas"
  - name: "Calabozo"
    latitude: 8.92416
    longitude: -67.42929
    population: 117132
    dem: 103
    timezone: "America/Caracas"
  - name: "Altagracia de Orituco"
    latitude: 9.86005
    longitude: -66.38139
    population: 40052
    dem: 352
    timezone: "America/Caracas"
- name: "Estado Bolivar"
  cities:
  - name: "Upata"
    latitude: 8.0162
    longitude: -62.40561
    population: 53685
    dem: 322
    timezone: "America/Caracas"
  - name: "Santa Elena de Uairen"
    latitude: 4.60226
    longitude: -61.11025
    population: 29795
    dem: 868
    timezone: "America/Caracas"
  - name: "Ciudad Guayana"
    latitude: 8.35122
    longitude: -62.64102
    population: 746535
    dem: 103
    timezone: "America/Caracas"
  - name: "Ciudad Bolivar"
    latitude: 8.12923
    longitude: -63.54086
    population: 338000
    dem: 45
    timezone: "America/Caracas"
- name: "Estado Vargas"
  cities:
  - name: "Maiquetia"
    latitude: 10.5945
    longitude: -66.95624
    population: 52564
    dem: 83
    timezone: "America/Caracas"
  - name: "La Guaira"
    latitude: 10.60156
    longitude: -66.93293
    population: 25259
    dem: 58
    timezone: "America/Caracas"
  - name: "Catia La Mar"
    latitude: 10.60545
    longitude: -67.03238
    population: 106822
    dem: 37
    timezone: "America/Caracas"
  - name: "Caraballeda"
    latitude: 10.61216
    longitude: -66.85192
    population: 37824
    dem: 59
    timezone: "America/Caracas"
- name: "Estado Falcon"
  cities:
  - name: "Tucacas"
    latitude: 10.79006
    longitude: -68.32564
    population: 12500
    dem: 3
    timezone: "America/Caracas"
  - name: "Punto Fijo"
    latitude: 11.69152
    longitude: -70.19918
    population: 131784
    dem: 5
    timezone: "America/Caracas"
  - name: "Punta Cardon"
    latitude: 11.65806
    longitude: -70.215
    population: 58926
    dem: 34
    timezone: "America/Caracas"
  - name: "Coro"
    latitude: 11.4045
    longitude: -69.67344
    population: 195227
    dem: 27
    timezone: "America/Caracas"
  - name: "Chichiriviche"
    latitude: 10.92872
    longitude: -68.27283
    population: 12500
    dem: -9999
    timezone: "America/Caracas"
